INSERT INTO Autor (idAutor, Nombre) VALUES ('00000001V', 'VICTOR_GUIRADO_OSORIO');
INSERT INTO Autor (idAutor, Nombre) VALUES ('00000001S', 'SUSANA_ROCIO_FERNANDEZ_GIACCOMASSI');
INSERT INTO Autor (idAutor, Nombre) VALUES ('00000001P', 'PABLO_BERMUDEZ_GAMEZ');
INSERT INTO Autor (idAutor, Nombre) VALUES ('00000002P', 'PABLO_MORENO_GARCIA-ESPINA');
INSERT INTO Autor (idAutor, Nombre) VALUES ('00000001I', 'ISMAEL_NAVAS_DELGADO');
INSERT INTO Autor (idAutor, Nombre) VALUES ('00000002S', 'SANDRO_JOSE_HURTADO_REQUENA');
INSERT INTO Autor (idAutor, Nombre) VALUES ('11111111', 'PEDRO SANCHEZ');
INSERT INTO Articulo (Nombre, Fecha, Enfermedad_idEnfermedad) VALUES ('Se descubre nueva proteína', '2004-09-22 04:47:57', 'GRCh38/hg38 19p13.3-13.2(chr19:1972245-9648879)x3');
INSERT INTO Articulo (Nombre, Fecha, Enfermedad_idEnfermedad) VALUES ('Se descubre nueva proteína', '2021-08-11 18:58:56', 'GRCh38/hg38 21p11.2-q22.3(chr21:7749532-46670405)x3');
INSERT INTO Articulo (Nombre, Fecha, Enfermedad_idEnfermedad) VALUES ('No queda nada por descubrir', '2019-01-07 03:35:04', 'NC_000019.10:g.(?_7112255)_(7249328_?)del');
INSERT INTO Articulo (Nombre, Fecha, Enfermedad_idEnfermedad) VALUES ('Se descubre nueva proteína', '2000-03-02 07:13:34', 'NM_004969.4(IDE):c.2932A>G (p.Ile978Val)');
INSERT INTO Articulo (Nombre, Fecha, Enfermedad_idEnfermedad) VALUES ('Se descubre nueva proteína', '2018-03-05 16:22:06', 'NM_004969.4(IDE):c.2890G>T (p.Asp964Tyr)');
INSERT INTO Articulo (Nombre, Fecha, Enfermedad_idEnfermedad) VALUES ('No queda nada por descubrir', '2022-11-23 20:39:46', 'GRCh37/hg19 10q11.21-26.3(chr10:42347406-135534747)x1');
INSERT INTO Articulo (Nombre, Fecha, Enfermedad_idEnfermedad) VALUES ('La peor enfermedad del mundo', '2009-04-15 21:14:59', 'NM_000208.3(INSR):c.*4802C>T');
INSERT INTO Articulo (Nombre, Fecha, Enfermedad_idEnfermedad) VALUES ('Se descubre nueva proteína', '2002-02-27 23:57:18', 'NM_004969.4(IDE):c.2932A>G (p.Ile978Val)');
INSERT INTO Articulo (Nombre, Fecha, Enfermedad_idEnfermedad) VALUES ('La mejor enfermedad del mundo', '2009-09-25 09:59:08', 'NM_004969.4(IDE):c.2779T>C (p.Tyr927His)');
INSERT INTO Articulo (Nombre, Fecha, Enfermedad_idEnfermedad) VALUES ('La peor enfermedad del mundo', '2014-07-29 14:52:51', 'NM_004969.4(IDE):c.2866G>A (p.Val956Ile)');
INSERT INTO Articulo (Nombre, Fecha, Enfermedad_idEnfermedad) VALUES ('Se descubre nueva proteína', '2008-11-12 23:47:23', 'GRCh38/hg38 21p11.2-q22.3(chr21:7749532-46670405)x3');
INSERT INTO Articulo (Nombre, Fecha, Enfermedad_idEnfermedad) VALUES ('Se descubre nueva proteína', '2020-02-10 18:53:41', 'NM_004969.4(IDE):c.2890G>T (p.Asp964Tyr)');
INSERT INTO Articulo (Nombre, Fecha, Enfermedad_idEnfermedad) VALUES ('No queda nada por descubrir', '2011-03-21 11:46:02', 'NM_004969.4(IDE):c.2890G>T (p.Asp964Tyr)');
INSERT INTO Articulo (Nombre, Fecha, Enfermedad_idEnfermedad) VALUES ('La peor enfermedad del mundo', '2002-03-16 04:47:14', 'GRCh38/hg38 21p11.2-q22.3(chr21:7749532-46670405)x3');
INSERT INTO Articulo (Nombre, Fecha, Enfermedad_idEnfermedad) VALUES ('Se descubre nueva proteína', '2007-09-05 11:00:07', 'NM_004969.4(IDE):c.2890G>T (p.Asp964Tyr)');
INSERT INTO Articulo (Nombre, Fecha, Enfermedad_idEnfermedad) VALUES ('No queda nada por descubrir', '2021-03-14 10:00:03', 'GRCh38/hg38 19p13.3-13.2(chr19:1972245-9648879)x3');
INSERT INTO Articulo (Nombre, Fecha, Enfermedad_idEnfermedad) VALUES ('Se descubre nueva proteína', '2015-07-27 18:50:29', 'GRCh38/hg38 21p11.2-q22.3(chr21:7749532-46670405)x3');
INSERT INTO Articulo (Nombre, Fecha, Enfermedad_idEnfermedad) VALUES ('No queda nada por descubrir', '2022-02-09 20:36:20', 'NM_004969.4(IDE):c.2866G>A (p.Val956Ile)');
INSERT INTO Articulo (Nombre, Fecha, Enfermedad_idEnfermedad) VALUES ('La mejor enfermedad del mundo', '2016-02-09 11:28:19', 'NC_000019.10:g.(?_7112255)_(7249328_?)del');
INSERT INTO Articulo (Nombre, Fecha, Enfermedad_idEnfermedad) VALUES ('Se descubre nueva proteína', '2014-06-11 14:47:00', 'NM_004969.4(IDE):c.2932A>G (p.Ile978Val)');
INSERT INTO Articulo (Nombre, Fecha, Enfermedad_idEnfermedad) VALUES ('No queda nada por descubrir', '2020-03-26 07:00:46', 'NC_000019.10:g.(?_7112255)_(7249328_?)del');
INSERT INTO Articulo (Nombre, Fecha, Enfermedad_idEnfermedad) VALUES ('La peor enfermedad del mundo', '2000-09-26 20:47:44', 'GRCh37/hg19 10q11.21-26.3(chr10:42347406-135534747)x1');
INSERT INTO Articulo (Nombre, Fecha, Enfermedad_idEnfermedad) VALUES ('La mejor enfermedad del mundo', '2017-12-30 02:17:05', 'NM_004969.4(IDE):c.2779T>C (p.Tyr927His)');
INSERT INTO Articulo (Nombre, Fecha, Enfermedad_idEnfermedad) VALUES ('La mejor enfermedad del mundo', '2015-05-02 03:57:47', 'GRCh38/hg38 21q11.2-22.3(chr21:7749532-46677460)x3');
INSERT INTO Articulo (Nombre, Fecha, Enfermedad_idEnfermedad) VALUES ('No queda nada por descubrir', '2000-03-22 12:45:48', 'NC_000019.10:g.(?_7112255)_(7249328_?)del');
INSERT INTO Articulo (Nombre, Fecha, Enfermedad_idEnfermedad) VALUES ('No queda nada por descubrir', '2005-10-31 02:47:55', 'NC_000019.10:g.(?_7112255)_(7249328_?)del');
INSERT INTO Articulo (Nombre, Fecha, Enfermedad_idEnfermedad) VALUES ('La mejor enfermedad del mundo', '2015-04-28 21:36:34', 'NM_004969.4(IDE):c.2779T>C (p.Tyr927His)');
INSERT INTO Articulo (Nombre, Fecha, Enfermedad_idEnfermedad) VALUES ('La mejor enfermedad del mundo', '2010-03-15 16:19:36', 'NM_000208.3(INSR):c.*4803G>A');
INSERT INTO Articulo (Nombre, Fecha, Enfermedad_idEnfermedad) VALUES ('No queda nada por descubrir', '2019-10-19 08:50:54', 'GRCh38/hg38 19p13.3-13.2(chr19:1972245-9648879)x3');
INSERT INTO Articulo (Nombre, Fecha, Enfermedad_idEnfermedad) VALUES ('La peor enfermedad del mundo', '2003-09-28 18:26:45', 'GRCh38/hg38 19p13.3-13.2(chr19:1972245-9648879)x3');
INSERT INTO Articulo (Nombre, Fecha, Enfermedad_idEnfermedad) VALUES ('La peor enfermedad del mundo', '2017-10-24 22:43:15', 'NM_000208.3(INSR):c.*4802C>T');
INSERT INTO Articulo (Nombre, Fecha, Enfermedad_idEnfermedad) VALUES ('La mejor enfermedad del mundo', '2016-01-20 23:13:04', 'NM_000208.3(INSR):c.*4803G>A');
INSERT INTO Articulo (Nombre, Fecha, Enfermedad_idEnfermedad) VALUES ('La mejor enfermedad del mundo', '2013-06-26 07:43:20', 'GRCh37/hg19 10q11.21-26.3(chr10:42347406-135534747)x1');
INSERT INTO Articulo (Nombre, Fecha, Enfermedad_idEnfermedad) VALUES ('Se descubre nueva proteína', '2008-11-22 21:27:59', 'NM_000208.3(INSR):c.*4803G>A');
INSERT INTO Articulo (Nombre, Fecha, Enfermedad_idEnfermedad) VALUES ('La peor enfermedad del mundo', '2019-01-10 03:19:05', 'GRCh38/hg38 19p13.3-13.2(chr19:1972245-9648879)x3');
INSERT INTO Articulo (Nombre, Fecha, Enfermedad_idEnfermedad) VALUES ('No queda nada por descubrir', '2009-08-14 18:22:54', 'NM_004969.4(IDE):c.2866G>A (p.Val956Ile)');
INSERT INTO Articulo (Nombre, Fecha, Enfermedad_idEnfermedad) VALUES ('La mejor enfermedad del mundo', '2007-10-26 14:39:54', 'GRCh38/hg38 21p11.2-q22.3(chr21:7749532-46670405)x3');
INSERT INTO Articulo (Nombre, Fecha, Enfermedad_idEnfermedad) VALUES ('La mejor enfermedad del mundo', '2006-03-27 13:52:40', 'NM_004969.4(IDE):c.2890G>T (p.Asp964Tyr)');
INSERT INTO Articulo (Nombre, Fecha, Enfermedad_idEnfermedad) VALUES ('La peor enfermedad del mundo', '2011-12-08 03:22:28', 'NM_004969.4(IDE):c.2866G>A (p.Val956Ile)');
INSERT INTO Articulo (Nombre, Fecha, Enfermedad_idEnfermedad) VALUES ('La mejor enfermedad del mundo', '2017-07-23 19:50:06', 'NM_004969.4(IDE):c.2932A>G (p.Ile978Val)');
INSERT INTO Articulo (Nombre, Fecha, Enfermedad_idEnfermedad) VALUES ('La mejor enfermedad del mundo', '2017-09-20 12:59:47', 'NC_000019.10:g.(?_7112255)_(7249328_?)del');
INSERT INTO Articulo (Nombre, Fecha, Enfermedad_idEnfermedad) VALUES ('La peor enfermedad del mundo', '2019-04-12 11:53:33', 'NM_000208.3(INSR):c.*4802C>T');
INSERT INTO Articulo (Nombre, Fecha, Enfermedad_idEnfermedad) VALUES ('La peor enfermedad del mundo', '2007-04-11 21:35:15', 'GRCh37/hg19 10q11.21-26.3(chr10:42347406-135534747)x1');
INSERT INTO Articulo (Nombre, Fecha, Enfermedad_idEnfermedad) VALUES ('La peor enfermedad del mundo', '2005-04-24 06:49:24', 'NM_004969.4(IDE):c.2866G>A (p.Val956Ile)');
INSERT INTO Articulo (Nombre, Fecha, Enfermedad_idEnfermedad) VALUES ('La mejor enfermedad del mundo', '2016-06-14 15:08:19', 'NM_004969.4(IDE):c.2932A>G (p.Ile978Val)');
INSERT INTO Articulo (Nombre, Fecha, Enfermedad_idEnfermedad) VALUES ('La peor enfermedad del mundo', '2019-06-28 08:44:39', 'GRCh38/hg38 19p13.3-13.2(chr19:1972245-9648879)x3');
INSERT INTO Articulo (Nombre, Fecha, Enfermedad_idEnfermedad) VALUES ('Se descubre nueva proteína', '2012-11-13 01:40:46', 'NM_004969.4(IDE):c.2866G>A (p.Val956Ile)');
INSERT INTO Articulo (Nombre, Fecha, Enfermedad_idEnfermedad) VALUES ('No queda nada por descubrir', '2006-07-11 07:53:28', 'GRCh38/hg38 19p13.3-13.2(chr19:1972245-9648879)x3');
INSERT INTO Articulo (Nombre, Fecha, Enfermedad_idEnfermedad) VALUES ('Se descubre nueva proteína', '2009-12-12 18:23:48', 'GRCh38/hg38 21p11.2-q22.3(chr21:7749532-46670405)x3');
INSERT INTO Articulo (Nombre, Fecha, Enfermedad_idEnfermedad) VALUES ('La peor enfermedad del mundo', '2012-06-07 12:16:32', 'NM_004969.4(IDE):c.2890G>T (p.Asp964Tyr)');
INSERT INTO Articulo (Nombre, Fecha, Enfermedad_idEnfermedad) VALUES ('La peor enfermedad del mundo', '2005-05-06 23:37:57', 'NM_000208.3(INSR):c.*4803G>A');
INSERT INTO Articulo (Nombre, Fecha, Enfermedad_idEnfermedad) VALUES ('Se descubre nueva proteína', '2016-04-11 03:56:56', 'NM_000208.3(INSR):c.*4802C>T');
INSERT INTO Articulo (Nombre, Fecha, Enfermedad_idEnfermedad) VALUES ('Se descubre nueva proteína', '2007-04-03 16:55:03', 'GRCh38/hg38 21q11.2-22.3(chr21:7749532-46677460)x3');
INSERT INTO Articulo (Nombre, Fecha, Enfermedad_idEnfermedad) VALUES ('No queda nada por descubrir', '2021-06-15 00:29:08', 'NC_000019.10:g.(?_7112255)_(7249328_?)del');
INSERT INTO Articulo (Nombre, Fecha, Enfermedad_idEnfermedad) VALUES ('La peor enfermedad del mundo', '2007-09-24 09:27:05', 'NM_000208.3(INSR):c.*4803G>A');
INSERT INTO Articulo (Nombre, Fecha, Enfermedad_idEnfermedad) VALUES ('La peor enfermedad del mundo', '2021-11-08 12:50:34', 'GRCh38/hg38 21p11.2-q22.3(chr21:7749532-46670405)x3');
INSERT INTO Articulo (Nombre, Fecha, Enfermedad_idEnfermedad) VALUES ('La peor enfermedad del mundo', '2013-10-11 02:15:01', 'GRCh37/hg19 10q11.21-26.3(chr10:42347406-135534747)x1');
INSERT INTO Articulo (Nombre, Fecha, Enfermedad_idEnfermedad) VALUES ('La mejor enfermedad del mundo', '2015-05-11 19:59:23', 'NM_000208.3(INSR):c.*4802C>T');
INSERT INTO Articulo (Nombre, Fecha, Enfermedad_idEnfermedad) VALUES ('No queda nada por descubrir', '2009-05-08 19:34:21', 'NM_000208.3(INSR):c.*4803G>A');
INSERT INTO Articulo (Nombre, Fecha, Enfermedad_idEnfermedad) VALUES ('La peor enfermedad del mundo', '2009-06-13 09:28:08', 'NM_004969.4(IDE):c.2890G>T (p.Asp964Tyr)');
INSERT INTO Articulo (Nombre, Fecha, Enfermedad_idEnfermedad) VALUES ('No queda nada por descubrir', '2000-10-22 18:54:28', 'GRCh38/hg38 21p11.2-q22.3(chr21:7749532-46670405)x3');
INSERT INTO Articulo (Nombre, Fecha, Enfermedad_idEnfermedad) VALUES ('No queda nada por descubrir', '2022-02-12 17:52:36', 'NM_004969.4(IDE):c.2779T>C (p.Tyr927His)');
INSERT INTO Articulo (Nombre, Fecha, Enfermedad_idEnfermedad) VALUES ('No queda nada por descubrir', '2016-06-25 13:32:14', 'GRCh38/hg38 21p11.2-q22.3(chr21:7749532-46670405)x3');
INSERT INTO Articulo (Nombre, Fecha, Enfermedad_idEnfermedad) VALUES ('La mejor enfermedad del mundo', '2008-09-11 18:37:55', 'NM_004969.4(IDE):c.2779T>C (p.Tyr927His)');
INSERT INTO Articulo (Nombre, Fecha, Enfermedad_idEnfermedad) VALUES ('Se descubre nueva proteína', '2000-05-06 10:28:44', 'NC_000019.10:g.(?_7112255)_(7249328_?)del');
INSERT INTO Articulo (Nombre, Fecha, Enfermedad_idEnfermedad) VALUES ('La peor enfermedad del mundo', '2013-06-05 00:25:40', 'NM_004969.4(IDE):c.2890G>T (p.Asp964Tyr)');
INSERT INTO Articulo (Nombre, Fecha, Enfermedad_idEnfermedad) VALUES ('La peor enfermedad del mundo', '2007-03-20 05:45:14', 'NM_004969.4(IDE):c.2779T>C (p.Tyr927His)');
INSERT INTO Articulo (Nombre, Fecha, Enfermedad_idEnfermedad) VALUES ('La peor enfermedad del mundo', '2012-04-09 08:28:17', 'NM_004969.4(IDE):c.2890G>T (p.Asp964Tyr)');
INSERT INTO Articulo (Nombre, Fecha, Enfermedad_idEnfermedad) VALUES ('No queda nada por descubrir', '2013-06-21 06:00:19', 'GRCh38/hg38 21p11.2-q22.3(chr21:7749532-46670405)x3');
INSERT INTO Articulo (Nombre, Fecha, Enfermedad_idEnfermedad) VALUES ('No queda nada por descubrir', '2013-04-18 17:02:44', 'NC_000019.10:g.(?_7112255)_(7249328_?)del');
INSERT INTO Articulo (Nombre, Fecha, Enfermedad_idEnfermedad) VALUES ('No queda nada por descubrir', '2013-01-19 11:07:02', 'NM_000208.3(INSR):c.*4802C>T');
INSERT INTO Articulo (Nombre, Fecha, Enfermedad_idEnfermedad) VALUES ('No queda nada por descubrir', '2007-07-31 01:52:30', 'NM_000208.3(INSR):c.*4802C>T');
INSERT INTO Articulo (Nombre, Fecha, Enfermedad_idEnfermedad) VALUES ('Se descubre nueva proteína', '2007-05-30 09:41:12', 'GRCh38/hg38 21q11.2-22.3(chr21:7749532-46677460)x3');
INSERT INTO Articulo (Nombre, Fecha, Enfermedad_idEnfermedad) VALUES ('La peor enfermedad del mundo', '2000-12-15 13:19:54', 'NM_000208.3(INSR):c.*4802C>T');
INSERT INTO Articulo (Nombre, Fecha, Enfermedad_idEnfermedad) VALUES ('La peor enfermedad del mundo', '2009-07-02 22:51:08', 'GRCh38/hg38 21p11.2-q22.3(chr21:7749532-46670405)x3');
INSERT INTO Articulo (Nombre, Fecha, Enfermedad_idEnfermedad) VALUES ('Se descubre nueva proteína', '2013-05-02 07:18:09', 'NM_004969.4(IDE):c.2866G>A (p.Val956Ile)');
INSERT INTO Articulo (Nombre, Fecha, Enfermedad_idEnfermedad) VALUES ('No queda nada por descubrir', '2005-03-11 22:24:16', 'GRCh37/hg19 10q11.21-26.3(chr10:42347406-135534747)x1');
INSERT INTO Articulo (Nombre, Fecha, Enfermedad_idEnfermedad) VALUES ('Se descubre nueva proteína', '2020-10-14 17:51:04', 'NC_000019.10:g.(?_7112255)_(7249328_?)del');
INSERT INTO Articulo (Nombre, Fecha, Enfermedad_idEnfermedad) VALUES ('La peor enfermedad del mundo', '2022-05-09 17:10:37', 'NM_000208.3(INSR):c.*4803G>A');
INSERT INTO Articulo (Nombre, Fecha, Enfermedad_idEnfermedad) VALUES ('La peor enfermedad del mundo', '2007-02-05 20:58:57', 'GRCh38/hg38 21p11.2-q22.3(chr21:7749532-46670405)x3');
INSERT INTO Articulo (Nombre, Fecha, Enfermedad_idEnfermedad) VALUES ('Se descubre nueva proteína', '2008-11-27 21:22:05', 'GRCh38/hg38 19p13.3-13.2(chr19:1972245-9648879)x3');
INSERT INTO Articulo (Nombre, Fecha, Enfermedad_idEnfermedad) VALUES ('La peor enfermedad del mundo', '2013-10-14 22:23:32', 'NM_004969.4(IDE):c.2890G>T (p.Asp964Tyr)');
INSERT INTO Articulo (Nombre, Fecha, Enfermedad_idEnfermedad) VALUES ('No queda nada por descubrir', '2000-01-01 13:51:16', 'NM_004969.4(IDE):c.2932A>G (p.Ile978Val)');
INSERT INTO Articulo (Nombre, Fecha, Enfermedad_idEnfermedad) VALUES ('La mejor enfermedad del mundo', '2018-02-12 14:08:16', 'NM_000208.3(INSR):c.*4803G>A');
INSERT INTO Articulo (Nombre, Fecha, Enfermedad_idEnfermedad) VALUES ('La peor enfermedad del mundo', '2002-06-10 05:23:50', 'NC_000019.10:g.(?_7112255)_(7249328_?)del');
INSERT INTO Articulo (Nombre, Fecha, Enfermedad_idEnfermedad) VALUES ('Se descubre nueva proteína', '2007-10-09 04:45:00', 'GRCh38/hg38 19p13.3-13.2(chr19:1972245-9648879)x3');
INSERT INTO Articulo (Nombre, Fecha, Enfermedad_idEnfermedad) VALUES ('La peor enfermedad del mundo', '2016-02-19 16:42:51', 'NM_004969.4(IDE):c.2932A>G (p.Ile978Val)');
INSERT INTO Articulo (Nombre, Fecha, Enfermedad_idEnfermedad) VALUES ('La mejor enfermedad del mundo', '2003-06-15 03:59:52', 'NC_000019.10:g.(?_7112255)_(7249328_?)del');
INSERT INTO Articulo (Nombre, Fecha, Enfermedad_idEnfermedad) VALUES ('La peor enfermedad del mundo', '2007-10-12 12:00:08', 'GRCh38/hg38 19p13.3-13.2(chr19:1972245-9648879)x3');
INSERT INTO Articulo (Nombre, Fecha, Enfermedad_idEnfermedad) VALUES ('La peor enfermedad del mundo', '2015-05-25 03:08:01', 'NM_000208.3(INSR):c.*4802C>T');
INSERT INTO Articulo (Nombre, Fecha, Enfermedad_idEnfermedad) VALUES ('Se descubre nueva proteína', '2010-03-04 23:17:48', 'GRCh38/hg38 21p11.2-q22.3(chr21:7749532-46670405)x3');
INSERT INTO Articulo (Nombre, Fecha, Enfermedad_idEnfermedad) VALUES ('Se descubre nueva proteína', '2010-06-08 12:53:37', 'GRCh38/hg38 21p11.2-q22.3(chr21:7749532-46670405)x3');
INSERT INTO Articulo (Nombre, Fecha, Enfermedad_idEnfermedad) VALUES ('La peor enfermedad del mundo', '2001-04-23 07:49:27', 'NM_000208.3(INSR):c.*4803G>A');
INSERT INTO Articulo (Nombre, Fecha, Enfermedad_idEnfermedad) VALUES ('Se descubre nueva proteína', '2010-07-17 12:37:23', 'NM_004969.4(IDE):c.2932A>G (p.Ile978Val)');
INSERT INTO Articulo (Nombre, Fecha, Enfermedad_idEnfermedad) VALUES ('La mejor enfermedad del mundo', '2013-03-18 13:52:18', 'NM_004969.4(IDE):c.2779T>C (p.Tyr927His)');
INSERT INTO Articulo (Nombre, Fecha, Enfermedad_idEnfermedad) VALUES ('No queda nada por descubrir', '2019-11-15 15:27:32', 'NC_000019.10:g.(?_7112255)_(7249328_?)del');
INSERT INTO Articulo (Nombre, Fecha, Enfermedad_idEnfermedad) VALUES ('No queda nada por descubrir', '2010-08-11 02:24:45', 'NC_000019.10:g.(?_7112255)_(7249328_?)del');
INSERT INTO Articulo (Nombre, Fecha, Enfermedad_idEnfermedad) VALUES ('La mejor enfermedad del mundo', '2001-05-29 07:10:34', 'NM_004969.4(IDE):c.2866G>A (p.Val956Ile)');
INSERT INTO Articulo (Nombre, Fecha, Enfermedad_idEnfermedad) VALUES ('Se descubre nueva proteína', '2022-02-17 10:08:28', 'NM_004969.4(IDE):c.2779T>C (p.Tyr927His)');
INSERT INTO Articulo (Nombre, Fecha, Enfermedad_idEnfermedad) VALUES ('La peor enfermedad del mundo', '2005-10-05 18:38:12', 'GRCh38/hg38 21p11.2-q22.3(chr21:7749532-46670405)x3');
INSERT INTO Articulo_has_Autor (Articulo_idArticulo, Autor_idAutor) VALUES (1, '00000001I');
INSERT INTO Articulo_has_Autor (Articulo_idArticulo, Autor_idAutor) VALUES (2, '00000002S');
INSERT INTO Articulo_has_Autor (Articulo_idArticulo, Autor_idAutor) VALUES (3, '00000002P');
INSERT INTO Articulo_has_Autor (Articulo_idArticulo, Autor_idAutor) VALUES (4, '00000002P');
INSERT INTO Articulo_has_Autor (Articulo_idArticulo, Autor_idAutor) VALUES (5, '00000002S');
INSERT INTO Articulo_has_Autor (Articulo_idArticulo, Autor_idAutor) VALUES (6, '00000001P');
INSERT INTO Articulo_has_Autor (Articulo_idArticulo, Autor_idAutor) VALUES (7, '00000001P');
INSERT INTO Articulo_has_Autor (Articulo_idArticulo, Autor_idAutor) VALUES (8, '11111111');
INSERT INTO Articulo_has_Autor (Articulo_idArticulo, Autor_idAutor) VALUES (9, '00000001P');
INSERT INTO Articulo_has_Autor (Articulo_idArticulo, Autor_idAutor) VALUES (10, '00000001S');
INSERT INTO Articulo_has_Autor (Articulo_idArticulo, Autor_idAutor) VALUES (11, '00000001I');
INSERT INTO Articulo_has_Autor (Articulo_idArticulo, Autor_idAutor) VALUES (12, '11111111');
INSERT INTO Articulo_has_Autor (Articulo_idArticulo, Autor_idAutor) VALUES (13, '00000001I');
INSERT INTO Articulo_has_Autor (Articulo_idArticulo, Autor_idAutor) VALUES (14, '00000001V');
INSERT INTO Articulo_has_Autor (Articulo_idArticulo, Autor_idAutor) VALUES (15, '00000002S');
INSERT INTO Articulo_has_Autor (Articulo_idArticulo, Autor_idAutor) VALUES (16, '00000001V');
INSERT INTO Articulo_has_Autor (Articulo_idArticulo, Autor_idAutor) VALUES (17, '00000001I');
INSERT INTO Articulo_has_Autor (Articulo_idArticulo, Autor_idAutor) VALUES (18, '00000001V');
INSERT INTO Articulo_has_Autor (Articulo_idArticulo, Autor_idAutor) VALUES (19, '00000001I');
INSERT INTO Articulo_has_Autor (Articulo_idArticulo, Autor_idAutor) VALUES (20, '00000001I');
INSERT INTO Articulo_has_Autor (Articulo_idArticulo, Autor_idAutor) VALUES (21, '00000001S');
INSERT INTO Articulo_has_Autor (Articulo_idArticulo, Autor_idAutor) VALUES (22, '00000001S');
INSERT INTO Articulo_has_Autor (Articulo_idArticulo, Autor_idAutor) VALUES (23, '00000001S');
INSERT INTO Articulo_has_Autor (Articulo_idArticulo, Autor_idAutor) VALUES (24, '00000001S');
INSERT INTO Articulo_has_Autor (Articulo_idArticulo, Autor_idAutor) VALUES (25, '00000002S');
INSERT INTO Articulo_has_Autor (Articulo_idArticulo, Autor_idAutor) VALUES (26, '11111111');
INSERT INTO Articulo_has_Autor (Articulo_idArticulo, Autor_idAutor) VALUES (27, '00000001P');
INSERT INTO Articulo_has_Autor (Articulo_idArticulo, Autor_idAutor) VALUES (28, '00000001V');
INSERT INTO Articulo_has_Autor (Articulo_idArticulo, Autor_idAutor) VALUES (29, '00000001I');
INSERT INTO Articulo_has_Autor (Articulo_idArticulo, Autor_idAutor) VALUES (30, '00000001P');
INSERT INTO Articulo_has_Autor (Articulo_idArticulo, Autor_idAutor) VALUES (31, '00000002P');
INSERT INTO Articulo_has_Autor (Articulo_idArticulo, Autor_idAutor) VALUES (32, '00000001V');
INSERT INTO Articulo_has_Autor (Articulo_idArticulo, Autor_idAutor) VALUES (33, '00000001V');
INSERT INTO Articulo_has_Autor (Articulo_idArticulo, Autor_idAutor) VALUES (34, '00000001I');
INSERT INTO Articulo_has_Autor (Articulo_idArticulo, Autor_idAutor) VALUES (35, '00000001I');
INSERT INTO Articulo_has_Autor (Articulo_idArticulo, Autor_idAutor) VALUES (36, '00000001I');
INSERT INTO Articulo_has_Autor (Articulo_idArticulo, Autor_idAutor) VALUES (37, '00000001S');
INSERT INTO Articulo_has_Autor (Articulo_idArticulo, Autor_idAutor) VALUES (38, '00000001I');
INSERT INTO Articulo_has_Autor (Articulo_idArticulo, Autor_idAutor) VALUES (39, '00000001S');
INSERT INTO Articulo_has_Autor (Articulo_idArticulo, Autor_idAutor) VALUES (40, '00000001V');
INSERT INTO Articulo_has_Autor (Articulo_idArticulo, Autor_idAutor) VALUES (41, '00000001P');
INSERT INTO Articulo_has_Autor (Articulo_idArticulo, Autor_idAutor) VALUES (42, '00000001V');
INSERT INTO Articulo_has_Autor (Articulo_idArticulo, Autor_idAutor) VALUES (43, '00000002P');
INSERT INTO Articulo_has_Autor (Articulo_idArticulo, Autor_idAutor) VALUES (44, '00000001V');
INSERT INTO Articulo_has_Autor (Articulo_idArticulo, Autor_idAutor) VALUES (45, '00000002S');
INSERT INTO Articulo_has_Autor (Articulo_idArticulo, Autor_idAutor) VALUES (46, '00000002S');
INSERT INTO Articulo_has_Autor (Articulo_idArticulo, Autor_idAutor) VALUES (47, '00000001V');
INSERT INTO Articulo_has_Autor (Articulo_idArticulo, Autor_idAutor) VALUES (48, '00000002P');
INSERT INTO Articulo_has_Autor (Articulo_idArticulo, Autor_idAutor) VALUES (49, '11111111');
INSERT INTO Articulo_has_Autor (Articulo_idArticulo, Autor_idAutor) VALUES (50, '00000001P');
INSERT INTO Articulo_has_Autor (Articulo_idArticulo, Autor_idAutor) VALUES (51, '00000002S');
INSERT INTO Articulo_has_Autor (Articulo_idArticulo, Autor_idAutor) VALUES (52, '00000002P');
INSERT INTO Articulo_has_Autor (Articulo_idArticulo, Autor_idAutor) VALUES (53, '00000002P');
INSERT INTO Articulo_has_Autor (Articulo_idArticulo, Autor_idAutor) VALUES (54, '00000002S');
INSERT INTO Articulo_has_Autor (Articulo_idArticulo, Autor_idAutor) VALUES (55, '00000001V');
INSERT INTO Articulo_has_Autor (Articulo_idArticulo, Autor_idAutor) VALUES (56, '00000001I');
INSERT INTO Articulo_has_Autor (Articulo_idArticulo, Autor_idAutor) VALUES (57, '00000001I');
INSERT INTO Articulo_has_Autor (Articulo_idArticulo, Autor_idAutor) VALUES (58, '00000001S');
INSERT INTO Articulo_has_Autor (Articulo_idArticulo, Autor_idAutor) VALUES (59, '00000001P');
INSERT INTO Articulo_has_Autor (Articulo_idArticulo, Autor_idAutor) VALUES (60, '00000002P');
INSERT INTO Articulo_has_Autor (Articulo_idArticulo, Autor_idAutor) VALUES (61, '11111111');
INSERT INTO Articulo_has_Autor (Articulo_idArticulo, Autor_idAutor) VALUES (62, '00000002P');
INSERT INTO Articulo_has_Autor (Articulo_idArticulo, Autor_idAutor) VALUES (63, '00000001S');
INSERT INTO Articulo_has_Autor (Articulo_idArticulo, Autor_idAutor) VALUES (64, '00000002S');
INSERT INTO Articulo_has_Autor (Articulo_idArticulo, Autor_idAutor) VALUES (65, '11111111');
INSERT INTO Articulo_has_Autor (Articulo_idArticulo, Autor_idAutor) VALUES (66, '00000002P');
INSERT INTO Articulo_has_Autor (Articulo_idArticulo, Autor_idAutor) VALUES (67, '11111111');
INSERT INTO Articulo_has_Autor (Articulo_idArticulo, Autor_idAutor) VALUES (68, '11111111');
INSERT INTO Articulo_has_Autor (Articulo_idArticulo, Autor_idAutor) VALUES (69, '00000001S');
INSERT INTO Articulo_has_Autor (Articulo_idArticulo, Autor_idAutor) VALUES (70, '00000002P');
INSERT INTO Articulo_has_Autor (Articulo_idArticulo, Autor_idAutor) VALUES (71, '00000001S');
INSERT INTO Articulo_has_Autor (Articulo_idArticulo, Autor_idAutor) VALUES (72, '00000001I');
INSERT INTO Articulo_has_Autor (Articulo_idArticulo, Autor_idAutor) VALUES (73, '00000002S');
