INSERT INTO Proteina (idProteina, Longitud, Nombre, Organismo) VALUES ('P14735', 1019, 'Insulin-degrading enzyme (EC 3.4.24.56) (Abeta-degrading protease) (Insulin protease) (Insulinase) (Insulysin)', 'Homo sapiens (Human)');
INSERT INTO Proteina (idProteina, Longitud, Nombre, Organismo) VALUES ('P01308', 110, 'Insulin [Cleaved into: Insulin B chain, Insulin A chain]', 'Homo sapiens (Human)');
INSERT INTO Proteina (idProteina, Longitud, Nombre, Organismo) VALUES ('P06213', 1382, 'Insulin receptor (IR) (EC 2.7.10.1) (CD antigen CD220) [Cleaved into: Insulin receptor subunit alpha, Insulin receptor subunit beta]', 'Homo sapiens (Human)');
INSERT INTO Proteina (idProteina, Longitud, Nombre, Organismo) VALUES ('A2VEY9', 693, 'Palmitoyltransferase app (EC 2.3.1.225) (Protein approximated)', 'Drosophila melanogaster (Fruit fly)');
INSERT INTO Proteina (idProteina, Longitud, Nombre, Organismo) VALUES ('P53933', 587, 'Phosphatidate phosphatase APP1 (PAP) (EC 3.1.3.4) (Actin patch protein 1)', 'Saccharomyces cerevisiae (strain ATCC 204508 / S288c) (Bakers yeast)');
INSERT INTO Proteina (idProteina, Longitud, Nombre, Organismo) VALUES ('Q92624', 585, 'Amyloid protein-binding protein 2 (Amyloid beta precursor protein-binding protein 2) (APP-BP2) (Protein interacting with APP tail 1)', 'Homo sapiens (Human)');
INSERT INTO Proteina (idProteina, Longitud, Nombre, Organismo) VALUES ('O75161', 1426, 'Nephrocystin-4 (Nephroretinin)', 'Homo sapiens (Human)');
INSERT INTO Proteina (idProteina, Longitud, Nombre, Organismo) VALUES ('P59240', 1425, 'Nephrocystin-4 (Nephroretinin)', 'Mus musculus (Mouse)');
INSERT INTO Enfermedad (idEnfermedad, CambioProteina, SignificanciaClinica) VALUES ('NM_004969.4(IDE):c.2932A>G (p.Ile978Val)', 'I978V, I423V, I939V, I937V', 'Likely benign  (Last reviewed: Dec 2, 2021)');
INSERT INTO Proteina_has_Enfermedad (Proteina_idProteina, Enfermedad_idEnfermedad) VALUES ('P14735', 'NM_004969.4(IDE):c.2932A>G (p.Ile978Val)');
INSERT IGNORE INTO Genes (Nombre) VALUES ('IDE');
INSERT INTO Enfermedad_has_Genes (Enfermedad_idEnfermedad, Genes_Nombre) VALUES ('NM_004969.4(IDE):c.2932A>G (p.Ile978Val)', 'IDE');
INSERT IGNORE INTO Sintomas (Descripcion) VALUES ('Inborn genetic diseases');
INSERT INTO Sintomas_has_Enfermedad (Sintomas_Descripcion, Enfermedad_idEnfermedad) VALUES ('Inborn genetic diseases', 'NM_004969.4(IDE):c.2932A>G (p.Ile978Val)');
INSERT INTO Enfermedad (idEnfermedad, CambioProteina, SignificanciaClinica) VALUES ('NM_004969.4(IDE):c.2890G>T (p.Asp964Tyr)', 'D964Y, D409Y, D923Y, D925Y', 'Uncertain significance  (Last reviewed: Nov 17, 2022)');
INSERT INTO Proteina_has_Enfermedad (Proteina_idProteina, Enfermedad_idEnfermedad) VALUES ('P14735', 'NM_004969.4(IDE):c.2890G>T (p.Asp964Tyr)');
INSERT IGNORE INTO Genes (Nombre) VALUES ('IDE');
INSERT INTO Enfermedad_has_Genes (Enfermedad_idEnfermedad, Genes_Nombre) VALUES ('NM_004969.4(IDE):c.2890G>T (p.Asp964Tyr)', 'IDE');
INSERT IGNORE INTO Sintomas (Descripcion) VALUES ('Inborn genetic diseases');
INSERT INTO Sintomas_has_Enfermedad (Sintomas_Descripcion, Enfermedad_idEnfermedad) VALUES ('Inborn genetic diseases', 'NM_004969.4(IDE):c.2890G>T (p.Asp964Tyr)');
INSERT INTO Enfermedad (idEnfermedad, CambioProteina, SignificanciaClinica) VALUES ('NM_004969.4(IDE):c.2866G>A (p.Val956Ile)', 'V917I, V956I, V915I, V401I', 'Uncertain significance  (Last reviewed: Apr 13, 2022)');
INSERT INTO Proteina_has_Enfermedad (Proteina_idProteina, Enfermedad_idEnfermedad) VALUES ('P14735', 'NM_004969.4(IDE):c.2866G>A (p.Val956Ile)');
INSERT IGNORE INTO Genes (Nombre) VALUES ('IDE');
INSERT INTO Enfermedad_has_Genes (Enfermedad_idEnfermedad, Genes_Nombre) VALUES ('NM_004969.4(IDE):c.2866G>A (p.Val956Ile)', 'IDE');
INSERT IGNORE INTO Sintomas (Descripcion) VALUES ('Inborn genetic diseases');
INSERT INTO Sintomas_has_Enfermedad (Sintomas_Descripcion, Enfermedad_idEnfermedad) VALUES ('Inborn genetic diseases', 'NM_004969.4(IDE):c.2866G>A (p.Val956Ile)');
INSERT INTO Enfermedad (idEnfermedad, CambioProteina, SignificanciaClinica) VALUES ('NM_004969.4(IDE):c.2779T>C (p.Tyr927His)', 'Y372H, Y886H, Y927H, Y888H', 'Uncertain significance  (Last reviewed: Aug 17, 2022)');
INSERT INTO Proteina_has_Enfermedad (Proteina_idProteina, Enfermedad_idEnfermedad) VALUES ('P14735', 'NM_004969.4(IDE):c.2779T>C (p.Tyr927His)');
INSERT IGNORE INTO Genes (Nombre) VALUES ('IDE');
INSERT INTO Enfermedad_has_Genes (Enfermedad_idEnfermedad, Genes_Nombre) VALUES ('NM_004969.4(IDE):c.2779T>C (p.Tyr927His)', 'IDE');
INSERT IGNORE INTO Sintomas (Descripcion) VALUES ('Inborn genetic diseases');
INSERT INTO Sintomas_has_Enfermedad (Sintomas_Descripcion, Enfermedad_idEnfermedad) VALUES ('Inborn genetic diseases', 'NM_004969.4(IDE):c.2779T>C (p.Tyr927His)');
INSERT INTO Enfermedad (idEnfermedad, CambioProteina, SignificanciaClinica) VALUES ('GRCh37/hg19 10q11.21-26.3(chr10:42347406-135534747)x1', '', 'drug response  (Last reviewed: Nov 27, 2017)');
INSERT INTO Proteina_has_Enfermedad (Proteina_idProteina, Enfermedad_idEnfermedad) VALUES ('P14735', 'GRCh37/hg19 10q11.21-26.3(chr10:42347406-135534747)x1');
INSERT IGNORE INTO Genes (Nombre) VALUES ('ADAMTS14');
INSERT INTO Enfermedad_has_Genes (Enfermedad_idEnfermedad, Genes_Nombre) VALUES ('GRCh37/hg19 10q11.21-26.3(chr10:42347406-135534747)x1', 'ADAMTS14');
INSERT IGNORE INTO Genes (Nombre) VALUES ('ADD3');
INSERT INTO Enfermedad_has_Genes (Enfermedad_idEnfermedad, Genes_Nombre) VALUES ('GRCh37/hg19 10q11.21-26.3(chr10:42347406-135534747)x1', 'ADD3');
INSERT IGNORE INTO Genes (Nombre) VALUES ('ADGRA1');
INSERT INTO Enfermedad_has_Genes (Enfermedad_idEnfermedad, Genes_Nombre) VALUES ('GRCh37/hg19 10q11.21-26.3(chr10:42347406-135534747)x1', 'ADGRA1');
INSERT IGNORE INTO Genes (Nombre) VALUES ('AVPI1');
INSERT INTO Enfermedad_has_Genes (Enfermedad_idEnfermedad, Genes_Nombre) VALUES ('GRCh37/hg19 10q11.21-26.3(chr10:42347406-135534747)x1', 'AVPI1');
INSERT IGNORE INTO Genes (Nombre) VALUES ('COL13A1');
INSERT INTO Enfermedad_has_Genes (Enfermedad_idEnfermedad, Genes_Nombre) VALUES ('GRCh37/hg19 10q11.21-26.3(chr10:42347406-135534747)x1', 'COL13A1');
INSERT IGNORE INTO Genes (Nombre) VALUES ('COL17A1');
INSERT INTO Enfermedad_has_Genes (Enfermedad_idEnfermedad, Genes_Nombre) VALUES ('GRCh37/hg19 10q11.21-26.3(chr10:42347406-135534747)x1', 'COL17A1');
INSERT IGNORE INTO Genes (Nombre) VALUES ('CYP2C18');
INSERT INTO Enfermedad_has_Genes (Enfermedad_idEnfermedad, Genes_Nombre) VALUES ('GRCh37/hg19 10q11.21-26.3(chr10:42347406-135534747)x1', 'CYP2C18');
INSERT IGNORE INTO Genes (Nombre) VALUES ('COMTD1');
INSERT INTO Enfermedad_has_Genes (Enfermedad_idEnfermedad, Genes_Nombre) VALUES ('GRCh37/hg19 10q11.21-26.3(chr10:42347406-135534747)x1', 'COMTD1');
INSERT IGNORE INTO Genes (Nombre) VALUES ('COX15');
INSERT INTO Enfermedad_has_Genes (Enfermedad_idEnfermedad, Genes_Nombre) VALUES ('GRCh37/hg19 10q11.21-26.3(chr10:42347406-135534747)x1', 'COX15');
INSERT IGNORE INTO Genes (Nombre) VALUES ('CPEB3');
INSERT INTO Enfermedad_has_Genes (Enfermedad_idEnfermedad, Genes_Nombre) VALUES ('GRCh37/hg19 10q11.21-26.3(chr10:42347406-135534747)x1', 'CPEB3');
INSERT IGNORE INTO Genes (Nombre) VALUES ('CPN1');
INSERT INTO Enfermedad_has_Genes (Enfermedad_idEnfermedad, Genes_Nombre) VALUES ('GRCh37/hg19 10q11.21-26.3(chr10:42347406-135534747)x1', 'CPN1');
INSERT IGNORE INTO Genes (Nombre) VALUES ('CYP17A1');
INSERT INTO Enfermedad_has_Genes (Enfermedad_idEnfermedad, Genes_Nombre) VALUES ('GRCh37/hg19 10q11.21-26.3(chr10:42347406-135534747)x1', 'CYP17A1');
INSERT IGNORE INTO Genes (Nombre) VALUES ('CYP26A1');
INSERT INTO Enfermedad_has_Genes (Enfermedad_idEnfermedad, Genes_Nombre) VALUES ('GRCh37/hg19 10q11.21-26.3(chr10:42347406-135534747)x1', 'CYP26A1');
INSERT IGNORE INTO Genes (Nombre) VALUES ('CPXM2');
INSERT INTO Enfermedad_has_Genes (Enfermedad_idEnfermedad, Genes_Nombre) VALUES ('GRCh37/hg19 10q11.21-26.3(chr10:42347406-135534747)x1', 'CPXM2');
INSERT IGNORE INTO Genes (Nombre) VALUES ('C10orf62');
INSERT INTO Enfermedad_has_Genes (Enfermedad_idEnfermedad, Genes_Nombre) VALUES ('GRCh37/hg19 10q11.21-26.3(chr10:42347406-135534747)x1', 'C10orf62');
INSERT IGNORE INTO Genes (Nombre) VALUES ('C10orf71');
INSERT INTO Enfermedad_has_Genes (Enfermedad_idEnfermedad, Genes_Nombre) VALUES ('GRCh37/hg19 10q11.21-26.3(chr10:42347406-135534747)x1', 'C10orf71');
INSERT IGNORE INTO Genes (Nombre) VALUES ('C10orf82');
INSERT INTO Enfermedad_has_Genes (Enfermedad_idEnfermedad, Genes_Nombre) VALUES ('GRCh37/hg19 10q11.21-26.3(chr10:42347406-135534747)x1', 'C10orf82');
INSERT IGNORE INTO Genes (Nombre) VALUES ('CACUL1');
INSERT INTO Enfermedad_has_Genes (Enfermedad_idEnfermedad, Genes_Nombre) VALUES ('GRCh37/hg19 10q11.21-26.3(chr10:42347406-135534747)x1', 'CACUL1');
INSERT IGNORE INTO Genes (Nombre) VALUES ('CALHM1');
INSERT INTO Enfermedad_has_Genes (Enfermedad_idEnfermedad, Genes_Nombre) VALUES ('GRCh37/hg19 10q11.21-26.3(chr10:42347406-135534747)x1', 'CALHM1');
INSERT IGNORE INTO Genes (Nombre) VALUES ('CALHM2');
INSERT INTO Enfermedad_has_Genes (Enfermedad_idEnfermedad, Genes_Nombre) VALUES ('GRCh37/hg19 10q11.21-26.3(chr10:42347406-135534747)x1', 'CALHM2');
INSERT IGNORE INTO Genes (Nombre) VALUES ('CRTAC1');
INSERT INTO Enfermedad_has_Genes (Enfermedad_idEnfermedad, Genes_Nombre) VALUES ('GRCh37/hg19 10q11.21-26.3(chr10:42347406-135534747)x1', 'CRTAC1');
INSERT IGNORE INTO Genes (Nombre) VALUES ('CSGALNACT2');
INSERT INTO Enfermedad_has_Genes (Enfermedad_idEnfermedad, Genes_Nombre) VALUES ('GRCh37/hg19 10q11.21-26.3(chr10:42347406-135534747)x1', 'CSGALNACT2');
INSERT IGNORE INTO Genes (Nombre) VALUES ('CSTF2T');
INSERT INTO Enfermedad_has_Genes (Enfermedad_idEnfermedad, Genes_Nombre) VALUES ('GRCh37/hg19 10q11.21-26.3(chr10:42347406-135534747)x1', 'CSTF2T');
INSERT IGNORE INTO Genes (Nombre) VALUES ('CTBP2');
INSERT INTO Enfermedad_has_Genes (Enfermedad_idEnfermedad, Genes_Nombre) VALUES ('GRCh37/hg19 10q11.21-26.3(chr10:42347406-135534747)x1', 'CTBP2');
INSERT IGNORE INTO Genes (Nombre) VALUES ('CYP26C1');
INSERT INTO Enfermedad_has_Genes (Enfermedad_idEnfermedad, Genes_Nombre) VALUES ('GRCh37/hg19 10q11.21-26.3(chr10:42347406-135534747)x1', 'CYP26C1');
INSERT IGNORE INTO Genes (Nombre) VALUES ('C10orf53');
INSERT INTO Enfermedad_has_Genes (Enfermedad_idEnfermedad, Genes_Nombre) VALUES ('GRCh37/hg19 10q11.21-26.3(chr10:42347406-135534747)x1', 'C10orf53');
INSERT IGNORE INTO Genes (Nombre) VALUES ('AGAP10');
INSERT INTO Enfermedad_has_Genes (Enfermedad_idEnfermedad, Genes_Nombre) VALUES ('GRCh37/hg19 10q11.21-26.3(chr10:42347406-135534747)x1', 'AGAP10');
INSERT IGNORE INTO Genes (Nombre) VALUES ('AGAP11');
INSERT INTO Enfermedad_has_Genes (Enfermedad_idEnfermedad, Genes_Nombre) VALUES ('GRCh37/hg19 10q11.21-26.3(chr10:42347406-135534747)x1', 'AGAP11');
INSERT IGNORE INTO Genes (Nombre) VALUES ('AGAP4');
INSERT INTO Enfermedad_has_Genes (Enfermedad_idEnfermedad, Genes_Nombre) VALUES ('GRCh37/hg19 10q11.21-26.3(chr10:42347406-135534747)x1', 'AGAP4');
INSERT IGNORE INTO Genes (Nombre) VALUES ('AIFM2');
INSERT INTO Enfermedad_has_Genes (Enfermedad_idEnfermedad, Genes_Nombre) VALUES ('GRCh37/hg19 10q11.21-26.3(chr10:42347406-135534747)x1', 'AIFM2');
INSERT IGNORE INTO Genes (Nombre) VALUES ('ALDH18A1');
INSERT INTO Enfermedad_has_Genes (Enfermedad_idEnfermedad, Genes_Nombre) VALUES ('GRCh37/hg19 10q11.21-26.3(chr10:42347406-135534747)x1', 'ALDH18A1');
INSERT IGNORE INTO Genes (Nombre) VALUES ('ALOX5');
INSERT INTO Enfermedad_has_Genes (Enfermedad_idEnfermedad, Genes_Nombre) VALUES ('GRCh37/hg19 10q11.21-26.3(chr10:42347406-135534747)x1', 'ALOX5');
INSERT IGNORE INTO Genes (Nombre) VALUES ('ANAPC16');
INSERT INTO Enfermedad_has_Genes (Enfermedad_idEnfermedad, Genes_Nombre) VALUES ('GRCh37/hg19 10q11.21-26.3(chr10:42347406-135534747)x1', 'ANAPC16');
INSERT IGNORE INTO Genes (Nombre) VALUES ('ADIRF-AS1');
INSERT INTO Enfermedad_has_Genes (Enfermedad_idEnfermedad, Genes_Nombre) VALUES ('GRCh37/hg19 10q11.21-26.3(chr10:42347406-135534747)x1', 'ADIRF-AS1');
INSERT IGNORE INTO Genes (Nombre) VALUES ('ADK');
INSERT INTO Enfermedad_has_Genes (Enfermedad_idEnfermedad, Genes_Nombre) VALUES ('GRCh37/hg19 10q11.21-26.3(chr10:42347406-135534747)x1', 'ADK');
INSERT IGNORE INTO Genes (Nombre) VALUES ('ADO');
INSERT INTO Enfermedad_has_Genes (Enfermedad_idEnfermedad, Genes_Nombre) VALUES ('GRCh37/hg19 10q11.21-26.3(chr10:42347406-135534747)x1', 'ADO');
INSERT IGNORE INTO Genes (Nombre) VALUES ('ADRA2A');
INSERT INTO Enfermedad_has_Genes (Enfermedad_idEnfermedad, Genes_Nombre) VALUES ('GRCh37/hg19 10q11.21-26.3(chr10:42347406-135534747)x1', 'ADRA2A');
INSERT IGNORE INTO Genes (Nombre) VALUES ('ADRB1');
INSERT INTO Enfermedad_has_Genes (Enfermedad_idEnfermedad, Genes_Nombre) VALUES ('GRCh37/hg19 10q11.21-26.3(chr10:42347406-135534747)x1', 'ADRB1');
INSERT IGNORE INTO Genes (Nombre) VALUES ('AGAP5');
INSERT INTO Enfermedad_has_Genes (Enfermedad_idEnfermedad, Genes_Nombre) VALUES ('GRCh37/hg19 10q11.21-26.3(chr10:42347406-135534747)x1', 'AGAP5');
INSERT IGNORE INTO Genes (Nombre) VALUES ('AGAP6');
INSERT INTO Enfermedad_has_Genes (Enfermedad_idEnfermedad, Genes_Nombre) VALUES ('GRCh37/hg19 10q11.21-26.3(chr10:42347406-135534747)x1', 'AGAP6');
INSERT IGNORE INTO Genes (Nombre) VALUES ('AGAP9');
INSERT INTO Enfermedad_has_Genes (Enfermedad_idEnfermedad, Genes_Nombre) VALUES ('GRCh37/hg19 10q11.21-26.3(chr10:42347406-135534747)x1', 'AGAP9');
INSERT IGNORE INTO Genes (Nombre) VALUES ('C10orf55');
INSERT INTO Enfermedad_has_Genes (Enfermedad_idEnfermedad, Genes_Nombre) VALUES ('GRCh37/hg19 10q11.21-26.3(chr10:42347406-135534747)x1', 'C10orf55');
INSERT IGNORE INTO Genes (Nombre) VALUES ('C10orf88');
INSERT INTO Enfermedad_has_Genes (Enfermedad_idEnfermedad, Genes_Nombre) VALUES ('GRCh37/hg19 10q11.21-26.3(chr10:42347406-135534747)x1', 'C10orf88');
INSERT IGNORE INTO Genes (Nombre) VALUES ('C10orf90');
INSERT INTO Enfermedad_has_Genes (Enfermedad_idEnfermedad, Genes_Nombre) VALUES ('GRCh37/hg19 10q11.21-26.3(chr10:42347406-135534747)x1', 'C10orf90');
INSERT IGNORE INTO Genes (Nombre) VALUES ('C10orf95');
INSERT INTO Enfermedad_has_Genes (Enfermedad_idEnfermedad, Genes_Nombre) VALUES ('GRCh37/hg19 10q11.21-26.3(chr10:42347406-135534747)x1', 'C10orf95');
INSERT IGNORE INTO Genes (Nombre) VALUES ('CABCOCO1');
INSERT INTO Enfermedad_has_Genes (Enfermedad_idEnfermedad, Genes_Nombre) VALUES ('GRCh37/hg19 10q11.21-26.3(chr10:42347406-135534747)x1', 'CABCOCO1');
INSERT IGNORE INTO Genes (Nombre) VALUES ('ADIRF');
INSERT INTO Enfermedad_has_Genes (Enfermedad_idEnfermedad, Genes_Nombre) VALUES ('GRCh37/hg19 10q11.21-26.3(chr10:42347406-135534747)x1', 'ADIRF');
INSERT IGNORE INTO Genes (Nombre) VALUES ('AFAP1L2');
INSERT INTO Enfermedad_has_Genes (Enfermedad_idEnfermedad, Genes_Nombre) VALUES ('GRCh37/hg19 10q11.21-26.3(chr10:42347406-135534747)x1', 'AFAP1L2');
INSERT IGNORE INTO Genes (Nombre) VALUES ('A1CF');
INSERT INTO Enfermedad_has_Genes (Enfermedad_idEnfermedad, Genes_Nombre) VALUES ('GRCh37/hg19 10q11.21-26.3(chr10:42347406-135534747)x1', 'A1CF');
INSERT IGNORE INTO Genes (Nombre) VALUES ('ABCC2');
INSERT INTO Enfermedad_has_Genes (Enfermedad_idEnfermedad, Genes_Nombre) VALUES ('GRCh37/hg19 10q11.21-26.3(chr10:42347406-135534747)x1', 'ABCC2');
INSERT IGNORE INTO Genes (Nombre) VALUES ('ABLIM1');
INSERT INTO Enfermedad_has_Genes (Enfermedad_idEnfermedad, Genes_Nombre) VALUES ('GRCh37/hg19 10q11.21-26.3(chr10:42347406-135534747)x1', 'ABLIM1');
INSERT IGNORE INTO Genes (Nombre) VALUES ('ABRAXAS2');
INSERT INTO Enfermedad_has_Genes (Enfermedad_idEnfermedad, Genes_Nombre) VALUES ('GRCh37/hg19 10q11.21-26.3(chr10:42347406-135534747)x1', 'ABRAXAS2');
INSERT IGNORE INTO Genes (Nombre) VALUES ('ACADSB');
INSERT INTO Enfermedad_has_Genes (Enfermedad_idEnfermedad, Genes_Nombre) VALUES ('GRCh37/hg19 10q11.21-26.3(chr10:42347406-135534747)x1', 'ACADSB');
INSERT IGNORE INTO Genes (Nombre) VALUES ('ACSL5');
INSERT INTO Enfermedad_has_Genes (Enfermedad_idEnfermedad, Genes_Nombre) VALUES ('GRCh37/hg19 10q11.21-26.3(chr10:42347406-135534747)x1', 'ACSL5');
INSERT IGNORE INTO Genes (Nombre) VALUES ('ACSM6');
INSERT INTO Enfermedad_has_Genes (Enfermedad_idEnfermedad, Genes_Nombre) VALUES ('GRCh37/hg19 10q11.21-26.3(chr10:42347406-135534747)x1', 'ACSM6');
INSERT IGNORE INTO Genes (Nombre) VALUES ('ACTA2');
INSERT INTO Enfermedad_has_Genes (Enfermedad_idEnfermedad, Genes_Nombre) VALUES ('GRCh37/hg19 10q11.21-26.3(chr10:42347406-135534747)x1', 'ACTA2');
INSERT IGNORE INTO Genes (Nombre) VALUES ('ACTR1A');
INSERT INTO Enfermedad_has_Genes (Enfermedad_idEnfermedad, Genes_Nombre) VALUES ('GRCh37/hg19 10q11.21-26.3(chr10:42347406-135534747)x1', 'ACTR1A');
INSERT IGNORE INTO Genes (Nombre) VALUES ('ADAM12');
INSERT INTO Enfermedad_has_Genes (Enfermedad_idEnfermedad, Genes_Nombre) VALUES ('GRCh37/hg19 10q11.21-26.3(chr10:42347406-135534747)x1', 'ADAM12');
INSERT IGNORE INTO Genes (Nombre) VALUES ('ADAM8');
INSERT INTO Enfermedad_has_Genes (Enfermedad_idEnfermedad, Genes_Nombre) VALUES ('GRCh37/hg19 10q11.21-26.3(chr10:42347406-135534747)x1', 'ADAM8');
INSERT IGNORE INTO Genes (Nombre) VALUES ('ANK3');
INSERT INTO Enfermedad_has_Genes (Enfermedad_idEnfermedad, Genes_Nombre) VALUES ('GRCh37/hg19 10q11.21-26.3(chr10:42347406-135534747)x1', 'ANK3');
INSERT IGNORE INTO Genes (Nombre) VALUES ('ANKRD1');
INSERT INTO Enfermedad_has_Genes (Enfermedad_idEnfermedad, Genes_Nombre) VALUES ('GRCh37/hg19 10q11.21-26.3(chr10:42347406-135534747)x1', 'ANKRD1');
INSERT IGNORE INTO Genes (Nombre) VALUES ('ANKRD2');
INSERT INTO Enfermedad_has_Genes (Enfermedad_idEnfermedad, Genes_Nombre) VALUES ('GRCh37/hg19 10q11.21-26.3(chr10:42347406-135534747)x1', 'ANKRD2');
INSERT IGNORE INTO Genes (Nombre) VALUES ('ANKRD22');
INSERT INTO Enfermedad_has_Genes (Enfermedad_idEnfermedad, Genes_Nombre) VALUES ('GRCh37/hg19 10q11.21-26.3(chr10:42347406-135534747)x1', 'ANKRD22');
INSERT IGNORE INTO Genes (Nombre) VALUES ('ANXA11');
INSERT INTO Enfermedad_has_Genes (Enfermedad_idEnfermedad, Genes_Nombre) VALUES ('GRCh37/hg19 10q11.21-26.3(chr10:42347406-135534747)x1', 'ANXA11');
INSERT IGNORE INTO Genes (Nombre) VALUES ('ANXA7');
INSERT INTO Enfermedad_has_Genes (Enfermedad_idEnfermedad, Genes_Nombre) VALUES ('GRCh37/hg19 10q11.21-26.3(chr10:42347406-135534747)x1', 'ANXA7');
INSERT IGNORE INTO Genes (Nombre) VALUES ('ANXA8');
INSERT INTO Enfermedad_has_Genes (Enfermedad_idEnfermedad, Genes_Nombre) VALUES ('GRCh37/hg19 10q11.21-26.3(chr10:42347406-135534747)x1', 'ANXA8');
INSERT IGNORE INTO Genes (Nombre) VALUES ('ANXA8L1');
INSERT INTO Enfermedad_has_Genes (Enfermedad_idEnfermedad, Genes_Nombre) VALUES ('GRCh37/hg19 10q11.21-26.3(chr10:42347406-135534747)x1', 'ANXA8L1');
INSERT IGNORE INTO Genes (Nombre) VALUES ('AP3M1');
INSERT INTO Enfermedad_has_Genes (Enfermedad_idEnfermedad, Genes_Nombre) VALUES ('GRCh37/hg19 10q11.21-26.3(chr10:42347406-135534747)x1', 'AP3M1');
INSERT IGNORE INTO Genes (Nombre) VALUES ('ARHGAP19');
INSERT INTO Enfermedad_has_Genes (Enfermedad_idEnfermedad, Genes_Nombre) VALUES ('GRCh37/hg19 10q11.21-26.3(chr10:42347406-135534747)x1', 'ARHGAP19');
INSERT IGNORE INTO Genes (Nombre) VALUES ('ARHGAP22');
INSERT INTO Enfermedad_has_Genes (Enfermedad_idEnfermedad, Genes_Nombre) VALUES ('GRCh37/hg19 10q11.21-26.3(chr10:42347406-135534747)x1', 'ARHGAP22');
INSERT IGNORE INTO Genes (Nombre) VALUES ('ARID5B');
INSERT INTO Enfermedad_has_Genes (Enfermedad_idEnfermedad, Genes_Nombre) VALUES ('GRCh37/hg19 10q11.21-26.3(chr10:42347406-135534747)x1', 'ARID5B');
INSERT IGNORE INTO Genes (Nombre) VALUES ('ARL3');
INSERT INTO Enfermedad_has_Genes (Enfermedad_idEnfermedad, Genes_Nombre) VALUES ('GRCh37/hg19 10q11.21-26.3(chr10:42347406-135534747)x1', 'ARL3');
INSERT IGNORE INTO Genes (Nombre) VALUES ('ARMH3');
INSERT INTO Enfermedad_has_Genes (Enfermedad_idEnfermedad, Genes_Nombre) VALUES ('GRCh37/hg19 10q11.21-26.3(chr10:42347406-135534747)x1', 'ARMH3');
INSERT IGNORE INTO Genes (Nombre) VALUES ('ARMS2');
INSERT INTO Enfermedad_has_Genes (Enfermedad_idEnfermedad, Genes_Nombre) VALUES ('GRCh37/hg19 10q11.21-26.3(chr10:42347406-135534747)x1', 'ARMS2');
INSERT IGNORE INTO Genes (Nombre) VALUES ('AS3MT');
INSERT INTO Enfermedad_has_Genes (Enfermedad_idEnfermedad, Genes_Nombre) VALUES ('GRCh37/hg19 10q11.21-26.3(chr10:42347406-135534747)x1', 'AS3MT');
INSERT IGNORE INTO Genes (Nombre) VALUES ('ASAH2');
INSERT INTO Enfermedad_has_Genes (Enfermedad_idEnfermedad, Genes_Nombre) VALUES ('GRCh37/hg19 10q11.21-26.3(chr10:42347406-135534747)x1', 'ASAH2');
INSERT IGNORE INTO Genes (Nombre) VALUES ('ASAH2B');
INSERT INTO Enfermedad_has_Genes (Enfermedad_idEnfermedad, Genes_Nombre) VALUES ('GRCh37/hg19 10q11.21-26.3(chr10:42347406-135534747)x1', 'ASAH2B');
INSERT IGNORE INTO Genes (Nombre) VALUES ('ASCC1');
INSERT INTO Enfermedad_has_Genes (Enfermedad_idEnfermedad, Genes_Nombre) VALUES ('GRCh37/hg19 10q11.21-26.3(chr10:42347406-135534747)x1', 'ASCC1');
INSERT IGNORE INTO Genes (Nombre) VALUES ('ATAD1');
INSERT INTO Enfermedad_has_Genes (Enfermedad_idEnfermedad, Genes_Nombre) VALUES ('GRCh37/hg19 10q11.21-26.3(chr10:42347406-135534747)x1', 'ATAD1');
INSERT IGNORE INTO Genes (Nombre) VALUES ('ATE1');
INSERT INTO Enfermedad_has_Genes (Enfermedad_idEnfermedad, Genes_Nombre) VALUES ('GRCh37/hg19 10q11.21-26.3(chr10:42347406-135534747)x1', 'ATE1');
INSERT IGNORE INTO Genes (Nombre) VALUES ('ATOH7');
INSERT INTO Enfermedad_has_Genes (Enfermedad_idEnfermedad, Genes_Nombre) VALUES ('GRCh37/hg19 10q11.21-26.3(chr10:42347406-135534747)x1', 'ATOH7');
INSERT IGNORE INTO Genes (Nombre) VALUES ('ATP5MK');
INSERT INTO Enfermedad_has_Genes (Enfermedad_idEnfermedad, Genes_Nombre) VALUES ('GRCh37/hg19 10q11.21-26.3(chr10:42347406-135534747)x1', 'ATP5MK');
INSERT IGNORE INTO Genes (Nombre) VALUES ('ATRNL1');
INSERT INTO Enfermedad_has_Genes (Enfermedad_idEnfermedad, Genes_Nombre) VALUES ('GRCh37/hg19 10q11.21-26.3(chr10:42347406-135534747)x1', 'ATRNL1');
INSERT IGNORE INTO Genes (Nombre) VALUES ('BAG3');
INSERT INTO Enfermedad_has_Genes (Enfermedad_idEnfermedad, Genes_Nombre) VALUES ('GRCh37/hg19 10q11.21-26.3(chr10:42347406-135534747)x1', 'BAG3');
INSERT IGNORE INTO Genes (Nombre) VALUES ('BBIP1');
INSERT INTO Enfermedad_has_Genes (Enfermedad_idEnfermedad, Genes_Nombre) VALUES ('GRCh37/hg19 10q11.21-26.3(chr10:42347406-135534747)x1', 'BBIP1');
INSERT IGNORE INTO Genes (Nombre) VALUES ('BCCIP');
INSERT INTO Enfermedad_has_Genes (Enfermedad_idEnfermedad, Genes_Nombre) VALUES ('GRCh37/hg19 10q11.21-26.3(chr10:42347406-135534747)x1', 'BCCIP');
INSERT IGNORE INTO Genes (Nombre) VALUES ('BICC1');
INSERT INTO Enfermedad_has_Genes (Enfermedad_idEnfermedad, Genes_Nombre) VALUES ('GRCh37/hg19 10q11.21-26.3(chr10:42347406-135534747)x1', 'BICC1');
INSERT IGNORE INTO Genes (Nombre) VALUES ('BLNK');
INSERT INTO Enfermedad_has_Genes (Enfermedad_idEnfermedad, Genes_Nombre) VALUES ('GRCh37/hg19 10q11.21-26.3(chr10:42347406-135534747)x1', 'BLNK');
INSERT IGNORE INTO Genes (Nombre) VALUES ('BLOC1S2');
INSERT INTO Enfermedad_has_Genes (Enfermedad_idEnfermedad, Genes_Nombre) VALUES ('GRCh37/hg19 10q11.21-26.3(chr10:42347406-135534747)x1', 'BLOC1S2');
INSERT IGNORE INTO Genes (Nombre) VALUES ('BMPR1A');
INSERT INTO Enfermedad_has_Genes (Enfermedad_idEnfermedad, Genes_Nombre) VALUES ('GRCh37/hg19 10q11.21-26.3(chr10:42347406-135534747)x1', 'BMPR1A');
INSERT IGNORE INTO Genes (Nombre) VALUES ('BMS1');
INSERT INTO Enfermedad_has_Genes (Enfermedad_idEnfermedad, Genes_Nombre) VALUES ('GRCh37/hg19 10q11.21-26.3(chr10:42347406-135534747)x1', 'BMS1');
INSERT IGNORE INTO Genes (Nombre) VALUES ('BNIP3');
INSERT INTO Enfermedad_has_Genes (Enfermedad_idEnfermedad, Genes_Nombre) VALUES ('GRCh37/hg19 10q11.21-26.3(chr10:42347406-135534747)x1', 'BNIP3');
INSERT IGNORE INTO Genes (Nombre) VALUES ('BORCS7');
INSERT INTO Enfermedad_has_Genes (Enfermedad_idEnfermedad, Genes_Nombre) VALUES ('GRCh37/hg19 10q11.21-26.3(chr10:42347406-135534747)x1', 'BORCS7');
INSERT IGNORE INTO Genes (Nombre) VALUES ('BTAF1');
INSERT INTO Enfermedad_has_Genes (Enfermedad_idEnfermedad, Genes_Nombre) VALUES ('GRCh37/hg19 10q11.21-26.3(chr10:42347406-135534747)x1', 'BTAF1');
INSERT IGNORE INTO Genes (Nombre) VALUES ('BTBD16');
INSERT INTO Enfermedad_has_Genes (Enfermedad_idEnfermedad, Genes_Nombre) VALUES ('GRCh37/hg19 10q11.21-26.3(chr10:42347406-135534747)x1', 'BTBD16');
INSERT IGNORE INTO Genes (Nombre) VALUES ('BTRC');
INSERT INTO Enfermedad_has_Genes (Enfermedad_idEnfermedad, Genes_Nombre) VALUES ('GRCh37/hg19 10q11.21-26.3(chr10:42347406-135534747)x1', 'BTRC');
INSERT IGNORE INTO Genes (Nombre) VALUES ('BUB3');
INSERT INTO Enfermedad_has_Genes (Enfermedad_idEnfermedad, Genes_Nombre) VALUES ('GRCh37/hg19 10q11.21-26.3(chr10:42347406-135534747)x1', 'BUB3');
INSERT IGNORE INTO Genes (Nombre) VALUES ('C10orf105');
INSERT INTO Enfermedad_has_Genes (Enfermedad_idEnfermedad, Genes_Nombre) VALUES ('GRCh37/hg19 10q11.21-26.3(chr10:42347406-135534747)x1', 'C10orf105');
INSERT IGNORE INTO Genes (Nombre) VALUES ('C10orf12');
INSERT INTO Enfermedad_has_Genes (Enfermedad_idEnfermedad, Genes_Nombre) VALUES ('GRCh37/hg19 10q11.21-26.3(chr10:42347406-135534747)x1', 'C10orf12');
INSERT IGNORE INTO Genes (Nombre) VALUES ('C10orf120');
INSERT INTO Enfermedad_has_Genes (Enfermedad_idEnfermedad, Genes_Nombre) VALUES ('GRCh37/hg19 10q11.21-26.3(chr10:42347406-135534747)x1', 'C10orf120');
INSERT IGNORE INTO Genes (Nombre) VALUES ('C10orf131');
INSERT INTO Enfermedad_has_Genes (Enfermedad_idEnfermedad, Genes_Nombre) VALUES ('GRCh37/hg19 10q11.21-26.3(chr10:42347406-135534747)x1', 'C10orf131');
INSERT IGNORE INTO Genes (Nombre) VALUES ('CALHM3');
INSERT INTO Enfermedad_has_Genes (Enfermedad_idEnfermedad, Genes_Nombre) VALUES ('GRCh37/hg19 10q11.21-26.3(chr10:42347406-135534747)x1', 'CALHM3');
INSERT IGNORE INTO Genes (Nombre) VALUES ('CALY');
INSERT INTO Enfermedad_has_Genes (Enfermedad_idEnfermedad, Genes_Nombre) VALUES ('GRCh37/hg19 10q11.21-26.3(chr10:42347406-135534747)x1', 'CALY');
INSERT IGNORE INTO Genes (Nombre) VALUES ('CAMK2G');
INSERT INTO Enfermedad_has_Genes (Enfermedad_idEnfermedad, Genes_Nombre) VALUES ('GRCh37/hg19 10q11.21-26.3(chr10:42347406-135534747)x1', 'CAMK2G');
INSERT IGNORE INTO Genes (Nombre) VALUES ('CASC2');
INSERT INTO Enfermedad_has_Genes (Enfermedad_idEnfermedad, Genes_Nombre) VALUES ('GRCh37/hg19 10q11.21-26.3(chr10:42347406-135534747)x1', 'CASC2');
INSERT IGNORE INTO Genes (Nombre) VALUES ('CASP7');
INSERT INTO Enfermedad_has_Genes (Enfermedad_idEnfermedad, Genes_Nombre) VALUES ('GRCh37/hg19 10q11.21-26.3(chr10:42347406-135534747)x1', 'CASP7');
INSERT IGNORE INTO Genes (Nombre) VALUES ('CC2D2B');
INSERT INTO Enfermedad_has_Genes (Enfermedad_idEnfermedad, Genes_Nombre) VALUES ('GRCh37/hg19 10q11.21-26.3(chr10:42347406-135534747)x1', 'CC2D2B');
INSERT IGNORE INTO Genes (Nombre) VALUES ('CCAR1');
INSERT INTO Enfermedad_has_Genes (Enfermedad_idEnfermedad, Genes_Nombre) VALUES ('GRCh37/hg19 10q11.21-26.3(chr10:42347406-135534747)x1', 'CCAR1');
INSERT IGNORE INTO Genes (Nombre) VALUES ('CCDC172');
INSERT INTO Enfermedad_has_Genes (Enfermedad_idEnfermedad, Genes_Nombre) VALUES ('GRCh37/hg19 10q11.21-26.3(chr10:42347406-135534747)x1', 'CCDC172');
INSERT IGNORE INTO Genes (Nombre) VALUES ('CCDC186');
INSERT INTO Enfermedad_has_Genes (Enfermedad_idEnfermedad, Genes_Nombre) VALUES ('GRCh37/hg19 10q11.21-26.3(chr10:42347406-135534747)x1', 'CCDC186');
INSERT IGNORE INTO Genes (Nombre) VALUES ('CCDC6');
INSERT INTO Enfermedad_has_Genes (Enfermedad_idEnfermedad, Genes_Nombre) VALUES ('GRCh37/hg19 10q11.21-26.3(chr10:42347406-135534747)x1', 'CCDC6');
INSERT IGNORE INTO Genes (Nombre) VALUES ('CCNJ');
INSERT INTO Enfermedad_has_Genes (Enfermedad_idEnfermedad, Genes_Nombre) VALUES ('GRCh37/hg19 10q11.21-26.3(chr10:42347406-135534747)x1', 'CCNJ');
INSERT IGNORE INTO Genes (Nombre) VALUES ('CCSER2');
INSERT INTO Enfermedad_has_Genes (Enfermedad_idEnfermedad, Genes_Nombre) VALUES ('GRCh37/hg19 10q11.21-26.3(chr10:42347406-135534747)x1', 'CCSER2');
INSERT IGNORE INTO Genes (Nombre) VALUES ('CDH23');
INSERT INTO Enfermedad_has_Genes (Enfermedad_idEnfermedad, Genes_Nombre) VALUES ('GRCh37/hg19 10q11.21-26.3(chr10:42347406-135534747)x1', 'CDH23');
INSERT IGNORE INTO Genes (Nombre) VALUES ('CDHR1');
INSERT INTO Enfermedad_has_Genes (Enfermedad_idEnfermedad, Genes_Nombre) VALUES ('GRCh37/hg19 10q11.21-26.3(chr10:42347406-135534747)x1', 'CDHR1');
INSERT IGNORE INTO Genes (Nombre) VALUES ('CDK1');
INSERT INTO Enfermedad_has_Genes (Enfermedad_idEnfermedad, Genes_Nombre) VALUES ('GRCh37/hg19 10q11.21-26.3(chr10:42347406-135534747)x1', 'CDK1');
INSERT IGNORE INTO Genes (Nombre) VALUES ('CEP55');
INSERT INTO Enfermedad_has_Genes (Enfermedad_idEnfermedad, Genes_Nombre) VALUES ('GRCh37/hg19 10q11.21-26.3(chr10:42347406-135534747)x1', 'CEP55');
INSERT IGNORE INTO Genes (Nombre) VALUES ('CFAP43');
INSERT INTO Enfermedad_has_Genes (Enfermedad_idEnfermedad, Genes_Nombre) VALUES ('GRCh37/hg19 10q11.21-26.3(chr10:42347406-135534747)x1', 'CFAP43');
INSERT IGNORE INTO Genes (Nombre) VALUES ('CFAP46');
INSERT INTO Enfermedad_has_Genes (Enfermedad_idEnfermedad, Genes_Nombre) VALUES ('GRCh37/hg19 10q11.21-26.3(chr10:42347406-135534747)x1', 'CFAP46');
INSERT IGNORE INTO Genes (Nombre) VALUES ('CFAP58');
INSERT INTO Enfermedad_has_Genes (Enfermedad_idEnfermedad, Genes_Nombre) VALUES ('GRCh37/hg19 10q11.21-26.3(chr10:42347406-135534747)x1', 'CFAP58');
INSERT IGNORE INTO Genes (Nombre) VALUES ('CFAP70');
INSERT INTO Enfermedad_has_Genes (Enfermedad_idEnfermedad, Genes_Nombre) VALUES ('GRCh37/hg19 10q11.21-26.3(chr10:42347406-135534747)x1', 'CFAP70');
INSERT IGNORE INTO Genes (Nombre) VALUES ('CH25H');
INSERT INTO Enfermedad_has_Genes (Enfermedad_idEnfermedad, Genes_Nombre) VALUES ('GRCh37/hg19 10q11.21-26.3(chr10:42347406-135534747)x1', 'CH25H');
INSERT IGNORE INTO Genes (Nombre) VALUES ('CHAT');
INSERT INTO Enfermedad_has_Genes (Enfermedad_idEnfermedad, Genes_Nombre) VALUES ('GRCh37/hg19 10q11.21-26.3(chr10:42347406-135534747)x1', 'CHAT');
INSERT IGNORE INTO Genes (Nombre) VALUES ('CHCHD1');
INSERT INTO Enfermedad_has_Genes (Enfermedad_idEnfermedad, Genes_Nombre) VALUES ('GRCh37/hg19 10q11.21-26.3(chr10:42347406-135534747)x1', 'CHCHD1');
INSERT IGNORE INTO Genes (Nombre) VALUES ('CHST15');
INSERT INTO Enfermedad_has_Genes (Enfermedad_idEnfermedad, Genes_Nombre) VALUES ('GRCh37/hg19 10q11.21-26.3(chr10:42347406-135534747)x1', 'CHST15');
INSERT IGNORE INTO Genes (Nombre) VALUES ('CHST3');
INSERT INTO Enfermedad_has_Genes (Enfermedad_idEnfermedad, Genes_Nombre) VALUES ('GRCh37/hg19 10q11.21-26.3(chr10:42347406-135534747)x1', 'CHST3');
INSERT IGNORE INTO Genes (Nombre) VALUES ('CHUK');
INSERT INTO Enfermedad_has_Genes (Enfermedad_idEnfermedad, Genes_Nombre) VALUES ('GRCh37/hg19 10q11.21-26.3(chr10:42347406-135534747)x1', 'CHUK');
INSERT IGNORE INTO Genes (Nombre) VALUES ('CISD1');
INSERT INTO Enfermedad_has_Genes (Enfermedad_idEnfermedad, Genes_Nombre) VALUES ('GRCh37/hg19 10q11.21-26.3(chr10:42347406-135534747)x1', 'CISD1');
INSERT IGNORE INTO Genes (Nombre) VALUES ('CLRN3');
INSERT INTO Enfermedad_has_Genes (Enfermedad_idEnfermedad, Genes_Nombre) VALUES ('GRCh37/hg19 10q11.21-26.3(chr10:42347406-135534747)x1', 'CLRN3');
INSERT IGNORE INTO Genes (Nombre) VALUES ('CNNM1');
INSERT INTO Enfermedad_has_Genes (Enfermedad_idEnfermedad, Genes_Nombre) VALUES ('GRCh37/hg19 10q11.21-26.3(chr10:42347406-135534747)x1', 'CNNM1');
INSERT IGNORE INTO Genes (Nombre) VALUES ('CNNM2');
INSERT INTO Enfermedad_has_Genes (Enfermedad_idEnfermedad, Genes_Nombre) VALUES ('GRCh37/hg19 10q11.21-26.3(chr10:42347406-135534747)x1', 'CNNM2');
INSERT IGNORE INTO Genes (Nombre) VALUES ('CTNNA3');
INSERT INTO Enfermedad_has_Genes (Enfermedad_idEnfermedad, Genes_Nombre) VALUES ('GRCh37/hg19 10q11.21-26.3(chr10:42347406-135534747)x1', 'CTNNA3');
INSERT IGNORE INTO Genes (Nombre) VALUES ('CUEDC2');
INSERT INTO Enfermedad_has_Genes (Enfermedad_idEnfermedad, Genes_Nombre) VALUES ('GRCh37/hg19 10q11.21-26.3(chr10:42347406-135534747)x1', 'CUEDC2');
INSERT IGNORE INTO Genes (Nombre) VALUES ('CUTC');
INSERT INTO Enfermedad_has_Genes (Enfermedad_idEnfermedad, Genes_Nombre) VALUES ('GRCh37/hg19 10q11.21-26.3(chr10:42347406-135534747)x1', 'CUTC');
INSERT IGNORE INTO Genes (Nombre) VALUES ('CUZD1');
INSERT INTO Enfermedad_has_Genes (Enfermedad_idEnfermedad, Genes_Nombre) VALUES ('GRCh37/hg19 10q11.21-26.3(chr10:42347406-135534747)x1', 'CUZD1');
INSERT IGNORE INTO Genes (Nombre) VALUES ('CWF19L1');
INSERT INTO Enfermedad_has_Genes (Enfermedad_idEnfermedad, Genes_Nombre) VALUES ('GRCh37/hg19 10q11.21-26.3(chr10:42347406-135534747)x1', 'CWF19L1');
INSERT IGNORE INTO Genes (Nombre) VALUES ('CXCL12');
INSERT INTO Enfermedad_has_Genes (Enfermedad_idEnfermedad, Genes_Nombre) VALUES ('GRCh37/hg19 10q11.21-26.3(chr10:42347406-135534747)x1', 'CXCL12');
INSERT IGNORE INTO Genes (Nombre) VALUES ('CYP2C19');
INSERT INTO Enfermedad_has_Genes (Enfermedad_idEnfermedad, Genes_Nombre) VALUES ('GRCh37/hg19 10q11.21-26.3(chr10:42347406-135534747)x1', 'CYP2C19');
INSERT IGNORE INTO Genes (Nombre) VALUES ('CYP2C8');
INSERT INTO Enfermedad_has_Genes (Enfermedad_idEnfermedad, Genes_Nombre) VALUES ('GRCh37/hg19 10q11.21-26.3(chr10:42347406-135534747)x1', 'CYP2C8');
INSERT IGNORE INTO Genes (Nombre) VALUES ('CYP2C9');
INSERT INTO Enfermedad_has_Genes (Enfermedad_idEnfermedad, Genes_Nombre) VALUES ('GRCh37/hg19 10q11.21-26.3(chr10:42347406-135534747)x1', 'CYP2C9');
INSERT IGNORE INTO Genes (Nombre) VALUES ('CYP2E1');
INSERT INTO Enfermedad_has_Genes (Enfermedad_idEnfermedad, Genes_Nombre) VALUES ('GRCh37/hg19 10q11.21-26.3(chr10:42347406-135534747)x1', 'CYP2E1');
INSERT IGNORE INTO Genes (Nombre) VALUES ('DCLRE1A');
INSERT INTO Enfermedad_has_Genes (Enfermedad_idEnfermedad, Genes_Nombre) VALUES ('GRCh37/hg19 10q11.21-26.3(chr10:42347406-135534747)x1', 'DCLRE1A');
INSERT IGNORE INTO Genes (Nombre) VALUES ('DDIT4');
INSERT INTO Enfermedad_has_Genes (Enfermedad_idEnfermedad, Genes_Nombre) VALUES ('GRCh37/hg19 10q11.21-26.3(chr10:42347406-135534747)x1', 'DDIT4');
INSERT IGNORE INTO Genes (Nombre) VALUES ('DDX21');
INSERT INTO Enfermedad_has_Genes (Enfermedad_idEnfermedad, Genes_Nombre) VALUES ('GRCh37/hg19 10q11.21-26.3(chr10:42347406-135534747)x1', 'DDX21');
INSERT IGNORE INTO Genes (Nombre) VALUES ('DDX50');
INSERT INTO Enfermedad_has_Genes (Enfermedad_idEnfermedad, Genes_Nombre) VALUES ('GRCh37/hg19 10q11.21-26.3(chr10:42347406-135534747)x1', 'DDX50');
INSERT IGNORE INTO Genes (Nombre) VALUES ('DENND10');
INSERT INTO Enfermedad_has_Genes (Enfermedad_idEnfermedad, Genes_Nombre) VALUES ('GRCh37/hg19 10q11.21-26.3(chr10:42347406-135534747)x1', 'DENND10');
INSERT IGNORE INTO Genes (Nombre) VALUES ('DEPP1');
INSERT INTO Enfermedad_has_Genes (Enfermedad_idEnfermedad, Genes_Nombre) VALUES ('GRCh37/hg19 10q11.21-26.3(chr10:42347406-135534747)x1', 'DEPP1');
INSERT IGNORE INTO Genes (Nombre) VALUES ('DHX32');
INSERT INTO Enfermedad_has_Genes (Enfermedad_idEnfermedad, Genes_Nombre) VALUES ('GRCh37/hg19 10q11.21-26.3(chr10:42347406-135534747)x1', 'DHX32');
INSERT IGNORE INTO Genes (Nombre) VALUES ('DKK1');
INSERT INTO Enfermedad_has_Genes (Enfermedad_idEnfermedad, Genes_Nombre) VALUES ('GRCh37/hg19 10q11.21-26.3(chr10:42347406-135534747)x1', 'DKK1');
INSERT IGNORE INTO Genes (Nombre) VALUES ('DLG5');
INSERT INTO Enfermedad_has_Genes (Enfermedad_idEnfermedad, Genes_Nombre) VALUES ('GRCh37/hg19 10q11.21-26.3(chr10:42347406-135534747)x1', 'DLG5');
INSERT IGNORE INTO Genes (Nombre) VALUES ('DMBT1');
INSERT INTO Enfermedad_has_Genes (Enfermedad_idEnfermedad, Genes_Nombre) VALUES ('GRCh37/hg19 10q11.21-26.3(chr10:42347406-135534747)x1', 'DMBT1');
INSERT IGNORE INTO Genes (Nombre) VALUES ('DNA2');
INSERT INTO Enfermedad_has_Genes (Enfermedad_idEnfermedad, Genes_Nombre) VALUES ('GRCh37/hg19 10q11.21-26.3(chr10:42347406-135534747)x1', 'DNA2');
INSERT IGNORE INTO Genes (Nombre) VALUES ('DNAJB12');
INSERT INTO Enfermedad_has_Genes (Enfermedad_idEnfermedad, Genes_Nombre) VALUES ('GRCh37/hg19 10q11.21-26.3(chr10:42347406-135534747)x1', 'DNAJB12');
INSERT IGNORE INTO Genes (Nombre) VALUES ('DNAJC12');
INSERT INTO Enfermedad_has_Genes (Enfermedad_idEnfermedad, Genes_Nombre) VALUES ('GRCh37/hg19 10q11.21-26.3(chr10:42347406-135534747)x1', 'DNAJC12');
INSERT IGNORE INTO Genes (Nombre) VALUES ('DNAJC9');
INSERT INTO Enfermedad_has_Genes (Enfermedad_idEnfermedad, Genes_Nombre) VALUES ('GRCh37/hg19 10q11.21-26.3(chr10:42347406-135534747)x1', 'DNAJC9');
INSERT IGNORE INTO Genes (Nombre) VALUES ('DNMBP');
INSERT INTO Enfermedad_has_Genes (Enfermedad_idEnfermedad, Genes_Nombre) VALUES ('GRCh37/hg19 10q11.21-26.3(chr10:42347406-135534747)x1', 'DNMBP');
INSERT IGNORE INTO Genes (Nombre) VALUES ('DNTT');
INSERT INTO Enfermedad_has_Genes (Enfermedad_idEnfermedad, Genes_Nombre) VALUES ('GRCh37/hg19 10q11.21-26.3(chr10:42347406-135534747)x1', 'DNTT');
INSERT IGNORE INTO Genes (Nombre) VALUES ('DPCD');
INSERT INTO Enfermedad_has_Genes (Enfermedad_idEnfermedad, Genes_Nombre) VALUES ('GRCh37/hg19 10q11.21-26.3(chr10:42347406-135534747)x1', 'DPCD');
INSERT IGNORE INTO Genes (Nombre) VALUES ('DOCK1');
INSERT INTO Enfermedad_has_Genes (Enfermedad_idEnfermedad, Genes_Nombre) VALUES ('GRCh37/hg19 10q11.21-26.3(chr10:42347406-135534747)x1', 'DOCK1');
INSERT IGNORE INTO Genes (Nombre) VALUES ('DPYSL4');
INSERT INTO Enfermedad_has_Genes (Enfermedad_idEnfermedad, Genes_Nombre) VALUES ('GRCh37/hg19 10q11.21-26.3(chr10:42347406-135534747)x1', 'DPYSL4');
INSERT IGNORE INTO Genes (Nombre) VALUES ('DRGX');
INSERT INTO Enfermedad_has_Genes (Enfermedad_idEnfermedad, Genes_Nombre) VALUES ('GRCh37/hg19 10q11.21-26.3(chr10:42347406-135534747)x1', 'DRGX');
INSERT IGNORE INTO Genes (Nombre) VALUES ('DUSP13');
INSERT INTO Enfermedad_has_Genes (Enfermedad_idEnfermedad, Genes_Nombre) VALUES ('GRCh37/hg19 10q11.21-26.3(chr10:42347406-135534747)x1', 'DUSP13');
INSERT IGNORE INTO Genes (Nombre) VALUES ('DUSP29');
INSERT INTO Enfermedad_has_Genes (Enfermedad_idEnfermedad, Genes_Nombre) VALUES ('GRCh37/hg19 10q11.21-26.3(chr10:42347406-135534747)x1', 'DUSP29');
INSERT IGNORE INTO Genes (Nombre) VALUES ('DUSP5');
INSERT INTO Enfermedad_has_Genes (Enfermedad_idEnfermedad, Genes_Nombre) VALUES ('GRCh37/hg19 10q11.21-26.3(chr10:42347406-135534747)x1', 'DUSP5');
INSERT IGNORE INTO Genes (Nombre) VALUES ('DYDC1');
INSERT INTO Enfermedad_has_Genes (Enfermedad_idEnfermedad, Genes_Nombre) VALUES ('GRCh37/hg19 10q11.21-26.3(chr10:42347406-135534747)x1', 'DYDC1');
INSERT IGNORE INTO Genes (Nombre) VALUES ('DYDC2');
INSERT INTO Enfermedad_has_Genes (Enfermedad_idEnfermedad, Genes_Nombre) VALUES ('GRCh37/hg19 10q11.21-26.3(chr10:42347406-135534747)x1', 'DYDC2');
INSERT IGNORE INTO Genes (Nombre) VALUES ('EBF3');
INSERT INTO Enfermedad_has_Genes (Enfermedad_idEnfermedad, Genes_Nombre) VALUES ('GRCh37/hg19 10q11.21-26.3(chr10:42347406-135534747)x1', 'EBF3');
INSERT IGNORE INTO Genes (Nombre) VALUES ('ECD');
INSERT INTO Enfermedad_has_Genes (Enfermedad_idEnfermedad, Genes_Nombre) VALUES ('GRCh37/hg19 10q11.21-26.3(chr10:42347406-135534747)x1', 'ECD');
INSERT IGNORE INTO Genes (Nombre) VALUES ('ECHS1');
INSERT INTO Enfermedad_has_Genes (Enfermedad_idEnfermedad, Genes_Nombre) VALUES ('GRCh37/hg19 10q11.21-26.3(chr10:42347406-135534747)x1', 'ECHS1');
INSERT IGNORE INTO Genes (Nombre) VALUES ('EDRF1');
INSERT INTO Enfermedad_has_Genes (Enfermedad_idEnfermedad, Genes_Nombre) VALUES ('GRCh37/hg19 10q11.21-26.3(chr10:42347406-135534747)x1', 'EDRF1');
INSERT IGNORE INTO Genes (Nombre) VALUES ('EEF1AKMT2');
INSERT INTO Enfermedad_has_Genes (Enfermedad_idEnfermedad, Genes_Nombre) VALUES ('GRCh37/hg19 10q11.21-26.3(chr10:42347406-135534747)x1', 'EEF1AKMT2');
INSERT IGNORE INTO Genes (Nombre) VALUES ('EGR2');
INSERT INTO Enfermedad_has_Genes (Enfermedad_idEnfermedad, Genes_Nombre) VALUES ('GRCh37/hg19 10q11.21-26.3(chr10:42347406-135534747)x1', 'EGR2');
INSERT IGNORE INTO Genes (Nombre) VALUES ('EIF3A');
INSERT INTO Enfermedad_has_Genes (Enfermedad_idEnfermedad, Genes_Nombre) VALUES ('GRCh37/hg19 10q11.21-26.3(chr10:42347406-135534747)x1', 'EIF3A');
INSERT IGNORE INTO Genes (Nombre) VALUES ('EIF4EBP2');
INSERT INTO Enfermedad_has_Genes (Enfermedad_idEnfermedad, Genes_Nombre) VALUES ('GRCh37/hg19 10q11.21-26.3(chr10:42347406-135534747)x1', 'EIF4EBP2');
INSERT IGNORE INTO Genes (Nombre) VALUES ('EIF5AL1');
INSERT INTO Enfermedad_has_Genes (Enfermedad_idEnfermedad, Genes_Nombre) VALUES ('GRCh37/hg19 10q11.21-26.3(chr10:42347406-135534747)x1', 'EIF5AL1');
INSERT IGNORE INTO Genes (Nombre) VALUES ('ELOVL3');
INSERT INTO Enfermedad_has_Genes (Enfermedad_idEnfermedad, Genes_Nombre) VALUES ('GRCh37/hg19 10q11.21-26.3(chr10:42347406-135534747)x1', 'ELOVL3');
INSERT IGNORE INTO Genes (Nombre) VALUES ('EMX2');
INSERT INTO Enfermedad_has_Genes (Enfermedad_idEnfermedad, Genes_Nombre) VALUES ('GRCh37/hg19 10q11.21-26.3(chr10:42347406-135534747)x1', 'EMX2');
INSERT IGNORE INTO Genes (Nombre) VALUES ('EMX2OS');
INSERT INTO Enfermedad_has_Genes (Enfermedad_idEnfermedad, Genes_Nombre) VALUES ('GRCh37/hg19 10q11.21-26.3(chr10:42347406-135534747)x1', 'EMX2OS');
INSERT IGNORE INTO Genes (Nombre) VALUES ('ENO4');
INSERT INTO Enfermedad_has_Genes (Enfermedad_idEnfermedad, Genes_Nombre) VALUES ('GRCh37/hg19 10q11.21-26.3(chr10:42347406-135534747)x1', 'ENO4');
INSERT IGNORE INTO Genes (Nombre) VALUES ('ENTPD1');
INSERT INTO Enfermedad_has_Genes (Enfermedad_idEnfermedad, Genes_Nombre) VALUES ('GRCh37/hg19 10q11.21-26.3(chr10:42347406-135534747)x1', 'ENTPD1');
INSERT IGNORE INTO Genes (Nombre) VALUES ('ENTPD7');
INSERT INTO Enfermedad_has_Genes (Enfermedad_idEnfermedad, Genes_Nombre) VALUES ('GRCh37/hg19 10q11.21-26.3(chr10:42347406-135534747)x1', 'ENTPD7');
INSERT IGNORE INTO Genes (Nombre) VALUES ('ERCC6');
INSERT INTO Enfermedad_has_Genes (Enfermedad_idEnfermedad, Genes_Nombre) VALUES ('GRCh37/hg19 10q11.21-26.3(chr10:42347406-135534747)x1', 'ERCC6');
INSERT IGNORE INTO Genes (Nombre) VALUES ('ERLIN1');
INSERT INTO Enfermedad_has_Genes (Enfermedad_idEnfermedad, Genes_Nombre) VALUES ('GRCh37/hg19 10q11.21-26.3(chr10:42347406-135534747)x1', 'ERLIN1');
INSERT IGNORE INTO Genes (Nombre) VALUES ('EXOC6');
INSERT INTO Enfermedad_has_Genes (Enfermedad_idEnfermedad, Genes_Nombre) VALUES ('GRCh37/hg19 10q11.21-26.3(chr10:42347406-135534747)x1', 'EXOC6');
INSERT IGNORE INTO Genes (Nombre) VALUES ('EXOSC1');
INSERT INTO Enfermedad_has_Genes (Enfermedad_idEnfermedad, Genes_Nombre) VALUES ('GRCh37/hg19 10q11.21-26.3(chr10:42347406-135534747)x1', 'EXOSC1');
INSERT IGNORE INTO Genes (Nombre) VALUES ('FAM13C');
INSERT INTO Enfermedad_has_Genes (Enfermedad_idEnfermedad, Genes_Nombre) VALUES ('GRCh37/hg19 10q11.21-26.3(chr10:42347406-135534747)x1', 'FAM13C');
INSERT IGNORE INTO Genes (Nombre) VALUES ('FAM149B1');
INSERT INTO Enfermedad_has_Genes (Enfermedad_idEnfermedad, Genes_Nombre) VALUES ('GRCh37/hg19 10q11.21-26.3(chr10:42347406-135534747)x1', 'FAM149B1');
INSERT IGNORE INTO Genes (Nombre) VALUES ('FAM170B');
INSERT INTO Enfermedad_has_Genes (Enfermedad_idEnfermedad, Genes_Nombre) VALUES ('GRCh37/hg19 10q11.21-26.3(chr10:42347406-135534747)x1', 'FAM170B');
INSERT IGNORE INTO Genes (Nombre) VALUES ('FAM204A');
INSERT INTO Enfermedad_has_Genes (Enfermedad_idEnfermedad, Genes_Nombre) VALUES ('GRCh37/hg19 10q11.21-26.3(chr10:42347406-135534747)x1', 'FAM204A');
INSERT IGNORE INTO Genes (Nombre) VALUES ('FAM241B');
INSERT INTO Enfermedad_has_Genes (Enfermedad_idEnfermedad, Genes_Nombre) VALUES ('GRCh37/hg19 10q11.21-26.3(chr10:42347406-135534747)x1', 'FAM241B');
INSERT IGNORE INTO Genes (Nombre) VALUES ('FAM24A');
INSERT INTO Enfermedad_has_Genes (Enfermedad_idEnfermedad, Genes_Nombre) VALUES ('GRCh37/hg19 10q11.21-26.3(chr10:42347406-135534747)x1', 'FAM24A');
INSERT IGNORE INTO Genes (Nombre) VALUES ('FAM24B');
INSERT INTO Enfermedad_has_Genes (Enfermedad_idEnfermedad, Genes_Nombre) VALUES ('GRCh37/hg19 10q11.21-26.3(chr10:42347406-135534747)x1', 'FAM24B');
INSERT IGNORE INTO Genes (Nombre) VALUES ('FAM25A');
INSERT INTO Enfermedad_has_Genes (Enfermedad_idEnfermedad, Genes_Nombre) VALUES ('GRCh37/hg19 10q11.21-26.3(chr10:42347406-135534747)x1', 'FAM25A');
INSERT IGNORE INTO Genes (Nombre) VALUES ('FAM25C');
INSERT INTO Enfermedad_has_Genes (Enfermedad_idEnfermedad, Genes_Nombre) VALUES ('GRCh37/hg19 10q11.21-26.3(chr10:42347406-135534747)x1', 'FAM25C');
INSERT IGNORE INTO Genes (Nombre) VALUES ('FAM25E');
INSERT INTO Enfermedad_has_Genes (Enfermedad_idEnfermedad, Genes_Nombre) VALUES ('GRCh37/hg19 10q11.21-26.3(chr10:42347406-135534747)x1', 'FAM25E');
INSERT IGNORE INTO Genes (Nombre) VALUES ('FAM25G');
INSERT INTO Enfermedad_has_Genes (Enfermedad_idEnfermedad, Genes_Nombre) VALUES ('GRCh37/hg19 10q11.21-26.3(chr10:42347406-135534747)x1', 'FAM25G');
INSERT IGNORE INTO Genes (Nombre) VALUES ('FAM53B');
INSERT INTO Enfermedad_has_Genes (Enfermedad_idEnfermedad, Genes_Nombre) VALUES ('GRCh37/hg19 10q11.21-26.3(chr10:42347406-135534747)x1', 'FAM53B');
INSERT IGNORE INTO Genes (Nombre) VALUES ('FANK1');
INSERT INTO Enfermedad_has_Genes (Enfermedad_idEnfermedad, Genes_Nombre) VALUES ('GRCh37/hg19 10q11.21-26.3(chr10:42347406-135534747)x1', 'FANK1');
INSERT IGNORE INTO Genes (Nombre) VALUES ('FAS');
INSERT INTO Enfermedad_has_Genes (Enfermedad_idEnfermedad, Genes_Nombre) VALUES ('GRCh37/hg19 10q11.21-26.3(chr10:42347406-135534747)x1', 'FAS');
INSERT IGNORE INTO Genes (Nombre) VALUES ('FAS-AS1');
INSERT INTO Enfermedad_has_Genes (Enfermedad_idEnfermedad, Genes_Nombre) VALUES ('GRCh37/hg19 10q11.21-26.3(chr10:42347406-135534747)x1', 'FAS-AS1');
INSERT IGNORE INTO Genes (Nombre) VALUES ('FBXL15');
INSERT INTO Enfermedad_has_Genes (Enfermedad_idEnfermedad, Genes_Nombre) VALUES ('GRCh37/hg19 10q11.21-26.3(chr10:42347406-135534747)x1', 'FBXL15');
INSERT IGNORE INTO Genes (Nombre) VALUES ('FBXW4');
INSERT INTO Enfermedad_has_Genes (Enfermedad_idEnfermedad, Genes_Nombre) VALUES ('GRCh37/hg19 10q11.21-26.3(chr10:42347406-135534747)x1', 'FBXW4');
INSERT IGNORE INTO Genes (Nombre) VALUES ('FFAR4');
INSERT INTO Enfermedad_has_Genes (Enfermedad_idEnfermedad, Genes_Nombre) VALUES ('GRCh37/hg19 10q11.21-26.3(chr10:42347406-135534747)x1', 'FFAR4');
INSERT IGNORE INTO Genes (Nombre) VALUES ('FGF8');
INSERT INTO Enfermedad_has_Genes (Enfermedad_idEnfermedad, Genes_Nombre) VALUES ('GRCh37/hg19 10q11.21-26.3(chr10:42347406-135534747)x1', 'FGF8');
INSERT IGNORE INTO Genes (Nombre) VALUES ('FGFBP3');
INSERT INTO Enfermedad_has_Genes (Enfermedad_idEnfermedad, Genes_Nombre) VALUES ('GRCh37/hg19 10q11.21-26.3(chr10:42347406-135534747)x1', 'FGFBP3');
INSERT IGNORE INTO Genes (Nombre) VALUES ('FGFR2');
INSERT INTO Enfermedad_has_Genes (Enfermedad_idEnfermedad, Genes_Nombre) VALUES ('GRCh37/hg19 10q11.21-26.3(chr10:42347406-135534747)x1', 'FGFR2');
INSERT IGNORE INTO Genes (Nombre) VALUES ('FHIP2A');
INSERT INTO Enfermedad_has_Genes (Enfermedad_idEnfermedad, Genes_Nombre) VALUES ('GRCh37/hg19 10q11.21-26.3(chr10:42347406-135534747)x1', 'FHIP2A');
INSERT IGNORE INTO Genes (Nombre) VALUES ('FOXI2');
INSERT INTO Enfermedad_has_Genes (Enfermedad_idEnfermedad, Genes_Nombre) VALUES ('GRCh37/hg19 10q11.21-26.3(chr10:42347406-135534747)x1', 'FOXI2');
INSERT IGNORE INTO Genes (Nombre) VALUES ('FRA10AC1');
INSERT INTO Enfermedad_has_Genes (Enfermedad_idEnfermedad, Genes_Nombre) VALUES ('GRCh37/hg19 10q11.21-26.3(chr10:42347406-135534747)x1', 'FRA10AC1');
INSERT IGNORE INTO Genes (Nombre) VALUES ('FRAT1');
INSERT INTO Enfermedad_has_Genes (Enfermedad_idEnfermedad, Genes_Nombre) VALUES ('GRCh37/hg19 10q11.21-26.3(chr10:42347406-135534747)x1', 'FRAT1');
INSERT IGNORE INTO Genes (Nombre) VALUES ('FRAT2');
INSERT INTO Enfermedad_has_Genes (Enfermedad_idEnfermedad, Genes_Nombre) VALUES ('GRCh37/hg19 10q11.21-26.3(chr10:42347406-135534747)x1', 'FRAT2');
INSERT IGNORE INTO Genes (Nombre) VALUES ('FRG2B');
INSERT INTO Enfermedad_has_Genes (Enfermedad_idEnfermedad, Genes_Nombre) VALUES ('GRCh37/hg19 10q11.21-26.3(chr10:42347406-135534747)x1', 'FRG2B');
INSERT IGNORE INTO Genes (Nombre) VALUES ('FRMPD2');
INSERT INTO Enfermedad_has_Genes (Enfermedad_idEnfermedad, Genes_Nombre) VALUES ('GRCh37/hg19 10q11.21-26.3(chr10:42347406-135534747)x1', 'FRMPD2');
INSERT IGNORE INTO Genes (Nombre) VALUES ('FUOM');
INSERT INTO Enfermedad_has_Genes (Enfermedad_idEnfermedad, Genes_Nombre) VALUES ('GRCh37/hg19 10q11.21-26.3(chr10:42347406-135534747)x1', 'FUOM');
INSERT IGNORE INTO Genes (Nombre) VALUES ('FUT11');
INSERT INTO Enfermedad_has_Genes (Enfermedad_idEnfermedad, Genes_Nombre) VALUES ('GRCh37/hg19 10q11.21-26.3(chr10:42347406-135534747)x1', 'FUT11');
INSERT IGNORE INTO Genes (Nombre) VALUES ('FXYD4');
INSERT INTO Enfermedad_has_Genes (Enfermedad_idEnfermedad, Genes_Nombre) VALUES ('GRCh37/hg19 10q11.21-26.3(chr10:42347406-135534747)x1', 'FXYD4');
INSERT IGNORE INTO Genes (Nombre) VALUES ('GBF1');
INSERT INTO Enfermedad_has_Genes (Enfermedad_idEnfermedad, Genes_Nombre) VALUES ('GRCh37/hg19 10q11.21-26.3(chr10:42347406-135534747)x1', 'GBF1');
INSERT IGNORE INTO Genes (Nombre) VALUES ('GDF10');
INSERT INTO Enfermedad_has_Genes (Enfermedad_idEnfermedad, Genes_Nombre) VALUES ('GRCh37/hg19 10q11.21-26.3(chr10:42347406-135534747)x1', 'GDF10');
INSERT IGNORE INTO Genes (Nombre) VALUES ('GDF2');
INSERT INTO Enfermedad_has_Genes (Enfermedad_idEnfermedad, Genes_Nombre) VALUES ('GRCh37/hg19 10q11.21-26.3(chr10:42347406-135534747)x1', 'GDF2');
INSERT IGNORE INTO Genes (Nombre) VALUES ('GFRA1');
INSERT INTO Enfermedad_has_Genes (Enfermedad_idEnfermedad, Genes_Nombre) VALUES ('GRCh37/hg19 10q11.21-26.3(chr10:42347406-135534747)x1', 'GFRA1');
INSERT IGNORE INTO Genes (Nombre) VALUES ('GHITM');
INSERT INTO Enfermedad_has_Genes (Enfermedad_idEnfermedad, Genes_Nombre) VALUES ('GRCh37/hg19 10q11.21-26.3(chr10:42347406-135534747)x1', 'GHITM');
INSERT IGNORE INTO Genes (Nombre) VALUES ('GLRX3');
INSERT INTO Enfermedad_has_Genes (Enfermedad_idEnfermedad, Genes_Nombre) VALUES ('GRCh37/hg19 10q11.21-26.3(chr10:42347406-135534747)x1', 'GLRX3');
INSERT IGNORE INTO Genes (Nombre) VALUES ('GLUD1');
INSERT INTO Enfermedad_has_Genes (Enfermedad_idEnfermedad, Genes_Nombre) VALUES ('GRCh37/hg19 10q11.21-26.3(chr10:42347406-135534747)x1', 'GLUD1');
INSERT IGNORE INTO Genes (Nombre) VALUES ('GOLGA7B');
INSERT INTO Enfermedad_has_Genes (Enfermedad_idEnfermedad, Genes_Nombre) VALUES ('GRCh37/hg19 10q11.21-26.3(chr10:42347406-135534747)x1', 'GOLGA7B');
INSERT IGNORE INTO Genes (Nombre) VALUES ('GOT1');
INSERT INTO Enfermedad_has_Genes (Enfermedad_idEnfermedad, Genes_Nombre) VALUES ('GRCh37/hg19 10q11.21-26.3(chr10:42347406-135534747)x1', 'GOT1');
INSERT IGNORE INTO Genes (Nombre) VALUES ('GPAM');
INSERT INTO Enfermedad_has_Genes (Enfermedad_idEnfermedad, Genes_Nombre) VALUES ('GRCh37/hg19 10q11.21-26.3(chr10:42347406-135534747)x1', 'GPAM');
INSERT IGNORE INTO Genes (Nombre) VALUES ('GPR15LG');
INSERT INTO Enfermedad_has_Genes (Enfermedad_idEnfermedad, Genes_Nombre) VALUES ('GRCh37/hg19 10q11.21-26.3(chr10:42347406-135534747)x1', 'GPR15LG');
INSERT IGNORE INTO Genes (Nombre) VALUES ('GPR26');
INSERT INTO Enfermedad_has_Genes (Enfermedad_idEnfermedad, Genes_Nombre) VALUES ('GRCh37/hg19 10q11.21-26.3(chr10:42347406-135534747)x1', 'GPR26');
INSERT IGNORE INTO Genes (Nombre) VALUES ('GPRIN2');
INSERT INTO Enfermedad_has_Genes (Enfermedad_idEnfermedad, Genes_Nombre) VALUES ('GRCh37/hg19 10q11.21-26.3(chr10:42347406-135534747)x1', 'GPRIN2');
INSERT IGNORE INTO Genes (Nombre) VALUES ('GRID1');
INSERT INTO Enfermedad_has_Genes (Enfermedad_idEnfermedad, Genes_Nombre) VALUES ('GRCh37/hg19 10q11.21-26.3(chr10:42347406-135534747)x1', 'GRID1');
INSERT IGNORE INTO Genes (Nombre) VALUES ('GRK5');
INSERT INTO Enfermedad_has_Genes (Enfermedad_idEnfermedad, Genes_Nombre) VALUES ('GRCh37/hg19 10q11.21-26.3(chr10:42347406-135534747)x1', 'GRK5');
INSERT IGNORE INTO Genes (Nombre) VALUES ('GSTO1');
INSERT INTO Enfermedad_has_Genes (Enfermedad_idEnfermedad, Genes_Nombre) VALUES ('GRCh37/hg19 10q11.21-26.3(chr10:42347406-135534747)x1', 'GSTO1');
INSERT IGNORE INTO Genes (Nombre) VALUES ('GSTO2');
INSERT INTO Enfermedad_has_Genes (Enfermedad_idEnfermedad, Genes_Nombre) VALUES ('GRCh37/hg19 10q11.21-26.3(chr10:42347406-135534747)x1', 'GSTO2');
INSERT IGNORE INTO Genes (Nombre) VALUES ('HABP2');
INSERT INTO Enfermedad_has_Genes (Enfermedad_idEnfermedad, Genes_Nombre) VALUES ('GRCh37/hg19 10q11.21-26.3(chr10:42347406-135534747)x1', 'HABP2');
INSERT IGNORE INTO Genes (Nombre) VALUES ('HECTD2');
INSERT INTO Enfermedad_has_Genes (Enfermedad_idEnfermedad, Genes_Nombre) VALUES ('GRCh37/hg19 10q11.21-26.3(chr10:42347406-135534747)x1', 'HECTD2');
INSERT IGNORE INTO Genes (Nombre) VALUES ('HELLS');
INSERT INTO Enfermedad_has_Genes (Enfermedad_idEnfermedad, Genes_Nombre) VALUES ('GRCh37/hg19 10q11.21-26.3(chr10:42347406-135534747)x1', 'HELLS');
INSERT IGNORE INTO Genes (Nombre) VALUES ('HERC4');
INSERT INTO Enfermedad_has_Genes (Enfermedad_idEnfermedad, Genes_Nombre) VALUES ('GRCh37/hg19 10q11.21-26.3(chr10:42347406-135534747)x1', 'HERC4');
INSERT IGNORE INTO Genes (Nombre) VALUES ('HHEX');
INSERT INTO Enfermedad_has_Genes (Enfermedad_idEnfermedad, Genes_Nombre) VALUES ('GRCh37/hg19 10q11.21-26.3(chr10:42347406-135534747)x1', 'HHEX');
INSERT IGNORE INTO Genes (Nombre) VALUES ('HIF1AN');
INSERT INTO Enfermedad_has_Genes (Enfermedad_idEnfermedad, Genes_Nombre) VALUES ('GRCh37/hg19 10q11.21-26.3(chr10:42347406-135534747)x1', 'HIF1AN');
INSERT IGNORE INTO Genes (Nombre) VALUES ('HK1');
INSERT INTO Enfermedad_has_Genes (Enfermedad_idEnfermedad, Genes_Nombre) VALUES ('GRCh37/hg19 10q11.21-26.3(chr10:42347406-135534747)x1', 'HK1');
INSERT IGNORE INTO Genes (Nombre) VALUES ('HKDC1');
INSERT INTO Enfermedad_has_Genes (Enfermedad_idEnfermedad, Genes_Nombre) VALUES ('GRCh37/hg19 10q11.21-26.3(chr10:42347406-135534747)x1', 'HKDC1');
INSERT IGNORE INTO Genes (Nombre) VALUES ('HMX2');
INSERT INTO Enfermedad_has_Genes (Enfermedad_idEnfermedad, Genes_Nombre) VALUES ('GRCh37/hg19 10q11.21-26.3(chr10:42347406-135534747)x1', 'HMX2');
INSERT IGNORE INTO Genes (Nombre) VALUES ('HMX3');
INSERT INTO Enfermedad_has_Genes (Enfermedad_idEnfermedad, Genes_Nombre) VALUES ('GRCh37/hg19 10q11.21-26.3(chr10:42347406-135534747)x1', 'HMX3');
INSERT IGNORE INTO Genes (Nombre) VALUES ('HNRNPF');
INSERT INTO Enfermedad_has_Genes (Enfermedad_idEnfermedad, Genes_Nombre) VALUES ('GRCh37/hg19 10q11.21-26.3(chr10:42347406-135534747)x1', 'HNRNPF');
INSERT IGNORE INTO Genes (Nombre) VALUES ('HNRNPH3');
INSERT INTO Enfermedad_has_Genes (Enfermedad_idEnfermedad, Genes_Nombre) VALUES ('GRCh37/hg19 10q11.21-26.3(chr10:42347406-135534747)x1', 'HNRNPH3');
INSERT IGNORE INTO Genes (Nombre) VALUES ('HOGA1');
INSERT INTO Enfermedad_has_Genes (Enfermedad_idEnfermedad, Genes_Nombre) VALUES ('GRCh37/hg19 10q11.21-26.3(chr10:42347406-135534747)x1', 'HOGA1');
INSERT IGNORE INTO Genes (Nombre) VALUES ('HPS1');
INSERT INTO Enfermedad_has_Genes (Enfermedad_idEnfermedad, Genes_Nombre) VALUES ('GRCh37/hg19 10q11.21-26.3(chr10:42347406-135534747)x1', 'HPS1');
INSERT IGNORE INTO Genes (Nombre) VALUES ('HPS6');
INSERT INTO Enfermedad_has_Genes (Enfermedad_idEnfermedad, Genes_Nombre) VALUES ('GRCh37/hg19 10q11.21-26.3(chr10:42347406-135534747)x1', 'HPS6');
INSERT IGNORE INTO Genes (Nombre) VALUES ('HPSE2');
INSERT INTO Enfermedad_has_Genes (Enfermedad_idEnfermedad, Genes_Nombre) VALUES ('GRCh37/hg19 10q11.21-26.3(chr10:42347406-135534747)x1', 'HPSE2');
INSERT IGNORE INTO Genes (Nombre) VALUES ('HSPA12A');
INSERT INTO Enfermedad_has_Genes (Enfermedad_idEnfermedad, Genes_Nombre) VALUES ('GRCh37/hg19 10q11.21-26.3(chr10:42347406-135534747)x1', 'HSPA12A');
INSERT IGNORE INTO Genes (Nombre) VALUES ('HTR7');
INSERT INTO Enfermedad_has_Genes (Enfermedad_idEnfermedad, Genes_Nombre) VALUES ('GRCh37/hg19 10q11.21-26.3(chr10:42347406-135534747)x1', 'HTR7');
INSERT IGNORE INTO Genes (Nombre) VALUES ('HTRA1');
INSERT INTO Enfermedad_has_Genes (Enfermedad_idEnfermedad, Genes_Nombre) VALUES ('GRCh37/hg19 10q11.21-26.3(chr10:42347406-135534747)x1', 'HTRA1');
INSERT IGNORE INTO Genes (Nombre) VALUES ('IDE');
INSERT INTO Enfermedad_has_Genes (Enfermedad_idEnfermedad, Genes_Nombre) VALUES ('GRCh37/hg19 10q11.21-26.3(chr10:42347406-135534747)x1', 'IDE');
INSERT IGNORE INTO Genes (Nombre) VALUES ('IFIT1');
INSERT INTO Enfermedad_has_Genes (Enfermedad_idEnfermedad, Genes_Nombre) VALUES ('GRCh37/hg19 10q11.21-26.3(chr10:42347406-135534747)x1', 'IFIT1');
INSERT IGNORE INTO Genes (Nombre) VALUES ('IFIT1B');
INSERT INTO Enfermedad_has_Genes (Enfermedad_idEnfermedad, Genes_Nombre) VALUES ('GRCh37/hg19 10q11.21-26.3(chr10:42347406-135534747)x1', 'IFIT1B');
INSERT IGNORE INTO Genes (Nombre) VALUES ('IFIT2');
INSERT INTO Enfermedad_has_Genes (Enfermedad_idEnfermedad, Genes_Nombre) VALUES ('GRCh37/hg19 10q11.21-26.3(chr10:42347406-135534747)x1', 'IFIT2');
INSERT IGNORE INTO Genes (Nombre) VALUES ('IFIT3');
INSERT INTO Enfermedad_has_Genes (Enfermedad_idEnfermedad, Genes_Nombre) VALUES ('GRCh37/hg19 10q11.21-26.3(chr10:42347406-135534747)x1', 'IFIT3');
INSERT IGNORE INTO Genes (Nombre) VALUES ('IFIT5');
INSERT INTO Enfermedad_has_Genes (Enfermedad_idEnfermedad, Genes_Nombre) VALUES ('GRCh37/hg19 10q11.21-26.3(chr10:42347406-135534747)x1', 'IFIT5');
INSERT IGNORE INTO Genes (Nombre) VALUES ('IKZF5');
INSERT INTO Enfermedad_has_Genes (Enfermedad_idEnfermedad, Genes_Nombre) VALUES ('GRCh37/hg19 10q11.21-26.3(chr10:42347406-135534747)x1', 'IKZF5');
INSERT IGNORE INTO Genes (Nombre) VALUES ('INA');
INSERT INTO Enfermedad_has_Genes (Enfermedad_idEnfermedad, Genes_Nombre) VALUES ('GRCh37/hg19 10q11.21-26.3(chr10:42347406-135534747)x1', 'INA');
INSERT IGNORE INTO Genes (Nombre) VALUES ('INPP5A');
INSERT INTO Enfermedad_has_Genes (Enfermedad_idEnfermedad, Genes_Nombre) VALUES ('GRCh37/hg19 10q11.21-26.3(chr10:42347406-135534747)x1', 'INPP5A');
INSERT IGNORE INTO Genes (Nombre) VALUES ('INPP5F');
INSERT INTO Enfermedad_has_Genes (Enfermedad_idEnfermedad, Genes_Nombre) VALUES ('GRCh37/hg19 10q11.21-26.3(chr10:42347406-135534747)x1', 'INPP5F');
INSERT IGNORE INTO Genes (Nombre) VALUES ('INSYN2A');
INSERT INTO Enfermedad_has_Genes (Enfermedad_idEnfermedad, Genes_Nombre) VALUES ('GRCh37/hg19 10q11.21-26.3(chr10:42347406-135534747)x1', 'INSYN2A');
INSERT IGNORE INTO Genes (Nombre) VALUES ('IPMK');
INSERT INTO Enfermedad_has_Genes (Enfermedad_idEnfermedad, Genes_Nombre) VALUES ('GRCh37/hg19 10q11.21-26.3(chr10:42347406-135534747)x1', 'IPMK');
INSERT IGNORE INTO Genes (Nombre) VALUES ('ITPRIP');
INSERT INTO Enfermedad_has_Genes (Enfermedad_idEnfermedad, Genes_Nombre) VALUES ('GRCh37/hg19 10q11.21-26.3(chr10:42347406-135534747)x1', 'ITPRIP');
INSERT IGNORE INTO Genes (Nombre) VALUES ('JAKMIP3');
INSERT INTO Enfermedad_has_Genes (Enfermedad_idEnfermedad, Genes_Nombre) VALUES ('GRCh37/hg19 10q11.21-26.3(chr10:42347406-135534747)x1', 'JAKMIP3');
INSERT IGNORE INTO Genes (Nombre) VALUES ('JMJD1C');
INSERT INTO Enfermedad_has_Genes (Enfermedad_idEnfermedad, Genes_Nombre) VALUES ('GRCh37/hg19 10q11.21-26.3(chr10:42347406-135534747)x1', 'JMJD1C');
INSERT IGNORE INTO Genes (Nombre) VALUES ('KAT6B');
INSERT INTO Enfermedad_has_Genes (Enfermedad_idEnfermedad, Genes_Nombre) VALUES ('GRCh37/hg19 10q11.21-26.3(chr10:42347406-135534747)x1', 'KAT6B');
INSERT IGNORE INTO Genes (Nombre) VALUES ('KAZALD1');
INSERT INTO Enfermedad_has_Genes (Enfermedad_idEnfermedad, Genes_Nombre) VALUES ('GRCh37/hg19 10q11.21-26.3(chr10:42347406-135534747)x1', 'KAZALD1');
INSERT IGNORE INTO Genes (Nombre) VALUES ('KCNIP2');
INSERT INTO Enfermedad_has_Genes (Enfermedad_idEnfermedad, Genes_Nombre) VALUES ('GRCh37/hg19 10q11.21-26.3(chr10:42347406-135534747)x1', 'KCNIP2');
INSERT IGNORE INTO Genes (Nombre) VALUES ('KCNK18');
INSERT INTO Enfermedad_has_Genes (Enfermedad_idEnfermedad, Genes_Nombre) VALUES ('GRCh37/hg19 10q11.21-26.3(chr10:42347406-135534747)x1', 'KCNK18');
INSERT IGNORE INTO Genes (Nombre) VALUES ('KCNMA1');
INSERT INTO Enfermedad_has_Genes (Enfermedad_idEnfermedad, Genes_Nombre) VALUES ('GRCh37/hg19 10q11.21-26.3(chr10:42347406-135534747)x1', 'KCNMA1');
INSERT IGNORE INTO Genes (Nombre) VALUES ('KIF11');
INSERT INTO Enfermedad_has_Genes (Enfermedad_idEnfermedad, Genes_Nombre) VALUES ('GRCh37/hg19 10q11.21-26.3(chr10:42347406-135534747)x1', 'KIF11');
INSERT IGNORE INTO Genes (Nombre) VALUES ('KIF20B');
INSERT INTO Enfermedad_has_Genes (Enfermedad_idEnfermedad, Genes_Nombre) VALUES ('GRCh37/hg19 10q11.21-26.3(chr10:42347406-135534747)x1', 'KIF20B');
INSERT IGNORE INTO Genes (Nombre) VALUES ('KIFBP');
INSERT INTO Enfermedad_has_Genes (Enfermedad_idEnfermedad, Genes_Nombre) VALUES ('GRCh37/hg19 10q11.21-26.3(chr10:42347406-135534747)x1', 'KIFBP');
INSERT IGNORE INTO Genes (Nombre) VALUES ('KLLN');
INSERT INTO Enfermedad_has_Genes (Enfermedad_idEnfermedad, Genes_Nombre) VALUES ('GRCh37/hg19 10q11.21-26.3(chr10:42347406-135534747)x1', 'KLLN');
INSERT IGNORE INTO Genes (Nombre) VALUES ('KNDC1');
INSERT INTO Enfermedad_has_Genes (Enfermedad_idEnfermedad, Genes_Nombre) VALUES ('GRCh37/hg19 10q11.21-26.3(chr10:42347406-135534747)x1', 'KNDC1');
INSERT IGNORE INTO Genes (Nombre) VALUES ('LBX1');
INSERT INTO Enfermedad_has_Genes (Enfermedad_idEnfermedad, Genes_Nombre) VALUES ('GRCh37/hg19 10q11.21-26.3(chr10:42347406-135534747)x1', 'LBX1');
INSERT IGNORE INTO Genes (Nombre) VALUES ('LCOR');
INSERT INTO Enfermedad_has_Genes (Enfermedad_idEnfermedad, Genes_Nombre) VALUES ('GRCh37/hg19 10q11.21-26.3(chr10:42347406-135534747)x1', 'LCOR');
INSERT IGNORE INTO Genes (Nombre) VALUES ('LDB1');
INSERT INTO Enfermedad_has_Genes (Enfermedad_idEnfermedad, Genes_Nombre) VALUES ('GRCh37/hg19 10q11.21-26.3(chr10:42347406-135534747)x1', 'LDB1');
INSERT IGNORE INTO Genes (Nombre) VALUES ('LDB3');
INSERT INTO Enfermedad_has_Genes (Enfermedad_idEnfermedad, Genes_Nombre) VALUES ('GRCh37/hg19 10q11.21-26.3(chr10:42347406-135534747)x1', 'LDB3');
INSERT IGNORE INTO Genes (Nombre) VALUES ('LGI1');
INSERT INTO Enfermedad_has_Genes (Enfermedad_idEnfermedad, Genes_Nombre) VALUES ('GRCh37/hg19 10q11.21-26.3(chr10:42347406-135534747)x1', 'LGI1');
INSERT IGNORE INTO Genes (Nombre) VALUES ('LHPP');
INSERT INTO Enfermedad_has_Genes (Enfermedad_idEnfermedad, Genes_Nombre) VALUES ('GRCh37/hg19 10q11.21-26.3(chr10:42347406-135534747)x1', 'LHPP');
INSERT IGNORE INTO Genes (Nombre) VALUES ('LINC01166');
INSERT INTO Enfermedad_has_Genes (Enfermedad_idEnfermedad, Genes_Nombre) VALUES ('GRCh37/hg19 10q11.21-26.3(chr10:42347406-135534747)x1', 'LINC01166');
INSERT IGNORE INTO Genes (Nombre) VALUES ('LINC01520');
INSERT INTO Enfermedad_has_Genes (Enfermedad_idEnfermedad, Genes_Nombre) VALUES ('GRCh37/hg19 10q11.21-26.3(chr10:42347406-135534747)x1', 'LINC01520');
INSERT IGNORE INTO Genes (Nombre) VALUES ('LINC02870');
INSERT INTO Enfermedad_has_Genes (Enfermedad_idEnfermedad, Genes_Nombre) VALUES ('GRCh37/hg19 10q11.21-26.3(chr10:42347406-135534747)x1', 'LINC02870');
INSERT IGNORE INTO Genes (Nombre) VALUES ('LIPA');
INSERT INTO Enfermedad_has_Genes (Enfermedad_idEnfermedad, Genes_Nombre) VALUES ('GRCh37/hg19 10q11.21-26.3(chr10:42347406-135534747)x1', 'LIPA');
INSERT IGNORE INTO Genes (Nombre) VALUES ('LIPF');
INSERT INTO Enfermedad_has_Genes (Enfermedad_idEnfermedad, Genes_Nombre) VALUES ('GRCh37/hg19 10q11.21-26.3(chr10:42347406-135534747)x1', 'LIPF');
INSERT IGNORE INTO Genes (Nombre) VALUES ('LIPJ');
INSERT INTO Enfermedad_has_Genes (Enfermedad_idEnfermedad, Genes_Nombre) VALUES ('GRCh37/hg19 10q11.21-26.3(chr10:42347406-135534747)x1', 'LIPJ');
INSERT IGNORE INTO Genes (Nombre) VALUES ('LIPK');
INSERT INTO Enfermedad_has_Genes (Enfermedad_idEnfermedad, Genes_Nombre) VALUES ('GRCh37/hg19 10q11.21-26.3(chr10:42347406-135534747)x1', 'LIPK');
INSERT IGNORE INTO Genes (Nombre) VALUES ('LIPM');
INSERT INTO Enfermedad_has_Genes (Enfermedad_idEnfermedad, Genes_Nombre) VALUES ('GRCh37/hg19 10q11.21-26.3(chr10:42347406-135534747)x1', 'LIPM');
INSERT IGNORE INTO Genes (Nombre) VALUES ('LIPN');
INSERT INTO Enfermedad_has_Genes (Enfermedad_idEnfermedad, Genes_Nombre) VALUES ('GRCh37/hg19 10q11.21-26.3(chr10:42347406-135534747)x1', 'LIPN');
INSERT IGNORE INTO Genes (Nombre) VALUES ('LOC100131132');
INSERT INTO Enfermedad_has_Genes (Enfermedad_idEnfermedad, Genes_Nombre) VALUES ('GRCh37/hg19 10q11.21-26.3(chr10:42347406-135534747)x1', 'LOC100131132');
INSERT IGNORE INTO Genes (Nombre) VALUES ('LOC101929662');
INSERT INTO Enfermedad_has_Genes (Enfermedad_idEnfermedad, Genes_Nombre) VALUES ('GRCh37/hg19 10q11.21-26.3(chr10:42347406-135534747)x1', 'LOC101929662');
INSERT IGNORE INTO Genes (Nombre) VALUES ('LOXL4');
INSERT INTO Enfermedad_has_Genes (Enfermedad_idEnfermedad, Genes_Nombre) VALUES ('GRCh37/hg19 10q11.21-26.3(chr10:42347406-135534747)x1', 'LOXL4');
INSERT IGNORE INTO Genes (Nombre) VALUES ('LRIT1');
INSERT INTO Enfermedad_has_Genes (Enfermedad_idEnfermedad, Genes_Nombre) VALUES ('GRCh37/hg19 10q11.21-26.3(chr10:42347406-135534747)x1', 'LRIT1');
INSERT IGNORE INTO Genes (Nombre) VALUES ('LRIT2');
INSERT INTO Enfermedad_has_Genes (Enfermedad_idEnfermedad, Genes_Nombre) VALUES ('GRCh37/hg19 10q11.21-26.3(chr10:42347406-135534747)x1', 'LRIT2');
INSERT IGNORE INTO Genes (Nombre) VALUES ('LRMDA');
INSERT INTO Enfermedad_has_Genes (Enfermedad_idEnfermedad, Genes_Nombre) VALUES ('GRCh37/hg19 10q11.21-26.3(chr10:42347406-135534747)x1', 'LRMDA');
INSERT IGNORE INTO Genes (Nombre) VALUES ('LRRC18');
INSERT INTO Enfermedad_has_Genes (Enfermedad_idEnfermedad, Genes_Nombre) VALUES ('GRCh37/hg19 10q11.21-26.3(chr10:42347406-135534747)x1', 'LRRC18');
INSERT IGNORE INTO Genes (Nombre) VALUES ('LRRC20');
INSERT INTO Enfermedad_has_Genes (Enfermedad_idEnfermedad, Genes_Nombre) VALUES ('GRCh37/hg19 10q11.21-26.3(chr10:42347406-135534747)x1', 'LRRC20');
INSERT IGNORE INTO Genes (Nombre) VALUES ('LRRC27');
INSERT INTO Enfermedad_has_Genes (Enfermedad_idEnfermedad, Genes_Nombre) VALUES ('GRCh37/hg19 10q11.21-26.3(chr10:42347406-135534747)x1', 'LRRC27');
INSERT IGNORE INTO Genes (Nombre) VALUES ('LRRTM3');
INSERT INTO Enfermedad_has_Genes (Enfermedad_idEnfermedad, Genes_Nombre) VALUES ('GRCh37/hg19 10q11.21-26.3(chr10:42347406-135534747)x1', 'LRRTM3');
INSERT IGNORE INTO Genes (Nombre) VALUES ('LZTS2');
INSERT INTO Enfermedad_has_Genes (Enfermedad_idEnfermedad, Genes_Nombre) VALUES ('GRCh37/hg19 10q11.21-26.3(chr10:42347406-135534747)x1', 'LZTS2');
INSERT IGNORE INTO Genes (Nombre) VALUES ('MACROH2A2');
INSERT INTO Enfermedad_has_Genes (Enfermedad_idEnfermedad, Genes_Nombre) VALUES ('GRCh37/hg19 10q11.21-26.3(chr10:42347406-135534747)x1', 'MACROH2A2');
INSERT IGNORE INTO Genes (Nombre) VALUES ('MAPK8');
INSERT INTO Enfermedad_has_Genes (Enfermedad_idEnfermedad, Genes_Nombre) VALUES ('GRCh37/hg19 10q11.21-26.3(chr10:42347406-135534747)x1', 'MAPK8');
INSERT IGNORE INTO Genes (Nombre) VALUES ('MARCHF5');
INSERT INTO Enfermedad_has_Genes (Enfermedad_idEnfermedad, Genes_Nombre) VALUES ('GRCh37/hg19 10q11.21-26.3(chr10:42347406-135534747)x1', 'MARCHF5');
INSERT IGNORE INTO Genes (Nombre) VALUES ('MARCHF8');
INSERT INTO Enfermedad_has_Genes (Enfermedad_idEnfermedad, Genes_Nombre) VALUES ('GRCh37/hg19 10q11.21-26.3(chr10:42347406-135534747)x1', 'MARCHF8');
INSERT IGNORE INTO Genes (Nombre) VALUES ('MARVELD1');
INSERT INTO Enfermedad_has_Genes (Enfermedad_idEnfermedad, Genes_Nombre) VALUES ('GRCh37/hg19 10q11.21-26.3(chr10:42347406-135534747)x1', 'MARVELD1');
INSERT IGNORE INTO Genes (Nombre) VALUES ('MAT1A');
INSERT INTO Enfermedad_has_Genes (Enfermedad_idEnfermedad, Genes_Nombre) VALUES ('GRCh37/hg19 10q11.21-26.3(chr10:42347406-135534747)x1', 'MAT1A');
INSERT IGNORE INTO Genes (Nombre) VALUES ('MBL2');
INSERT INTO Enfermedad_has_Genes (Enfermedad_idEnfermedad, Genes_Nombre) VALUES ('GRCh37/hg19 10q11.21-26.3(chr10:42347406-135534747)x1', 'MBL2');
INSERT IGNORE INTO Genes (Nombre) VALUES ('MCMBP');
INSERT INTO Enfermedad_has_Genes (Enfermedad_idEnfermedad, Genes_Nombre) VALUES ('GRCh37/hg19 10q11.21-26.3(chr10:42347406-135534747)x1', 'MCMBP');
INSERT IGNORE INTO Genes (Nombre) VALUES ('MCU');
INSERT INTO Enfermedad_has_Genes (Enfermedad_idEnfermedad, Genes_Nombre) VALUES ('GRCh37/hg19 10q11.21-26.3(chr10:42347406-135534747)x1', 'MCU');
INSERT IGNORE INTO Genes (Nombre) VALUES ('MFSD13A');
INSERT INTO Enfermedad_has_Genes (Enfermedad_idEnfermedad, Genes_Nombre) VALUES ('GRCh37/hg19 10q11.21-26.3(chr10:42347406-135534747)x1', 'MFSD13A');
INSERT IGNORE INTO Genes (Nombre) VALUES ('MGMT');
INSERT INTO Enfermedad_has_Genes (Enfermedad_idEnfermedad, Genes_Nombre) VALUES ('GRCh37/hg19 10q11.21-26.3(chr10:42347406-135534747)x1', 'MGMT');
INSERT IGNORE INTO Genes (Nombre) VALUES ('MICU1');
INSERT INTO Enfermedad_has_Genes (Enfermedad_idEnfermedad, Genes_Nombre) VALUES ('GRCh37/hg19 10q11.21-26.3(chr10:42347406-135534747)x1', 'MICU1');
INSERT IGNORE INTO Genes (Nombre) VALUES ('MINPP1');
INSERT INTO Enfermedad_has_Genes (Enfermedad_idEnfermedad, Genes_Nombre) VALUES ('GRCh37/hg19 10q11.21-26.3(chr10:42347406-135534747)x1', 'MINPP1');
INSERT IGNORE INTO Genes (Nombre) VALUES ('MIR107');
INSERT INTO Enfermedad_has_Genes (Enfermedad_idEnfermedad, Genes_Nombre) VALUES ('GRCh37/hg19 10q11.21-26.3(chr10:42347406-135534747)x1', 'MIR107');
INSERT IGNORE INTO Genes (Nombre) VALUES ('MIR146B');
INSERT INTO Enfermedad_has_Genes (Enfermedad_idEnfermedad, Genes_Nombre) VALUES ('GRCh37/hg19 10q11.21-26.3(chr10:42347406-135534747)x1', 'MIR146B');
INSERT IGNORE INTO Genes (Nombre) VALUES ('MIR346');
INSERT INTO Enfermedad_has_Genes (Enfermedad_idEnfermedad, Genes_Nombre) VALUES ('GRCh37/hg19 10q11.21-26.3(chr10:42347406-135534747)x1', 'MIR346');
INSERT IGNORE INTO Genes (Nombre) VALUES ('MKI67');
INSERT INTO Enfermedad_has_Genes (Enfermedad_idEnfermedad, Genes_Nombre) VALUES ('GRCh37/hg19 10q11.21-26.3(chr10:42347406-135534747)x1', 'MKI67');
INSERT IGNORE INTO Genes (Nombre) VALUES ('MMP21');
INSERT INTO Enfermedad_has_Genes (Enfermedad_idEnfermedad, Genes_Nombre) VALUES ('GRCh37/hg19 10q11.21-26.3(chr10:42347406-135534747)x1', 'MMP21');
INSERT IGNORE INTO Genes (Nombre) VALUES ('MMRN2');
INSERT INTO Enfermedad_has_Genes (Enfermedad_idEnfermedad, Genes_Nombre) VALUES ('GRCh37/hg19 10q11.21-26.3(chr10:42347406-135534747)x1', 'MMRN2');
INSERT IGNORE INTO Genes (Nombre) VALUES ('MMS19');
INSERT INTO Enfermedad_has_Genes (Enfermedad_idEnfermedad, Genes_Nombre) VALUES ('GRCh37/hg19 10q11.21-26.3(chr10:42347406-135534747)x1', 'MMS19');
INSERT IGNORE INTO Genes (Nombre) VALUES ('MORN4');
INSERT INTO Enfermedad_has_Genes (Enfermedad_idEnfermedad, Genes_Nombre) VALUES ('GRCh37/hg19 10q11.21-26.3(chr10:42347406-135534747)x1', 'MORN4');
INSERT IGNORE INTO Genes (Nombre) VALUES ('MRPL43');
INSERT INTO Enfermedad_has_Genes (Enfermedad_idEnfermedad, Genes_Nombre) VALUES ('GRCh37/hg19 10q11.21-26.3(chr10:42347406-135534747)x1', 'MRPL43');
INSERT IGNORE INTO Genes (Nombre) VALUES ('MRPS16');
INSERT INTO Enfermedad_has_Genes (Enfermedad_idEnfermedad, Genes_Nombre) VALUES ('GRCh37/hg19 10q11.21-26.3(chr10:42347406-135534747)x1', 'MRPS16');
INSERT IGNORE INTO Genes (Nombre) VALUES ('MSMB');
INSERT INTO Enfermedad_has_Genes (Enfermedad_idEnfermedad, Genes_Nombre) VALUES ('GRCh37/hg19 10q11.21-26.3(chr10:42347406-135534747)x1', 'MSMB');
INSERT IGNORE INTO Genes (Nombre) VALUES ('MSS51');
INSERT INTO Enfermedad_has_Genes (Enfermedad_idEnfermedad, Genes_Nombre) VALUES ('GRCh37/hg19 10q11.21-26.3(chr10:42347406-135534747)x1', 'MSS51');
INSERT IGNORE INTO Genes (Nombre) VALUES ('MTG1');
INSERT INTO Enfermedad_has_Genes (Enfermedad_idEnfermedad, Genes_Nombre) VALUES ('GRCh37/hg19 10q11.21-26.3(chr10:42347406-135534747)x1', 'MTG1');
INSERT IGNORE INTO Genes (Nombre) VALUES ('MTRNR2L5');
INSERT INTO Enfermedad_has_Genes (Enfermedad_idEnfermedad, Genes_Nombre) VALUES ('GRCh37/hg19 10q11.21-26.3(chr10:42347406-135534747)x1', 'MTRNR2L5');
INSERT IGNORE INTO Genes (Nombre) VALUES ('MXI1');
INSERT INTO Enfermedad_has_Genes (Enfermedad_idEnfermedad, Genes_Nombre) VALUES ('GRCh37/hg19 10q11.21-26.3(chr10:42347406-135534747)x1', 'MXI1');
INSERT IGNORE INTO Genes (Nombre) VALUES ('MYOF');
INSERT INTO Enfermedad_has_Genes (Enfermedad_idEnfermedad, Genes_Nombre) VALUES ('GRCh37/hg19 10q11.21-26.3(chr10:42347406-135534747)x1', 'MYOF');
INSERT IGNORE INTO Genes (Nombre) VALUES ('MYOZ1');
INSERT INTO Enfermedad_has_Genes (Enfermedad_idEnfermedad, Genes_Nombre) VALUES ('GRCh37/hg19 10q11.21-26.3(chr10:42347406-135534747)x1', 'MYOZ1');
INSERT IGNORE INTO Genes (Nombre) VALUES ('MYPN');
INSERT INTO Enfermedad_has_Genes (Enfermedad_idEnfermedad, Genes_Nombre) VALUES ('GRCh37/hg19 10q11.21-26.3(chr10:42347406-135534747)x1', 'MYPN');
INSERT IGNORE INTO Genes (Nombre) VALUES ('NANOS1');
INSERT INTO Enfermedad_has_Genes (Enfermedad_idEnfermedad, Genes_Nombre) VALUES ('GRCh37/hg19 10q11.21-26.3(chr10:42347406-135534747)x1', 'NANOS1');
INSERT IGNORE INTO Genes (Nombre) VALUES ('NCOA4');
INSERT INTO Enfermedad_has_Genes (Enfermedad_idEnfermedad, Genes_Nombre) VALUES ('GRCh37/hg19 10q11.21-26.3(chr10:42347406-135534747)x1', 'NCOA4');
INSERT IGNORE INTO Genes (Nombre) VALUES ('NDST2');
INSERT INTO Enfermedad_has_Genes (Enfermedad_idEnfermedad, Genes_Nombre) VALUES ('GRCh37/hg19 10q11.21-26.3(chr10:42347406-135534747)x1', 'NDST2');
INSERT IGNORE INTO Genes (Nombre) VALUES ('NDUFB8');
INSERT INTO Enfermedad_has_Genes (Enfermedad_idEnfermedad, Genes_Nombre) VALUES ('GRCh37/hg19 10q11.21-26.3(chr10:42347406-135534747)x1', 'NDUFB8');
INSERT IGNORE INTO Genes (Nombre) VALUES ('NEURL1');
INSERT INTO Enfermedad_has_Genes (Enfermedad_idEnfermedad, Genes_Nombre) VALUES ('GRCh37/hg19 10q11.21-26.3(chr10:42347406-135534747)x1', 'NEURL1');
INSERT IGNORE INTO Genes (Nombre) VALUES ('NEUROG3');
INSERT INTO Enfermedad_has_Genes (Enfermedad_idEnfermedad, Genes_Nombre) VALUES ('GRCh37/hg19 10q11.21-26.3(chr10:42347406-135534747)x1', 'NEUROG3');
INSERT IGNORE INTO Genes (Nombre) VALUES ('NFKB2');
INSERT INTO Enfermedad_has_Genes (Enfermedad_idEnfermedad, Genes_Nombre) VALUES ('GRCh37/hg19 10q11.21-26.3(chr10:42347406-135534747)x1', 'NFKB2');
INSERT IGNORE INTO Genes (Nombre) VALUES ('NHLRC2');
INSERT INTO Enfermedad_has_Genes (Enfermedad_idEnfermedad, Genes_Nombre) VALUES ('GRCh37/hg19 10q11.21-26.3(chr10:42347406-135534747)x1', 'NHLRC2');
INSERT IGNORE INTO Genes (Nombre) VALUES ('NKX1-2');
INSERT INTO Enfermedad_has_Genes (Enfermedad_idEnfermedad, Genes_Nombre) VALUES ('GRCh37/hg19 10q11.21-26.3(chr10:42347406-135534747)x1', 'NKX1-2');
INSERT IGNORE INTO Genes (Nombre) VALUES ('NKX2-3');
INSERT INTO Enfermedad_has_Genes (Enfermedad_idEnfermedad, Genes_Nombre) VALUES ('GRCh37/hg19 10q11.21-26.3(chr10:42347406-135534747)x1', 'NKX2-3');
INSERT IGNORE INTO Genes (Nombre) VALUES ('NKX6-2');
INSERT INTO Enfermedad_has_Genes (Enfermedad_idEnfermedad, Genes_Nombre) VALUES ('GRCh37/hg19 10q11.21-26.3(chr10:42347406-135534747)x1', 'NKX6-2');
INSERT IGNORE INTO Genes (Nombre) VALUES ('NOC3L');
INSERT INTO Enfermedad_has_Genes (Enfermedad_idEnfermedad, Genes_Nombre) VALUES ('GRCh37/hg19 10q11.21-26.3(chr10:42347406-135534747)x1', 'NOC3L');
INSERT IGNORE INTO Genes (Nombre) VALUES ('NODAL');
INSERT INTO Enfermedad_has_Genes (Enfermedad_idEnfermedad, Genes_Nombre) VALUES ('GRCh37/hg19 10q11.21-26.3(chr10:42347406-135534747)x1', 'NODAL');
INSERT IGNORE INTO Genes (Nombre) VALUES ('NOLC1');
INSERT INTO Enfermedad_has_Genes (Enfermedad_idEnfermedad, Genes_Nombre) VALUES ('GRCh37/hg19 10q11.21-26.3(chr10:42347406-135534747)x1', 'NOLC1');
INSERT IGNORE INTO Genes (Nombre) VALUES ('NPFFR1');
INSERT INTO Enfermedad_has_Genes (Enfermedad_idEnfermedad, Genes_Nombre) VALUES ('GRCh37/hg19 10q11.21-26.3(chr10:42347406-135534747)x1', 'NPFFR1');
INSERT IGNORE INTO Genes (Nombre) VALUES ('NPM3');
INSERT INTO Enfermedad_has_Genes (Enfermedad_idEnfermedad, Genes_Nombre) VALUES ('GRCh37/hg19 10q11.21-26.3(chr10:42347406-135534747)x1', 'NPM3');
INSERT IGNORE INTO Genes (Nombre) VALUES ('NPS');
INSERT INTO Enfermedad_has_Genes (Enfermedad_idEnfermedad, Genes_Nombre) VALUES ('GRCh37/hg19 10q11.21-26.3(chr10:42347406-135534747)x1', 'NPS');
INSERT IGNORE INTO Genes (Nombre) VALUES ('NPY4R');
INSERT INTO Enfermedad_has_Genes (Enfermedad_idEnfermedad, Genes_Nombre) VALUES ('GRCh37/hg19 10q11.21-26.3(chr10:42347406-135534747)x1', 'NPY4R');
INSERT IGNORE INTO Genes (Nombre) VALUES ('NRAP');
INSERT INTO Enfermedad_has_Genes (Enfermedad_idEnfermedad, Genes_Nombre) VALUES ('GRCh37/hg19 10q11.21-26.3(chr10:42347406-135534747)x1', 'NRAP');
INSERT IGNORE INTO Genes (Nombre) VALUES ('NRBF2');
INSERT INTO Enfermedad_has_Genes (Enfermedad_idEnfermedad, Genes_Nombre) VALUES ('GRCh37/hg19 10q11.21-26.3(chr10:42347406-135534747)x1', 'NRBF2');
INSERT IGNORE INTO Genes (Nombre) VALUES ('NRG3');
INSERT INTO Enfermedad_has_Genes (Enfermedad_idEnfermedad, Genes_Nombre) VALUES ('GRCh37/hg19 10q11.21-26.3(chr10:42347406-135534747)x1', 'NRG3');
INSERT IGNORE INTO Genes (Nombre) VALUES ('NSMCE4A');
INSERT INTO Enfermedad_has_Genes (Enfermedad_idEnfermedad, Genes_Nombre) VALUES ('GRCh37/hg19 10q11.21-26.3(chr10:42347406-135534747)x1', 'NSMCE4A');
INSERT IGNORE INTO Genes (Nombre) VALUES ('NT5C2');
INSERT INTO Enfermedad_has_Genes (Enfermedad_idEnfermedad, Genes_Nombre) VALUES ('GRCh37/hg19 10q11.21-26.3(chr10:42347406-135534747)x1', 'NT5C2');
INSERT IGNORE INTO Genes (Nombre) VALUES ('NUDT13');
INSERT INTO Enfermedad_has_Genes (Enfermedad_idEnfermedad, Genes_Nombre) VALUES ('GRCh37/hg19 10q11.21-26.3(chr10:42347406-135534747)x1', 'NUDT13');
INSERT IGNORE INTO Genes (Nombre) VALUES ('NUTM2A');
INSERT INTO Enfermedad_has_Genes (Enfermedad_idEnfermedad, Genes_Nombre) VALUES ('GRCh37/hg19 10q11.21-26.3(chr10:42347406-135534747)x1', 'NUTM2A');
INSERT IGNORE INTO Genes (Nombre) VALUES ('NUTM2B');
INSERT INTO Enfermedad_has_Genes (Enfermedad_idEnfermedad, Genes_Nombre) VALUES ('GRCh37/hg19 10q11.21-26.3(chr10:42347406-135534747)x1', 'NUTM2B');
INSERT IGNORE INTO Genes (Nombre) VALUES ('OAT');
INSERT INTO Enfermedad_has_Genes (Enfermedad_idEnfermedad, Genes_Nombre) VALUES ('GRCh37/hg19 10q11.21-26.3(chr10:42347406-135534747)x1', 'OAT');
INSERT IGNORE INTO Genes (Nombre) VALUES ('OGA');
INSERT INTO Enfermedad_has_Genes (Enfermedad_idEnfermedad, Genes_Nombre) VALUES ('GRCh37/hg19 10q11.21-26.3(chr10:42347406-135534747)x1', 'OGA');
INSERT IGNORE INTO Genes (Nombre) VALUES ('OGDHL');
INSERT INTO Enfermedad_has_Genes (Enfermedad_idEnfermedad, Genes_Nombre) VALUES ('GRCh37/hg19 10q11.21-26.3(chr10:42347406-135534747)x1', 'OGDHL');
INSERT IGNORE INTO Genes (Nombre) VALUES ('OIT3');
INSERT INTO Enfermedad_has_Genes (Enfermedad_idEnfermedad, Genes_Nombre) VALUES ('GRCh37/hg19 10q11.21-26.3(chr10:42347406-135534747)x1', 'OIT3');
INSERT IGNORE INTO Genes (Nombre) VALUES ('OPALIN');
INSERT INTO Enfermedad_has_Genes (Enfermedad_idEnfermedad, Genes_Nombre) VALUES ('GRCh37/hg19 10q11.21-26.3(chr10:42347406-135534747)x1', 'OPALIN');
INSERT IGNORE INTO Genes (Nombre) VALUES ('OPN4');
INSERT INTO Enfermedad_has_Genes (Enfermedad_idEnfermedad, Genes_Nombre) VALUES ('GRCh37/hg19 10q11.21-26.3(chr10:42347406-135534747)x1', 'OPN4');
INSERT IGNORE INTO Genes (Nombre) VALUES ('OR13A1');
INSERT INTO Enfermedad_has_Genes (Enfermedad_idEnfermedad, Genes_Nombre) VALUES ('GRCh37/hg19 10q11.21-26.3(chr10:42347406-135534747)x1', 'OR13A1');
INSERT IGNORE INTO Genes (Nombre) VALUES ('P4HA1');
INSERT INTO Enfermedad_has_Genes (Enfermedad_idEnfermedad, Genes_Nombre) VALUES ('GRCh37/hg19 10q11.21-26.3(chr10:42347406-135534747)x1', 'P4HA1');
INSERT IGNORE INTO Genes (Nombre) VALUES ('PALD1');
INSERT INTO Enfermedad_has_Genes (Enfermedad_idEnfermedad, Genes_Nombre) VALUES ('GRCh37/hg19 10q11.21-26.3(chr10:42347406-135534747)x1', 'PALD1');
INSERT IGNORE INTO Genes (Nombre) VALUES ('PANK1');
INSERT INTO Enfermedad_has_Genes (Enfermedad_idEnfermedad, Genes_Nombre) VALUES ('GRCh37/hg19 10q11.21-26.3(chr10:42347406-135534747)x1', 'PANK1');
INSERT IGNORE INTO Genes (Nombre) VALUES ('PAOX');
INSERT INTO Enfermedad_has_Genes (Enfermedad_idEnfermedad, Genes_Nombre) VALUES ('GRCh37/hg19 10q11.21-26.3(chr10:42347406-135534747)x1', 'PAOX');
INSERT IGNORE INTO Genes (Nombre) VALUES ('PAPSS2');
INSERT INTO Enfermedad_has_Genes (Enfermedad_idEnfermedad, Genes_Nombre) VALUES ('GRCh37/hg19 10q11.21-26.3(chr10:42347406-135534747)x1', 'PAPSS2');
INSERT IGNORE INTO Genes (Nombre) VALUES ('PARG');
INSERT INTO Enfermedad_has_Genes (Enfermedad_idEnfermedad, Genes_Nombre) VALUES ('GRCh37/hg19 10q11.21-26.3(chr10:42347406-135534747)x1', 'PARG');
INSERT IGNORE INTO Genes (Nombre) VALUES ('PAX2');
INSERT INTO Enfermedad_has_Genes (Enfermedad_idEnfermedad, Genes_Nombre) VALUES ('GRCh37/hg19 10q11.21-26.3(chr10:42347406-135534747)x1', 'PAX2');
INSERT IGNORE INTO Genes (Nombre) VALUES ('PBLD');
INSERT INTO Enfermedad_has_Genes (Enfermedad_idEnfermedad, Genes_Nombre) VALUES ('GRCh37/hg19 10q11.21-26.3(chr10:42347406-135534747)x1', 'PBLD');
INSERT IGNORE INTO Genes (Nombre) VALUES ('PCBD1');
INSERT INTO Enfermedad_has_Genes (Enfermedad_idEnfermedad, Genes_Nombre) VALUES ('GRCh37/hg19 10q11.21-26.3(chr10:42347406-135534747)x1', 'PCBD1');
INSERT IGNORE INTO Genes (Nombre) VALUES ('PCDH15');
INSERT INTO Enfermedad_has_Genes (Enfermedad_idEnfermedad, Genes_Nombre) VALUES ('GRCh37/hg19 10q11.21-26.3(chr10:42347406-135534747)x1', 'PCDH15');
INSERT IGNORE INTO Genes (Nombre) VALUES ('PCGF5');
INSERT INTO Enfermedad_has_Genes (Enfermedad_idEnfermedad, Genes_Nombre) VALUES ('GRCh37/hg19 10q11.21-26.3(chr10:42347406-135534747)x1', 'PCGF5');
INSERT IGNORE INTO Genes (Nombre) VALUES ('PCGF6');
INSERT INTO Enfermedad_has_Genes (Enfermedad_idEnfermedad, Genes_Nombre) VALUES ('GRCh37/hg19 10q11.21-26.3(chr10:42347406-135534747)x1', 'PCGF6');
INSERT IGNORE INTO Genes (Nombre) VALUES ('PDCD11');
INSERT INTO Enfermedad_has_Genes (Enfermedad_idEnfermedad, Genes_Nombre) VALUES ('GRCh37/hg19 10q11.21-26.3(chr10:42347406-135534747)x1', 'PDCD11');
INSERT IGNORE INTO Genes (Nombre) VALUES ('PDCD4');
INSERT INTO Enfermedad_has_Genes (Enfermedad_idEnfermedad, Genes_Nombre) VALUES ('GRCh37/hg19 10q11.21-26.3(chr10:42347406-135534747)x1', 'PDCD4');
INSERT IGNORE INTO Genes (Nombre) VALUES ('PDE6C');
INSERT INTO Enfermedad_has_Genes (Enfermedad_idEnfermedad, Genes_Nombre) VALUES ('GRCh37/hg19 10q11.21-26.3(chr10:42347406-135534747)x1', 'PDE6C');
INSERT IGNORE INTO Genes (Nombre) VALUES ('PDLIM1');
INSERT INTO Enfermedad_has_Genes (Enfermedad_idEnfermedad, Genes_Nombre) VALUES ('GRCh37/hg19 10q11.21-26.3(chr10:42347406-135534747)x1', 'PDLIM1');
INSERT IGNORE INTO Genes (Nombre) VALUES ('PDZD7');
INSERT INTO Enfermedad_has_Genes (Enfermedad_idEnfermedad, Genes_Nombre) VALUES ('GRCh37/hg19 10q11.21-26.3(chr10:42347406-135534747)x1', 'PDZD7');
INSERT IGNORE INTO Genes (Nombre) VALUES ('PDZD8');
INSERT INTO Enfermedad_has_Genes (Enfermedad_idEnfermedad, Genes_Nombre) VALUES ('GRCh37/hg19 10q11.21-26.3(chr10:42347406-135534747)x1', 'PDZD8');
INSERT IGNORE INTO Genes (Nombre) VALUES ('PGAM1');
INSERT INTO Enfermedad_has_Genes (Enfermedad_idEnfermedad, Genes_Nombre) VALUES ('GRCh37/hg19 10q11.21-26.3(chr10:42347406-135534747)x1', 'PGAM1');
INSERT IGNORE INTO Genes (Nombre) VALUES ('PGBD3');
INSERT INTO Enfermedad_has_Genes (Enfermedad_idEnfermedad, Genes_Nombre) VALUES ('GRCh37/hg19 10q11.21-26.3(chr10:42347406-135534747)x1', 'PGBD3');
INSERT IGNORE INTO Genes (Nombre) VALUES ('PHYHIPL');
INSERT INTO Enfermedad_has_Genes (Enfermedad_idEnfermedad, Genes_Nombre) VALUES ('GRCh37/hg19 10q11.21-26.3(chr10:42347406-135534747)x1', 'PHYHIPL');
INSERT IGNORE INTO Genes (Nombre) VALUES ('PI4K2A');
INSERT INTO Enfermedad_has_Genes (Enfermedad_idEnfermedad, Genes_Nombre) VALUES ('GRCh37/hg19 10q11.21-26.3(chr10:42347406-135534747)x1', 'PI4K2A');
INSERT IGNORE INTO Genes (Nombre) VALUES ('PIK3AP1');
INSERT INTO Enfermedad_has_Genes (Enfermedad_idEnfermedad, Genes_Nombre) VALUES ('GRCh37/hg19 10q11.21-26.3(chr10:42347406-135534747)x1', 'PIK3AP1');
INSERT IGNORE INTO Genes (Nombre) VALUES ('PITX3');
INSERT INTO Enfermedad_has_Genes (Enfermedad_idEnfermedad, Genes_Nombre) VALUES ('GRCh37/hg19 10q11.21-26.3(chr10:42347406-135534747)x1', 'PITX3');
INSERT IGNORE INTO Genes (Nombre) VALUES ('PKD2L1');
INSERT INTO Enfermedad_has_Genes (Enfermedad_idEnfermedad, Genes_Nombre) VALUES ('GRCh37/hg19 10q11.21-26.3(chr10:42347406-135534747)x1', 'PKD2L1');
INSERT IGNORE INTO Genes (Nombre) VALUES ('PLA2G12B');
INSERT INTO Enfermedad_has_Genes (Enfermedad_idEnfermedad, Genes_Nombre) VALUES ('GRCh37/hg19 10q11.21-26.3(chr10:42347406-135534747)x1', 'PLA2G12B');
INSERT IGNORE INTO Genes (Nombre) VALUES ('PLAC9');
INSERT INTO Enfermedad_has_Genes (Enfermedad_idEnfermedad, Genes_Nombre) VALUES ('GRCh37/hg19 10q11.21-26.3(chr10:42347406-135534747)x1', 'PLAC9');
INSERT IGNORE INTO Genes (Nombre) VALUES ('PLAU');
INSERT INTO Enfermedad_has_Genes (Enfermedad_idEnfermedad, Genes_Nombre) VALUES ('GRCh37/hg19 10q11.21-26.3(chr10:42347406-135534747)x1', 'PLAU');
INSERT IGNORE INTO Genes (Nombre) VALUES ('PLCE1');
INSERT INTO Enfermedad_has_Genes (Enfermedad_idEnfermedad, Genes_Nombre) VALUES ('GRCh37/hg19 10q11.21-26.3(chr10:42347406-135534747)x1', 'PLCE1');
INSERT IGNORE INTO Genes (Nombre) VALUES ('PLEKHA1');
INSERT INTO Enfermedad_has_Genes (Enfermedad_idEnfermedad, Genes_Nombre) VALUES ('GRCh37/hg19 10q11.21-26.3(chr10:42347406-135534747)x1', 'PLEKHA1');
INSERT IGNORE INTO Genes (Nombre) VALUES ('PLEKHS1');
INSERT INTO Enfermedad_has_Genes (Enfermedad_idEnfermedad, Genes_Nombre) VALUES ('GRCh37/hg19 10q11.21-26.3(chr10:42347406-135534747)x1', 'PLEKHS1');
INSERT IGNORE INTO Genes (Nombre) VALUES ('PLPP4');
INSERT INTO Enfermedad_has_Genes (Enfermedad_idEnfermedad, Genes_Nombre) VALUES ('GRCh37/hg19 10q11.21-26.3(chr10:42347406-135534747)x1', 'PLPP4');
INSERT IGNORE INTO Genes (Nombre) VALUES ('PNLIP');
INSERT INTO Enfermedad_has_Genes (Enfermedad_idEnfermedad, Genes_Nombre) VALUES ('GRCh37/hg19 10q11.21-26.3(chr10:42347406-135534747)x1', 'PNLIP');
INSERT IGNORE INTO Genes (Nombre) VALUES ('PNLIPRP1');
INSERT INTO Enfermedad_has_Genes (Enfermedad_idEnfermedad, Genes_Nombre) VALUES ('GRCh37/hg19 10q11.21-26.3(chr10:42347406-135534747)x1', 'PNLIPRP1');
INSERT IGNORE INTO Genes (Nombre) VALUES ('PNLIPRP2');
INSERT INTO Enfermedad_has_Genes (Enfermedad_idEnfermedad, Genes_Nombre) VALUES ('GRCh37/hg19 10q11.21-26.3(chr10:42347406-135534747)x1', 'PNLIPRP2');
INSERT IGNORE INTO Genes (Nombre) VALUES ('PNLIPRP3');
INSERT INTO Enfermedad_has_Genes (Enfermedad_idEnfermedad, Genes_Nombre) VALUES ('GRCh37/hg19 10q11.21-26.3(chr10:42347406-135534747)x1', 'PNLIPRP3');
INSERT IGNORE INTO Genes (Nombre) VALUES ('POLL');
INSERT INTO Enfermedad_has_Genes (Enfermedad_idEnfermedad, Genes_Nombre) VALUES ('GRCh37/hg19 10q11.21-26.3(chr10:42347406-135534747)x1', 'POLL');
INSERT IGNORE INTO Genes (Nombre) VALUES ('POLR3A');
INSERT INTO Enfermedad_has_Genes (Enfermedad_idEnfermedad, Genes_Nombre) VALUES ('GRCh37/hg19 10q11.21-26.3(chr10:42347406-135534747)x1', 'POLR3A');
INSERT IGNORE INTO Genes (Nombre) VALUES ('PPA1');
INSERT INTO Enfermedad_has_Genes (Enfermedad_idEnfermedad, Genes_Nombre) VALUES ('GRCh37/hg19 10q11.21-26.3(chr10:42347406-135534747)x1', 'PPA1');
INSERT IGNORE INTO Genes (Nombre) VALUES ('PPIF');
INSERT INTO Enfermedad_has_Genes (Enfermedad_idEnfermedad, Genes_Nombre) VALUES ('GRCh37/hg19 10q11.21-26.3(chr10:42347406-135534747)x1', 'PPIF');
INSERT IGNORE INTO Genes (Nombre) VALUES ('PPP1R3C');
INSERT INTO Enfermedad_has_Genes (Enfermedad_idEnfermedad, Genes_Nombre) VALUES ('GRCh37/hg19 10q11.21-26.3(chr10:42347406-135534747)x1', 'PPP1R3C');
INSERT IGNORE INTO Genes (Nombre) VALUES ('PPP2R2D');
INSERT INTO Enfermedad_has_Genes (Enfermedad_idEnfermedad, Genes_Nombre) VALUES ('GRCh37/hg19 10q11.21-26.3(chr10:42347406-135534747)x1', 'PPP2R2D');
INSERT IGNORE INTO Genes (Nombre) VALUES ('PPP3CB');
INSERT INTO Enfermedad_has_Genes (Enfermedad_idEnfermedad, Genes_Nombre) VALUES ('GRCh37/hg19 10q11.21-26.3(chr10:42347406-135534747)x1', 'PPP3CB');
INSERT IGNORE INTO Genes (Nombre) VALUES ('PPRC1');
INSERT INTO Enfermedad_has_Genes (Enfermedad_idEnfermedad, Genes_Nombre) VALUES ('GRCh37/hg19 10q11.21-26.3(chr10:42347406-135534747)x1', 'PPRC1');
INSERT IGNORE INTO Genes (Nombre) VALUES ('PRAP1');
INSERT INTO Enfermedad_has_Genes (Enfermedad_idEnfermedad, Genes_Nombre) VALUES ('GRCh37/hg19 10q11.21-26.3(chr10:42347406-135534747)x1', 'PRAP1');
INSERT IGNORE INTO Genes (Nombre) VALUES ('PRDX3');
INSERT INTO Enfermedad_has_Genes (Enfermedad_idEnfermedad, Genes_Nombre) VALUES ('GRCh37/hg19 10q11.21-26.3(chr10:42347406-135534747)x1', 'PRDX3');
INSERT IGNORE INTO Genes (Nombre) VALUES ('PRF1');
INSERT INTO Enfermedad_has_Genes (Enfermedad_idEnfermedad, Genes_Nombre) VALUES ('GRCh37/hg19 10q11.21-26.3(chr10:42347406-135534747)x1', 'PRF1');
INSERT IGNORE INTO Genes (Nombre) VALUES ('PRKG1');
INSERT INTO Enfermedad_has_Genes (Enfermedad_idEnfermedad, Genes_Nombre) VALUES ('GRCh37/hg19 10q11.21-26.3(chr10:42347406-135534747)x1', 'PRKG1');
INSERT IGNORE INTO Genes (Nombre) VALUES ('PRLHR');
INSERT INTO Enfermedad_has_Genes (Enfermedad_idEnfermedad, Genes_Nombre) VALUES ('GRCh37/hg19 10q11.21-26.3(chr10:42347406-135534747)x1', 'PRLHR');
INSERT IGNORE INTO Genes (Nombre) VALUES ('PRXL2A');
INSERT INTO Enfermedad_has_Genes (Enfermedad_idEnfermedad, Genes_Nombre) VALUES ('GRCh37/hg19 10q11.21-26.3(chr10:42347406-135534747)x1', 'PRXL2A');
INSERT IGNORE INTO Genes (Nombre) VALUES ('PSAP');
INSERT INTO Enfermedad_has_Genes (Enfermedad_idEnfermedad, Genes_Nombre) VALUES ('GRCh37/hg19 10q11.21-26.3(chr10:42347406-135534747)x1', 'PSAP');
INSERT IGNORE INTO Genes (Nombre) VALUES ('PSD');
INSERT INTO Enfermedad_has_Genes (Enfermedad_idEnfermedad, Genes_Nombre) VALUES ('GRCh37/hg19 10q11.21-26.3(chr10:42347406-135534747)x1', 'PSD');
INSERT IGNORE INTO Genes (Nombre) VALUES ('PSTK');
INSERT INTO Enfermedad_has_Genes (Enfermedad_idEnfermedad, Genes_Nombre) VALUES ('GRCh37/hg19 10q11.21-26.3(chr10:42347406-135534747)x1', 'PSTK');
INSERT IGNORE INTO Genes (Nombre) VALUES ('R3HCC1L');
INSERT INTO Enfermedad_has_Genes (Enfermedad_idEnfermedad, Genes_Nombre) VALUES ('GRCh37/hg19 10q11.21-26.3(chr10:42347406-135534747)x1', 'R3HCC1L');
INSERT IGNORE INTO Genes (Nombre) VALUES ('PTEN');
INSERT INTO Enfermedad_has_Genes (Enfermedad_idEnfermedad, Genes_Nombre) VALUES ('GRCh37/hg19 10q11.21-26.3(chr10:42347406-135534747)x1', 'PTEN');
INSERT IGNORE INTO Genes (Nombre) VALUES ('PTPN20');
INSERT INTO Enfermedad_has_Genes (Enfermedad_idEnfermedad, Genes_Nombre) VALUES ('GRCh37/hg19 10q11.21-26.3(chr10:42347406-135534747)x1', 'PTPN20');
INSERT IGNORE INTO Genes (Nombre) VALUES ('PTPRE');
INSERT INTO Enfermedad_has_Genes (Enfermedad_idEnfermedad, Genes_Nombre) VALUES ('GRCh37/hg19 10q11.21-26.3(chr10:42347406-135534747)x1', 'PTPRE');
INSERT IGNORE INTO Genes (Nombre) VALUES ('PWWP2B');
INSERT INTO Enfermedad_has_Genes (Enfermedad_idEnfermedad, Genes_Nombre) VALUES ('GRCh37/hg19 10q11.21-26.3(chr10:42347406-135534747)x1', 'PWWP2B');
INSERT IGNORE INTO Genes (Nombre) VALUES ('PYROXD2');
INSERT INTO Enfermedad_has_Genes (Enfermedad_idEnfermedad, Genes_Nombre) VALUES ('GRCh37/hg19 10q11.21-26.3(chr10:42347406-135534747)x1', 'PYROXD2');
INSERT IGNORE INTO Genes (Nombre) VALUES ('RAB11FIP2');
INSERT INTO Enfermedad_has_Genes (Enfermedad_idEnfermedad, Genes_Nombre) VALUES ('GRCh37/hg19 10q11.21-26.3(chr10:42347406-135534747)x1', 'RAB11FIP2');
INSERT IGNORE INTO Genes (Nombre) VALUES ('RASGEF1A');
INSERT INTO Enfermedad_has_Genes (Enfermedad_idEnfermedad, Genes_Nombre) VALUES ('GRCh37/hg19 10q11.21-26.3(chr10:42347406-135534747)x1', 'RASGEF1A');
INSERT IGNORE INTO Genes (Nombre) VALUES ('RASSF4');
INSERT INTO Enfermedad_has_Genes (Enfermedad_idEnfermedad, Genes_Nombre) VALUES ('GRCh37/hg19 10q11.21-26.3(chr10:42347406-135534747)x1', 'RASSF4');
INSERT IGNORE INTO Genes (Nombre) VALUES ('RBM20');
INSERT INTO Enfermedad_has_Genes (Enfermedad_idEnfermedad, Genes_Nombre) VALUES ('GRCh37/hg19 10q11.21-26.3(chr10:42347406-135534747)x1', 'RBM20');
INSERT IGNORE INTO Genes (Nombre) VALUES ('RBP3');
INSERT INTO Enfermedad_has_Genes (Enfermedad_idEnfermedad, Genes_Nombre) VALUES ('GRCh37/hg19 10q11.21-26.3(chr10:42347406-135534747)x1', 'RBP3');
INSERT IGNORE INTO Genes (Nombre) VALUES ('RBP4');
INSERT INTO Enfermedad_has_Genes (Enfermedad_idEnfermedad, Genes_Nombre) VALUES ('GRCh37/hg19 10q11.21-26.3(chr10:42347406-135534747)x1', 'RBP4');
INSERT IGNORE INTO Genes (Nombre) VALUES ('REEP3');
INSERT INTO Enfermedad_has_Genes (Enfermedad_idEnfermedad, Genes_Nombre) VALUES ('GRCh37/hg19 10q11.21-26.3(chr10:42347406-135534747)x1', 'REEP3');
INSERT IGNORE INTO Genes (Nombre) VALUES ('RET');
INSERT INTO Enfermedad_has_Genes (Enfermedad_idEnfermedad, Genes_Nombre) VALUES ('GRCh37/hg19 10q11.21-26.3(chr10:42347406-135534747)x1', 'RET');
INSERT IGNORE INTO Genes (Nombre) VALUES ('RGR');
INSERT INTO Enfermedad_has_Genes (Enfermedad_idEnfermedad, Genes_Nombre) VALUES ('GRCh37/hg19 10q11.21-26.3(chr10:42347406-135534747)x1', 'RGR');
INSERT IGNORE INTO Genes (Nombre) VALUES ('RGS10');
INSERT INTO Enfermedad_has_Genes (Enfermedad_idEnfermedad, Genes_Nombre) VALUES ('GRCh37/hg19 10q11.21-26.3(chr10:42347406-135534747)x1', 'RGS10');
INSERT IGNORE INTO Genes (Nombre) VALUES ('RHOBTB1');
INSERT INTO Enfermedad_has_Genes (Enfermedad_idEnfermedad, Genes_Nombre) VALUES ('GRCh37/hg19 10q11.21-26.3(chr10:42347406-135534747)x1', 'RHOBTB1');
INSERT IGNORE INTO Genes (Nombre) VALUES ('RNLS');
INSERT INTO Enfermedad_has_Genes (Enfermedad_idEnfermedad, Genes_Nombre) VALUES ('GRCh37/hg19 10q11.21-26.3(chr10:42347406-135534747)x1', 'RNLS');
INSERT IGNORE INTO Genes (Nombre) VALUES ('RPP30');
INSERT INTO Enfermedad_has_Genes (Enfermedad_idEnfermedad, Genes_Nombre) VALUES ('GRCh37/hg19 10q11.21-26.3(chr10:42347406-135534747)x1', 'RPP30');
INSERT IGNORE INTO Genes (Nombre) VALUES ('RPS24');
INSERT INTO Enfermedad_has_Genes (Enfermedad_idEnfermedad, Genes_Nombre) VALUES ('GRCh37/hg19 10q11.21-26.3(chr10:42347406-135534747)x1', 'RPS24');
INSERT IGNORE INTO Genes (Nombre) VALUES ('RRP12');
INSERT INTO Enfermedad_has_Genes (Enfermedad_idEnfermedad, Genes_Nombre) VALUES ('GRCh37/hg19 10q11.21-26.3(chr10:42347406-135534747)x1', 'RRP12');
INSERT IGNORE INTO Genes (Nombre) VALUES ('RTKN2');
INSERT INTO Enfermedad_has_Genes (Enfermedad_idEnfermedad, Genes_Nombre) VALUES ('GRCh37/hg19 10q11.21-26.3(chr10:42347406-135534747)x1', 'RTKN2');
INSERT IGNORE INTO Genes (Nombre) VALUES ('RUFY2');
INSERT INTO Enfermedad_has_Genes (Enfermedad_idEnfermedad, Genes_Nombre) VALUES ('GRCh37/hg19 10q11.21-26.3(chr10:42347406-135534747)x1', 'RUFY2');
INSERT IGNORE INTO Genes (Nombre) VALUES ('SAMD8');
INSERT INTO Enfermedad_has_Genes (Enfermedad_idEnfermedad, Genes_Nombre) VALUES ('GRCh37/hg19 10q11.21-26.3(chr10:42347406-135534747)x1', 'SAMD8');
INSERT IGNORE INTO Genes (Nombre) VALUES ('SAR1A');
INSERT INTO Enfermedad_has_Genes (Enfermedad_idEnfermedad, Genes_Nombre) VALUES ('GRCh37/hg19 10q11.21-26.3(chr10:42347406-135534747)x1', 'SAR1A');
INSERT IGNORE INTO Genes (Nombre) VALUES ('SCD');
INSERT INTO Enfermedad_has_Genes (Enfermedad_idEnfermedad, Genes_Nombre) VALUES ('GRCh37/hg19 10q11.21-26.3(chr10:42347406-135534747)x1', 'SCD');
INSERT IGNORE INTO Genes (Nombre) VALUES ('SEC23IP');
INSERT INTO Enfermedad_has_Genes (Enfermedad_idEnfermedad, Genes_Nombre) VALUES ('GRCh37/hg19 10q11.21-26.3(chr10:42347406-135534747)x1', 'SEC23IP');
INSERT IGNORE INTO Genes (Nombre) VALUES ('SEC24C');
INSERT INTO Enfermedad_has_Genes (Enfermedad_idEnfermedad, Genes_Nombre) VALUES ('GRCh37/hg19 10q11.21-26.3(chr10:42347406-135534747)x1', 'SEC24C');
INSERT IGNORE INTO Genes (Nombre) VALUES ('SEC31B');
INSERT INTO Enfermedad_has_Genes (Enfermedad_idEnfermedad, Genes_Nombre) VALUES ('GRCh37/hg19 10q11.21-26.3(chr10:42347406-135534747)x1', 'SEC31B');
INSERT IGNORE INTO Genes (Nombre) VALUES ('SEMA4G');
INSERT INTO Enfermedad_has_Genes (Enfermedad_idEnfermedad, Genes_Nombre) VALUES ('GRCh37/hg19 10q11.21-26.3(chr10:42347406-135534747)x1', 'SEMA4G');
INSERT IGNORE INTO Genes (Nombre) VALUES ('SFR1');
INSERT INTO Enfermedad_has_Genes (Enfermedad_idEnfermedad, Genes_Nombre) VALUES ('GRCh37/hg19 10q11.21-26.3(chr10:42347406-135534747)x1', 'SFR1');
INSERT IGNORE INTO Genes (Nombre) VALUES ('SFRP5');
INSERT INTO Enfermedad_has_Genes (Enfermedad_idEnfermedad, Genes_Nombre) VALUES ('GRCh37/hg19 10q11.21-26.3(chr10:42347406-135534747)x1', 'SFRP5');
INSERT IGNORE INTO Genes (Nombre) VALUES ('SFTPA1');
INSERT INTO Enfermedad_has_Genes (Enfermedad_idEnfermedad, Genes_Nombre) VALUES ('GRCh37/hg19 10q11.21-26.3(chr10:42347406-135534747)x1', 'SFTPA1');
INSERT IGNORE INTO Genes (Nombre) VALUES ('SFTPA2');
INSERT INTO Enfermedad_has_Genes (Enfermedad_idEnfermedad, Genes_Nombre) VALUES ('GRCh37/hg19 10q11.21-26.3(chr10:42347406-135534747)x1', 'SFTPA2');
INSERT IGNORE INTO Genes (Nombre) VALUES ('SFTPD');
INSERT INTO Enfermedad_has_Genes (Enfermedad_idEnfermedad, Genes_Nombre) VALUES ('GRCh37/hg19 10q11.21-26.3(chr10:42347406-135534747)x1', 'SFTPD');
INSERT IGNORE INTO Genes (Nombre) VALUES ('SFXN2');
INSERT INTO Enfermedad_has_Genes (Enfermedad_idEnfermedad, Genes_Nombre) VALUES ('GRCh37/hg19 10q11.21-26.3(chr10:42347406-135534747)x1', 'SFXN2');
INSERT IGNORE INTO Genes (Nombre) VALUES ('SFXN3');
INSERT INTO Enfermedad_has_Genes (Enfermedad_idEnfermedad, Genes_Nombre) VALUES ('GRCh37/hg19 10q11.21-26.3(chr10:42347406-135534747)x1', 'SFXN3');
INSERT IGNORE INTO Genes (Nombre) VALUES ('SFXN4');
INSERT INTO Enfermedad_has_Genes (Enfermedad_idEnfermedad, Genes_Nombre) VALUES ('GRCh37/hg19 10q11.21-26.3(chr10:42347406-135534747)x1', 'SFXN4');
INSERT IGNORE INTO Genes (Nombre) VALUES ('SGMS1');
INSERT INTO Enfermedad_has_Genes (Enfermedad_idEnfermedad, Genes_Nombre) VALUES ('GRCh37/hg19 10q11.21-26.3(chr10:42347406-135534747)x1', 'SGMS1');
INSERT IGNORE INTO Genes (Nombre) VALUES ('SGPL1');
INSERT INTO Enfermedad_has_Genes (Enfermedad_idEnfermedad, Genes_Nombre) VALUES ('GRCh37/hg19 10q11.21-26.3(chr10:42347406-135534747)x1', 'SGPL1');
INSERT IGNORE INTO Genes (Nombre) VALUES ('SH2D4B');
INSERT INTO Enfermedad_has_Genes (Enfermedad_idEnfermedad, Genes_Nombre) VALUES ('GRCh37/hg19 10q11.21-26.3(chr10:42347406-135534747)x1', 'SH2D4B');
INSERT IGNORE INTO Genes (Nombre) VALUES ('SH3PXD2A');
INSERT INTO Enfermedad_has_Genes (Enfermedad_idEnfermedad, Genes_Nombre) VALUES ('GRCh37/hg19 10q11.21-26.3(chr10:42347406-135534747)x1', 'SH3PXD2A');
INSERT IGNORE INTO Genes (Nombre) VALUES ('SHLD2');
INSERT INTO Enfermedad_has_Genes (Enfermedad_idEnfermedad, Genes_Nombre) VALUES ('GRCh37/hg19 10q11.21-26.3(chr10:42347406-135534747)x1', 'SHLD2');
INSERT IGNORE INTO Genes (Nombre) VALUES ('SHOC2');
INSERT INTO Enfermedad_has_Genes (Enfermedad_idEnfermedad, Genes_Nombre) VALUES ('GRCh37/hg19 10q11.21-26.3(chr10:42347406-135534747)x1', 'SHOC2');
INSERT IGNORE INTO Genes (Nombre) VALUES ('SHTN1');
INSERT INTO Enfermedad_has_Genes (Enfermedad_idEnfermedad, Genes_Nombre) VALUES ('GRCh37/hg19 10q11.21-26.3(chr10:42347406-135534747)x1', 'SHTN1');
INSERT IGNORE INTO Genes (Nombre) VALUES ('SIRT1');
INSERT INTO Enfermedad_has_Genes (Enfermedad_idEnfermedad, Genes_Nombre) VALUES ('GRCh37/hg19 10q11.21-26.3(chr10:42347406-135534747)x1', 'SIRT1');
INSERT IGNORE INTO Genes (Nombre) VALUES ('SLC16A12');
INSERT INTO Enfermedad_has_Genes (Enfermedad_idEnfermedad, Genes_Nombre) VALUES ('GRCh37/hg19 10q11.21-26.3(chr10:42347406-135534747)x1', 'SLC16A12');
INSERT IGNORE INTO Genes (Nombre) VALUES ('SLC16A9');
INSERT INTO Enfermedad_has_Genes (Enfermedad_idEnfermedad, Genes_Nombre) VALUES ('GRCh37/hg19 10q11.21-26.3(chr10:42347406-135534747)x1', 'SLC16A9');
INSERT IGNORE INTO Genes (Nombre) VALUES ('SLC18A2');
INSERT INTO Enfermedad_has_Genes (Enfermedad_idEnfermedad, Genes_Nombre) VALUES ('GRCh37/hg19 10q11.21-26.3(chr10:42347406-135534747)x1', 'SLC18A2');
INSERT IGNORE INTO Genes (Nombre) VALUES ('SLC18A3');
INSERT INTO Enfermedad_has_Genes (Enfermedad_idEnfermedad, Genes_Nombre) VALUES ('GRCh37/hg19 10q11.21-26.3(chr10:42347406-135534747)x1', 'SLC18A3');
INSERT IGNORE INTO Genes (Nombre) VALUES ('SLC25A16');
INSERT INTO Enfermedad_has_Genes (Enfermedad_idEnfermedad, Genes_Nombre) VALUES ('GRCh37/hg19 10q11.21-26.3(chr10:42347406-135534747)x1', 'SLC25A16');
INSERT IGNORE INTO Genes (Nombre) VALUES ('SLC25A28');
INSERT INTO Enfermedad_has_Genes (Enfermedad_idEnfermedad, Genes_Nombre) VALUES ('GRCh37/hg19 10q11.21-26.3(chr10:42347406-135534747)x1', 'SLC25A28');
INSERT IGNORE INTO Genes (Nombre) VALUES ('SLC29A3');
INSERT INTO Enfermedad_has_Genes (Enfermedad_idEnfermedad, Genes_Nombre) VALUES ('GRCh37/hg19 10q11.21-26.3(chr10:42347406-135534747)x1', 'SLC29A3');
INSERT IGNORE INTO Genes (Nombre) VALUES ('SLC35G1');
INSERT INTO Enfermedad_has_Genes (Enfermedad_idEnfermedad, Genes_Nombre) VALUES ('GRCh37/hg19 10q11.21-26.3(chr10:42347406-135534747)x1', 'SLC35G1');
INSERT IGNORE INTO Genes (Nombre) VALUES ('SLF2');
INSERT INTO Enfermedad_has_Genes (Enfermedad_idEnfermedad, Genes_Nombre) VALUES ('GRCh37/hg19 10q11.21-26.3(chr10:42347406-135534747)x1', 'SLF2');
INSERT IGNORE INTO Genes (Nombre) VALUES ('SLIT1');
INSERT INTO Enfermedad_has_Genes (Enfermedad_idEnfermedad, Genes_Nombre) VALUES ('GRCh37/hg19 10q11.21-26.3(chr10:42347406-135534747)x1', 'SLIT1');
INSERT IGNORE INTO Genes (Nombre) VALUES ('SLK');
INSERT INTO Enfermedad_has_Genes (Enfermedad_idEnfermedad, Genes_Nombre) VALUES ('GRCh37/hg19 10q11.21-26.3(chr10:42347406-135534747)x1', 'SLK');
INSERT IGNORE INTO Genes (Nombre) VALUES ('SMC3');
INSERT INTO Enfermedad_has_Genes (Enfermedad_idEnfermedad, Genes_Nombre) VALUES ('GRCh37/hg19 10q11.21-26.3(chr10:42347406-135534747)x1', 'SMC3');
INSERT IGNORE INTO Genes (Nombre) VALUES ('SMNDC1');
INSERT INTO Enfermedad_has_Genes (Enfermedad_idEnfermedad, Genes_Nombre) VALUES ('GRCh37/hg19 10q11.21-26.3(chr10:42347406-135534747)x1', 'SMNDC1');
INSERT IGNORE INTO Genes (Nombre) VALUES ('SNCG');
INSERT INTO Enfermedad_has_Genes (Enfermedad_idEnfermedad, Genes_Nombre) VALUES ('GRCh37/hg19 10q11.21-26.3(chr10:42347406-135534747)x1', 'SNCG');
INSERT IGNORE INTO Genes (Nombre) VALUES ('SNORA12');
INSERT INTO Enfermedad_has_Genes (Enfermedad_idEnfermedad, Genes_Nombre) VALUES ('GRCh37/hg19 10q11.21-26.3(chr10:42347406-135534747)x1', 'SNORA12');
INSERT IGNORE INTO Genes (Nombre) VALUES ('SORBS1');
INSERT INTO Enfermedad_has_Genes (Enfermedad_idEnfermedad, Genes_Nombre) VALUES ('GRCh37/hg19 10q11.21-26.3(chr10:42347406-135534747)x1', 'SORBS1');
INSERT IGNORE INTO Genes (Nombre) VALUES ('SORCS1');
INSERT INTO Enfermedad_has_Genes (Enfermedad_idEnfermedad, Genes_Nombre) VALUES ('GRCh37/hg19 10q11.21-26.3(chr10:42347406-135534747)x1', 'SORCS1');
INSERT IGNORE INTO Genes (Nombre) VALUES ('SORCS3');
INSERT INTO Enfermedad_has_Genes (Enfermedad_idEnfermedad, Genes_Nombre) VALUES ('GRCh37/hg19 10q11.21-26.3(chr10:42347406-135534747)x1', 'SORCS3');
INSERT IGNORE INTO Genes (Nombre) VALUES ('SPOCK2');
INSERT INTO Enfermedad_has_Genes (Enfermedad_idEnfermedad, Genes_Nombre) VALUES ('GRCh37/hg19 10q11.21-26.3(chr10:42347406-135534747)x1', 'SPOCK2');
INSERT IGNORE INTO Genes (Nombre) VALUES ('SPRN');
INSERT INTO Enfermedad_has_Genes (Enfermedad_idEnfermedad, Genes_Nombre) VALUES ('GRCh37/hg19 10q11.21-26.3(chr10:42347406-135534747)x1', 'SPRN');
INSERT IGNORE INTO Genes (Nombre) VALUES ('SRGN');
INSERT INTO Enfermedad_has_Genes (Enfermedad_idEnfermedad, Genes_Nombre) VALUES ('GRCh37/hg19 10q11.21-26.3(chr10:42347406-135534747)x1', 'SRGN');
INSERT IGNORE INTO Genes (Nombre) VALUES ('STAMBPL1');
INSERT INTO Enfermedad_has_Genes (Enfermedad_idEnfermedad, Genes_Nombre) VALUES ('GRCh37/hg19 10q11.21-26.3(chr10:42347406-135534747)x1', 'STAMBPL1');
INSERT IGNORE INTO Genes (Nombre) VALUES ('STK32C');
INSERT INTO Enfermedad_has_Genes (Enfermedad_idEnfermedad, Genes_Nombre) VALUES ('GRCh37/hg19 10q11.21-26.3(chr10:42347406-135534747)x1', 'STK32C');
INSERT IGNORE INTO Genes (Nombre) VALUES ('STN1');
INSERT INTO Enfermedad_has_Genes (Enfermedad_idEnfermedad, Genes_Nombre) VALUES ('GRCh37/hg19 10q11.21-26.3(chr10:42347406-135534747)x1', 'STN1');
INSERT IGNORE INTO Genes (Nombre) VALUES ('STOX1');
INSERT INTO Enfermedad_has_Genes (Enfermedad_idEnfermedad, Genes_Nombre) VALUES ('GRCh37/hg19 10q11.21-26.3(chr10:42347406-135534747)x1', 'STOX1');
INSERT IGNORE INTO Genes (Nombre) VALUES ('SUFU');
INSERT INTO Enfermedad_has_Genes (Enfermedad_idEnfermedad, Genes_Nombre) VALUES ('GRCh37/hg19 10q11.21-26.3(chr10:42347406-135534747)x1', 'SUFU');
INSERT IGNORE INTO Genes (Nombre) VALUES ('SUPV3L1');
INSERT INTO Enfermedad_has_Genes (Enfermedad_idEnfermedad, Genes_Nombre) VALUES ('GRCh37/hg19 10q11.21-26.3(chr10:42347406-135534747)x1', 'SUPV3L1');
INSERT IGNORE INTO Genes (Nombre) VALUES ('SYCE1');
INSERT INTO Enfermedad_has_Genes (Enfermedad_idEnfermedad, Genes_Nombre) VALUES ('GRCh37/hg19 10q11.21-26.3(chr10:42347406-135534747)x1', 'SYCE1');
INSERT IGNORE INTO Genes (Nombre) VALUES ('SYNPO2L');
INSERT INTO Enfermedad_has_Genes (Enfermedad_idEnfermedad, Genes_Nombre) VALUES ('GRCh37/hg19 10q11.21-26.3(chr10:42347406-135534747)x1', 'SYNPO2L');
INSERT IGNORE INTO Genes (Nombre) VALUES ('SYT15');
INSERT INTO Enfermedad_has_Genes (Enfermedad_idEnfermedad, Genes_Nombre) VALUES ('GRCh37/hg19 10q11.21-26.3(chr10:42347406-135534747)x1', 'SYT15');
INSERT IGNORE INTO Genes (Nombre) VALUES ('TACC2');
INSERT INTO Enfermedad_has_Genes (Enfermedad_idEnfermedad, Genes_Nombre) VALUES ('GRCh37/hg19 10q11.21-26.3(chr10:42347406-135534747)x1', 'TACC2');
INSERT IGNORE INTO Genes (Nombre) VALUES ('TACR2');
INSERT INTO Enfermedad_has_Genes (Enfermedad_idEnfermedad, Genes_Nombre) VALUES ('GRCh37/hg19 10q11.21-26.3(chr10:42347406-135534747)x1', 'TACR2');
INSERT IGNORE INTO Genes (Nombre) VALUES ('TAF5');
INSERT INTO Enfermedad_has_Genes (Enfermedad_idEnfermedad, Genes_Nombre) VALUES ('GRCh37/hg19 10q11.21-26.3(chr10:42347406-135534747)x1', 'TAF5');
INSERT IGNORE INTO Genes (Nombre) VALUES ('TBATA');
INSERT INTO Enfermedad_has_Genes (Enfermedad_idEnfermedad, Genes_Nombre) VALUES ('GRCh37/hg19 10q11.21-26.3(chr10:42347406-135534747)x1', 'TBATA');
INSERT IGNORE INTO Genes (Nombre) VALUES ('TBC1D12');
INSERT INTO Enfermedad_has_Genes (Enfermedad_idEnfermedad, Genes_Nombre) VALUES ('GRCh37/hg19 10q11.21-26.3(chr10:42347406-135534747)x1', 'TBC1D12');
INSERT IGNORE INTO Genes (Nombre) VALUES ('TCERG1L');
INSERT INTO Enfermedad_has_Genes (Enfermedad_idEnfermedad, Genes_Nombre) VALUES ('GRCh37/hg19 10q11.21-26.3(chr10:42347406-135534747)x1', 'TCERG1L');
INSERT IGNORE INTO Genes (Nombre) VALUES ('TCERG1L-AS1');
INSERT INTO Enfermedad_has_Genes (Enfermedad_idEnfermedad, Genes_Nombre) VALUES ('GRCh37/hg19 10q11.21-26.3(chr10:42347406-135534747)x1', 'TCERG1L-AS1');
INSERT IGNORE INTO Genes (Nombre) VALUES ('TCF7L2');
INSERT INTO Enfermedad_has_Genes (Enfermedad_idEnfermedad, Genes_Nombre) VALUES ('GRCh37/hg19 10q11.21-26.3(chr10:42347406-135534747)x1', 'TCF7L2');
INSERT IGNORE INTO Genes (Nombre) VALUES ('TCTN3');
INSERT INTO Enfermedad_has_Genes (Enfermedad_idEnfermedad, Genes_Nombre) VALUES ('GRCh37/hg19 10q11.21-26.3(chr10:42347406-135534747)x1', 'TCTN3');
INSERT IGNORE INTO Genes (Nombre) VALUES ('TDRD1');
INSERT INTO Enfermedad_has_Genes (Enfermedad_idEnfermedad, Genes_Nombre) VALUES ('GRCh37/hg19 10q11.21-26.3(chr10:42347406-135534747)x1', 'TDRD1');
INSERT IGNORE INTO Genes (Nombre) VALUES ('TECTB');
INSERT INTO Enfermedad_has_Genes (Enfermedad_idEnfermedad, Genes_Nombre) VALUES ('GRCh37/hg19 10q11.21-26.3(chr10:42347406-135534747)x1', 'TECTB');
INSERT IGNORE INTO Genes (Nombre) VALUES ('TET1');
INSERT INTO Enfermedad_has_Genes (Enfermedad_idEnfermedad, Genes_Nombre) VALUES ('GRCh37/hg19 10q11.21-26.3(chr10:42347406-135534747)x1', 'TET1');
INSERT IGNORE INTO Genes (Nombre) VALUES ('TEX36');
INSERT INTO Enfermedad_has_Genes (Enfermedad_idEnfermedad, Genes_Nombre) VALUES ('GRCh37/hg19 10q11.21-26.3(chr10:42347406-135534747)x1', 'TEX36');
INSERT IGNORE INTO Genes (Nombre) VALUES ('TFAM');
INSERT INTO Enfermedad_has_Genes (Enfermedad_idEnfermedad, Genes_Nombre) VALUES ('GRCh37/hg19 10q11.21-26.3(chr10:42347406-135534747)x1', 'TFAM');
INSERT IGNORE INTO Genes (Nombre) VALUES ('TIAL1');
INSERT INTO Enfermedad_has_Genes (Enfermedad_idEnfermedad, Genes_Nombre) VALUES ('GRCh37/hg19 10q11.21-26.3(chr10:42347406-135534747)x1', 'TIAL1');
INSERT IGNORE INTO Genes (Nombre) VALUES ('TIMM23');
INSERT INTO Enfermedad_has_Genes (Enfermedad_idEnfermedad, Genes_Nombre) VALUES ('GRCh37/hg19 10q11.21-26.3(chr10:42347406-135534747)x1', 'TIMM23');
INSERT IGNORE INTO Genes (Nombre) VALUES ('TLL2');
INSERT INTO Enfermedad_has_Genes (Enfermedad_idEnfermedad, Genes_Nombre) VALUES ('GRCh37/hg19 10q11.21-26.3(chr10:42347406-135534747)x1', 'TLL2');
INSERT IGNORE INTO Genes (Nombre) VALUES ('TLX1');
INSERT INTO Enfermedad_has_Genes (Enfermedad_idEnfermedad, Genes_Nombre) VALUES ('GRCh37/hg19 10q11.21-26.3(chr10:42347406-135534747)x1', 'TLX1');
INSERT IGNORE INTO Genes (Nombre) VALUES ('TLX1NB');
INSERT INTO Enfermedad_has_Genes (Enfermedad_idEnfermedad, Genes_Nombre) VALUES ('GRCh37/hg19 10q11.21-26.3(chr10:42347406-135534747)x1', 'TLX1NB');
INSERT IGNORE INTO Genes (Nombre) VALUES ('TM9SF3');
INSERT INTO Enfermedad_has_Genes (Enfermedad_idEnfermedad, Genes_Nombre) VALUES ('GRCh37/hg19 10q11.21-26.3(chr10:42347406-135534747)x1', 'TM9SF3');
INSERT IGNORE INTO Genes (Nombre) VALUES ('TMEM254');
INSERT INTO Enfermedad_has_Genes (Enfermedad_idEnfermedad, Genes_Nombre) VALUES ('GRCh37/hg19 10q11.21-26.3(chr10:42347406-135534747)x1', 'TMEM254');
INSERT IGNORE INTO Genes (Nombre) VALUES ('TMEM26');
INSERT INTO Enfermedad_has_Genes (Enfermedad_idEnfermedad, Genes_Nombre) VALUES ('GRCh37/hg19 10q11.21-26.3(chr10:42347406-135534747)x1', 'TMEM26');
INSERT IGNORE INTO Genes (Nombre) VALUES ('TMEM273');
INSERT INTO Enfermedad_has_Genes (Enfermedad_idEnfermedad, Genes_Nombre) VALUES ('GRCh37/hg19 10q11.21-26.3(chr10:42347406-135534747)x1', 'TMEM273');
INSERT IGNORE INTO Genes (Nombre) VALUES ('TMEM72');
INSERT INTO Enfermedad_has_Genes (Enfermedad_idEnfermedad, Genes_Nombre) VALUES ('GRCh37/hg19 10q11.21-26.3(chr10:42347406-135534747)x1', 'TMEM72');
INSERT IGNORE INTO Genes (Nombre) VALUES ('TNKS2');
INSERT INTO Enfermedad_has_Genes (Enfermedad_idEnfermedad, Genes_Nombre) VALUES ('GRCh37/hg19 10q11.21-26.3(chr10:42347406-135534747)x1', 'TNKS2');
INSERT IGNORE INTO Genes (Nombre) VALUES ('TRIM8');
INSERT INTO Enfermedad_has_Genes (Enfermedad_idEnfermedad, Genes_Nombre) VALUES ('GRCh37/hg19 10q11.21-26.3(chr10:42347406-135534747)x1', 'TRIM8');
INSERT IGNORE INTO Genes (Nombre) VALUES ('TRUB1');
INSERT INTO Enfermedad_has_Genes (Enfermedad_idEnfermedad, Genes_Nombre) VALUES ('GRCh37/hg19 10q11.21-26.3(chr10:42347406-135534747)x1', 'TRUB1');
INSERT IGNORE INTO Genes (Nombre) VALUES ('TSPAN14');
INSERT INTO Enfermedad_has_Genes (Enfermedad_idEnfermedad, Genes_Nombre) VALUES ('GRCh37/hg19 10q11.21-26.3(chr10:42347406-135534747)x1', 'TSPAN14');
INSERT IGNORE INTO Genes (Nombre) VALUES ('TSPAN15');
INSERT INTO Enfermedad_has_Genes (Enfermedad_idEnfermedad, Genes_Nombre) VALUES ('GRCh37/hg19 10q11.21-26.3(chr10:42347406-135534747)x1', 'TSPAN15');
INSERT IGNORE INTO Genes (Nombre) VALUES ('TUBGCP2');
INSERT INTO Enfermedad_has_Genes (Enfermedad_idEnfermedad, Genes_Nombre) VALUES ('GRCh37/hg19 10q11.21-26.3(chr10:42347406-135534747)x1', 'TUBGCP2');
INSERT IGNORE INTO Genes (Nombre) VALUES ('TWNK');
INSERT INTO Enfermedad_has_Genes (Enfermedad_idEnfermedad, Genes_Nombre) VALUES ('GRCh37/hg19 10q11.21-26.3(chr10:42347406-135534747)x1', 'TWNK');
INSERT IGNORE INTO Genes (Nombre) VALUES ('TYSND1');
INSERT INTO Enfermedad_has_Genes (Enfermedad_idEnfermedad, Genes_Nombre) VALUES ('GRCh37/hg19 10q11.21-26.3(chr10:42347406-135534747)x1', 'TYSND1');
INSERT IGNORE INTO Genes (Nombre) VALUES ('UBE2D1');
INSERT INTO Enfermedad_has_Genes (Enfermedad_idEnfermedad, Genes_Nombre) VALUES ('GRCh37/hg19 10q11.21-26.3(chr10:42347406-135534747)x1', 'UBE2D1');
INSERT IGNORE INTO Genes (Nombre) VALUES ('UBTD1');
INSERT INTO Enfermedad_has_Genes (Enfermedad_idEnfermedad, Genes_Nombre) VALUES ('GRCh37/hg19 10q11.21-26.3(chr10:42347406-135534747)x1', 'UBTD1');
INSERT IGNORE INTO Genes (Nombre) VALUES ('UNC5B');
INSERT INTO Enfermedad_has_Genes (Enfermedad_idEnfermedad, Genes_Nombre) VALUES ('GRCh37/hg19 10q11.21-26.3(chr10:42347406-135534747)x1', 'UNC5B');
INSERT IGNORE INTO Genes (Nombre) VALUES ('UROS');
INSERT INTO Enfermedad_has_Genes (Enfermedad_idEnfermedad, Genes_Nombre) VALUES ('GRCh37/hg19 10q11.21-26.3(chr10:42347406-135534747)x1', 'UROS');
INSERT IGNORE INTO Genes (Nombre) VALUES ('USP54');
INSERT INTO Enfermedad_has_Genes (Enfermedad_idEnfermedad, Genes_Nombre) VALUES ('GRCh37/hg19 10q11.21-26.3(chr10:42347406-135534747)x1', 'USP54');
INSERT IGNORE INTO Genes (Nombre) VALUES ('UTF1');
INSERT INTO Enfermedad_has_Genes (Enfermedad_idEnfermedad, Genes_Nombre) VALUES ('GRCh37/hg19 10q11.21-26.3(chr10:42347406-135534747)x1', 'UTF1');
INSERT IGNORE INTO Genes (Nombre) VALUES ('VAX1');
INSERT INTO Enfermedad_has_Genes (Enfermedad_idEnfermedad, Genes_Nombre) VALUES ('GRCh37/hg19 10q11.21-26.3(chr10:42347406-135534747)x1', 'VAX1');
INSERT IGNORE INTO Genes (Nombre) VALUES ('VCL');
INSERT INTO Enfermedad_has_Genes (Enfermedad_idEnfermedad, Genes_Nombre) VALUES ('GRCh37/hg19 10q11.21-26.3(chr10:42347406-135534747)x1', 'VCL');
INSERT IGNORE INTO Genes (Nombre) VALUES ('VDAC2');
INSERT INTO Enfermedad_has_Genes (Enfermedad_idEnfermedad, Genes_Nombre) VALUES ('GRCh37/hg19 10q11.21-26.3(chr10:42347406-135534747)x1', 'VDAC2');
INSERT IGNORE INTO Genes (Nombre) VALUES ('VENTX');
INSERT INTO Enfermedad_has_Genes (Enfermedad_idEnfermedad, Genes_Nombre) VALUES ('GRCh37/hg19 10q11.21-26.3(chr10:42347406-135534747)x1', 'VENTX');
INSERT IGNORE INTO Genes (Nombre) VALUES ('VPS26A');
INSERT INTO Enfermedad_has_Genes (Enfermedad_idEnfermedad, Genes_Nombre) VALUES ('GRCh37/hg19 10q11.21-26.3(chr10:42347406-135534747)x1', 'VPS26A');
INSERT IGNORE INTO Genes (Nombre) VALUES ('VSIR');
INSERT INTO Enfermedad_has_Genes (Enfermedad_idEnfermedad, Genes_Nombre) VALUES ('GRCh37/hg19 10q11.21-26.3(chr10:42347406-135534747)x1', 'VSIR');
INSERT IGNORE INTO Genes (Nombre) VALUES ('VSTM4');
INSERT INTO Enfermedad_has_Genes (Enfermedad_idEnfermedad, Genes_Nombre) VALUES ('GRCh37/hg19 10q11.21-26.3(chr10:42347406-135534747)x1', 'VSTM4');
INSERT IGNORE INTO Genes (Nombre) VALUES ('VTI1A');
INSERT INTO Enfermedad_has_Genes (Enfermedad_idEnfermedad, Genes_Nombre) VALUES ('GRCh37/hg19 10q11.21-26.3(chr10:42347406-135534747)x1', 'VTI1A');
INSERT IGNORE INTO Genes (Nombre) VALUES ('VWA2');
INSERT INTO Enfermedad_has_Genes (Enfermedad_idEnfermedad, Genes_Nombre) VALUES ('GRCh37/hg19 10q11.21-26.3(chr10:42347406-135534747)x1', 'VWA2');
INSERT IGNORE INTO Genes (Nombre) VALUES ('WAPL');
INSERT INTO Enfermedad_has_Genes (Enfermedad_idEnfermedad, Genes_Nombre) VALUES ('GRCh37/hg19 10q11.21-26.3(chr10:42347406-135534747)x1', 'WAPL');
INSERT IGNORE INTO Genes (Nombre) VALUES ('WASHC2A');
INSERT INTO Enfermedad_has_Genes (Enfermedad_idEnfermedad, Genes_Nombre) VALUES ('GRCh37/hg19 10q11.21-26.3(chr10:42347406-135534747)x1', 'WASHC2A');
INSERT IGNORE INTO Genes (Nombre) VALUES ('WASHC2C');
INSERT INTO Enfermedad_has_Genes (Enfermedad_idEnfermedad, Genes_Nombre) VALUES ('GRCh37/hg19 10q11.21-26.3(chr10:42347406-135534747)x1', 'WASHC2C');
INSERT IGNORE INTO Genes (Nombre) VALUES ('WBP1L');
INSERT INTO Enfermedad_has_Genes (Enfermedad_idEnfermedad, Genes_Nombre) VALUES ('GRCh37/hg19 10q11.21-26.3(chr10:42347406-135534747)x1', 'WBP1L');
INSERT IGNORE INTO Genes (Nombre) VALUES ('WDFY4');
INSERT INTO Enfermedad_has_Genes (Enfermedad_idEnfermedad, Genes_Nombre) VALUES ('GRCh37/hg19 10q11.21-26.3(chr10:42347406-135534747)x1', 'WDFY4');
INSERT IGNORE INTO Genes (Nombre) VALUES ('WDR11');
INSERT INTO Enfermedad_has_Genes (Enfermedad_idEnfermedad, Genes_Nombre) VALUES ('GRCh37/hg19 10q11.21-26.3(chr10:42347406-135534747)x1', 'WDR11');
INSERT IGNORE INTO Genes (Nombre) VALUES ('WNT8B');
INSERT INTO Enfermedad_has_Genes (Enfermedad_idEnfermedad, Genes_Nombre) VALUES ('GRCh37/hg19 10q11.21-26.3(chr10:42347406-135534747)x1', 'WNT8B');
INSERT IGNORE INTO Genes (Nombre) VALUES ('XPNPEP1');
INSERT INTO Enfermedad_has_Genes (Enfermedad_idEnfermedad, Genes_Nombre) VALUES ('GRCh37/hg19 10q11.21-26.3(chr10:42347406-135534747)x1', 'XPNPEP1');
INSERT IGNORE INTO Genes (Nombre) VALUES ('ZCCHC24');
INSERT INTO Enfermedad_has_Genes (Enfermedad_idEnfermedad, Genes_Nombre) VALUES ('GRCh37/hg19 10q11.21-26.3(chr10:42347406-135534747)x1', 'ZCCHC24');
INSERT IGNORE INTO Genes (Nombre) VALUES ('ZDHHC16');
INSERT INTO Enfermedad_has_Genes (Enfermedad_idEnfermedad, Genes_Nombre) VALUES ('GRCh37/hg19 10q11.21-26.3(chr10:42347406-135534747)x1', 'ZDHHC16');
INSERT IGNORE INTO Genes (Nombre) VALUES ('ZDHHC6');
INSERT INTO Enfermedad_has_Genes (Enfermedad_idEnfermedad, Genes_Nombre) VALUES ('GRCh37/hg19 10q11.21-26.3(chr10:42347406-135534747)x1', 'ZDHHC6');
INSERT IGNORE INTO Genes (Nombre) VALUES ('ZFAND4');
INSERT INTO Enfermedad_has_Genes (Enfermedad_idEnfermedad, Genes_Nombre) VALUES ('GRCh37/hg19 10q11.21-26.3(chr10:42347406-135534747)x1', 'ZFAND4');
INSERT IGNORE INTO Genes (Nombre) VALUES ('ZFYVE27');
INSERT INTO Enfermedad_has_Genes (Enfermedad_idEnfermedad, Genes_Nombre) VALUES ('GRCh37/hg19 10q11.21-26.3(chr10:42347406-135534747)x1', 'ZFYVE27');
INSERT IGNORE INTO Genes (Nombre) VALUES ('ZMIZ1');
INSERT INTO Enfermedad_has_Genes (Enfermedad_idEnfermedad, Genes_Nombre) VALUES ('GRCh37/hg19 10q11.21-26.3(chr10:42347406-135534747)x1', 'ZMIZ1');
INSERT IGNORE INTO Genes (Nombre) VALUES ('ZNF22');
INSERT INTO Enfermedad_has_Genes (Enfermedad_idEnfermedad, Genes_Nombre) VALUES ('GRCh37/hg19 10q11.21-26.3(chr10:42347406-135534747)x1', 'ZNF22');
INSERT IGNORE INTO Genes (Nombre) VALUES ('ZNF22-AS1');
INSERT INTO Enfermedad_has_Genes (Enfermedad_idEnfermedad, Genes_Nombre) VALUES ('GRCh37/hg19 10q11.21-26.3(chr10:42347406-135534747)x1', 'ZNF22-AS1');
INSERT IGNORE INTO Genes (Nombre) VALUES ('ZNF239');
INSERT INTO Enfermedad_has_Genes (Enfermedad_idEnfermedad, Genes_Nombre) VALUES ('GRCh37/hg19 10q11.21-26.3(chr10:42347406-135534747)x1', 'ZNF239');
INSERT IGNORE INTO Genes (Nombre) VALUES ('ZNF32');
INSERT INTO Enfermedad_has_Genes (Enfermedad_idEnfermedad, Genes_Nombre) VALUES ('GRCh37/hg19 10q11.21-26.3(chr10:42347406-135534747)x1', 'ZNF32');
INSERT IGNORE INTO Genes (Nombre) VALUES ('ZNF33B');
INSERT INTO Enfermedad_has_Genes (Enfermedad_idEnfermedad, Genes_Nombre) VALUES ('GRCh37/hg19 10q11.21-26.3(chr10:42347406-135534747)x1', 'ZNF33B');
INSERT IGNORE INTO Genes (Nombre) VALUES ('ZNF365');
INSERT INTO Enfermedad_has_Genes (Enfermedad_idEnfermedad, Genes_Nombre) VALUES ('GRCh37/hg19 10q11.21-26.3(chr10:42347406-135534747)x1', 'ZNF365');
INSERT IGNORE INTO Genes (Nombre) VALUES ('ZNF485');
INSERT INTO Enfermedad_has_Genes (Enfermedad_idEnfermedad, Genes_Nombre) VALUES ('GRCh37/hg19 10q11.21-26.3(chr10:42347406-135534747)x1', 'ZNF485');
INSERT IGNORE INTO Genes (Nombre) VALUES ('ZNF488');
INSERT INTO Enfermedad_has_Genes (Enfermedad_idEnfermedad, Genes_Nombre) VALUES ('GRCh37/hg19 10q11.21-26.3(chr10:42347406-135534747)x1', 'ZNF488');
INSERT IGNORE INTO Genes (Nombre) VALUES ('ZNF503');
INSERT INTO Enfermedad_has_Genes (Enfermedad_idEnfermedad, Genes_Nombre) VALUES ('GRCh37/hg19 10q11.21-26.3(chr10:42347406-135534747)x1', 'ZNF503');
INSERT IGNORE INTO Genes (Nombre) VALUES ('ZNF511');
INSERT INTO Enfermedad_has_Genes (Enfermedad_idEnfermedad, Genes_Nombre) VALUES ('GRCh37/hg19 10q11.21-26.3(chr10:42347406-135534747)x1', 'ZNF511');
INSERT IGNORE INTO Genes (Nombre) VALUES ('ZNF518A');
INSERT INTO Enfermedad_has_Genes (Enfermedad_idEnfermedad, Genes_Nombre) VALUES ('GRCh37/hg19 10q11.21-26.3(chr10:42347406-135534747)x1', 'ZNF518A');
INSERT IGNORE INTO Genes (Nombre) VALUES ('ZRANB1');
INSERT INTO Enfermedad_has_Genes (Enfermedad_idEnfermedad, Genes_Nombre) VALUES ('GRCh37/hg19 10q11.21-26.3(chr10:42347406-135534747)x1', 'ZRANB1');
INSERT IGNORE INTO Genes (Nombre) VALUES ('ZSWIM8');
INSERT INTO Enfermedad_has_Genes (Enfermedad_idEnfermedad, Genes_Nombre) VALUES ('GRCh37/hg19 10q11.21-26.3(chr10:42347406-135534747)x1', 'ZSWIM8');
INSERT IGNORE INTO Genes (Nombre) VALUES ('ZWINT');
INSERT INTO Enfermedad_has_Genes (Enfermedad_idEnfermedad, Genes_Nombre) VALUES ('GRCh37/hg19 10q11.21-26.3(chr10:42347406-135534747)x1', 'ZWINT');
INSERT IGNORE INTO Sintomas (Descripcion) VALUES ('Poly (ADP-Ribose) polymerase inhibitor response');
INSERT INTO Sintomas_has_Enfermedad (Sintomas_Descripcion, Enfermedad_idEnfermedad) VALUES ('Poly (ADP-Ribose) polymerase inhibitor response', 'GRCh37/hg19 10q11.21-26.3(chr10:42347406-135534747)x1');
INSERT INTO Enfermedad (idEnfermedad, CambioProteina, SignificanciaClinica) VALUES ('GRCh38/hg38 19p13.3-13.2(chr19:1972245-9648879)x3', '', 'Pathogenic  (Last reviewed: Aug 12, 2011)');
INSERT INTO Proteina_has_Enfermedad (Proteina_idProteina, Enfermedad_idEnfermedad) VALUES ('P06213', 'GRCh38/hg38 19p13.3-13.2(chr19:1972245-9648879)x3');
INSERT IGNORE INTO Genes (Nombre) VALUES ('ACER1');
INSERT INTO Enfermedad_has_Genes (Enfermedad_idEnfermedad, Genes_Nombre) VALUES ('GRCh38/hg38 19p13.3-13.2(chr19:1972245-9648879)x3', 'ACER1');
INSERT IGNORE INTO Genes (Nombre) VALUES ('ACSBG2');
INSERT INTO Enfermedad_has_Genes (Enfermedad_idEnfermedad, Genes_Nombre) VALUES ('GRCh38/hg38 19p13.3-13.2(chr19:1972245-9648879)x3', 'ACSBG2');
INSERT IGNORE INTO Genes (Nombre) VALUES ('ACTL9');
INSERT INTO Enfermedad_has_Genes (Enfermedad_idEnfermedad, Genes_Nombre) VALUES ('GRCh38/hg38 19p13.3-13.2(chr19:1972245-9648879)x3', 'ACTL9');
INSERT IGNORE INTO Genes (Nombre) VALUES ('ADAMTS10');
INSERT INTO Enfermedad_has_Genes (Enfermedad_idEnfermedad, Genes_Nombre) VALUES ('GRCh38/hg38 19p13.3-13.2(chr19:1972245-9648879)x3', 'ADAMTS10');
INSERT IGNORE INTO Genes (Nombre) VALUES ('ADGRE1');
INSERT INTO Enfermedad_has_Genes (Enfermedad_idEnfermedad, Genes_Nombre) VALUES ('GRCh38/hg38 19p13.3-13.2(chr19:1972245-9648879)x3', 'ADGRE1');
INSERT IGNORE INTO Genes (Nombre) VALUES ('ALKBH7');
INSERT INTO Enfermedad_has_Genes (Enfermedad_idEnfermedad, Genes_Nombre) VALUES ('GRCh38/hg38 19p13.3-13.2(chr19:1972245-9648879)x3', 'ALKBH7');
INSERT IGNORE INTO Genes (Nombre) VALUES ('AMH');
INSERT INTO Enfermedad_has_Genes (Enfermedad_idEnfermedad, Genes_Nombre) VALUES ('GRCh38/hg38 19p13.3-13.2(chr19:1972245-9648879)x3', 'AMH');
INSERT IGNORE INTO Genes (Nombre) VALUES ('ANGPTL4');
INSERT INTO Enfermedad_has_Genes (Enfermedad_idEnfermedad, Genes_Nombre) VALUES ('GRCh38/hg38 19p13.3-13.2(chr19:1972245-9648879)x3', 'ANGPTL4');
INSERT IGNORE INTO Genes (Nombre) VALUES ('ANKRD24');
INSERT INTO Enfermedad_has_Genes (Enfermedad_idEnfermedad, Genes_Nombre) VALUES ('GRCh38/hg38 19p13.3-13.2(chr19:1972245-9648879)x3', 'ANKRD24');
INSERT IGNORE INTO Genes (Nombre) VALUES ('AP3D1');
INSERT INTO Enfermedad_has_Genes (Enfermedad_idEnfermedad, Genes_Nombre) VALUES ('GRCh38/hg38 19p13.3-13.2(chr19:1972245-9648879)x3', 'AP3D1');
INSERT IGNORE INTO Genes (Nombre) VALUES ('APBA3');
INSERT INTO Enfermedad_has_Genes (Enfermedad_idEnfermedad, Genes_Nombre) VALUES ('GRCh38/hg38 19p13.3-13.2(chr19:1972245-9648879)x3', 'APBA3');
INSERT IGNORE INTO Genes (Nombre) VALUES ('ARHGEF18');
INSERT INTO Enfermedad_has_Genes (Enfermedad_idEnfermedad, Genes_Nombre) VALUES ('GRCh38/hg38 19p13.3-13.2(chr19:1972245-9648879)x3', 'ARHGEF18');
INSERT IGNORE INTO Genes (Nombre) VALUES ('ARRDC5');
INSERT INTO Enfermedad_has_Genes (Enfermedad_idEnfermedad, Genes_Nombre) VALUES ('GRCh38/hg38 19p13.3-13.2(chr19:1972245-9648879)x3', 'ARRDC5');
INSERT IGNORE INTO Genes (Nombre) VALUES ('ATCAY');
INSERT INTO Enfermedad_has_Genes (Enfermedad_idEnfermedad, Genes_Nombre) VALUES ('GRCh38/hg38 19p13.3-13.2(chr19:1972245-9648879)x3', 'ATCAY');
INSERT IGNORE INTO Genes (Nombre) VALUES ('BTBD2');
INSERT INTO Enfermedad_has_Genes (Enfermedad_idEnfermedad, Genes_Nombre) VALUES ('GRCh38/hg38 19p13.3-13.2(chr19:1972245-9648879)x3', 'BTBD2');
INSERT IGNORE INTO Genes (Nombre) VALUES ('C3');
INSERT INTO Enfermedad_has_Genes (Enfermedad_idEnfermedad, Genes_Nombre) VALUES ('GRCh38/hg38 19p13.3-13.2(chr19:1972245-9648879)x3', 'C3');
INSERT IGNORE INTO Genes (Nombre) VALUES ('CACTIN');
INSERT INTO Enfermedad_has_Genes (Enfermedad_idEnfermedad, Genes_Nombre) VALUES ('GRCh38/hg38 19p13.3-13.2(chr19:1972245-9648879)x3', 'CACTIN');
INSERT IGNORE INTO Genes (Nombre) VALUES ('CACTIN-AS1');
INSERT INTO Enfermedad_has_Genes (Enfermedad_idEnfermedad, Genes_Nombre) VALUES ('GRCh38/hg38 19p13.3-13.2(chr19:1972245-9648879)x3', 'CACTIN-AS1');
INSERT IGNORE INTO Genes (Nombre) VALUES ('CAMSAP3');
INSERT INTO Enfermedad_has_Genes (Enfermedad_idEnfermedad, Genes_Nombre) VALUES ('GRCh38/hg38 19p13.3-13.2(chr19:1972245-9648879)x3', 'CAMSAP3');
INSERT IGNORE INTO Genes (Nombre) VALUES ('CAPS');
INSERT INTO Enfermedad_has_Genes (Enfermedad_idEnfermedad, Genes_Nombre) VALUES ('GRCh38/hg38 19p13.3-13.2(chr19:1972245-9648879)x3', 'CAPS');
INSERT IGNORE INTO Genes (Nombre) VALUES ('CATSPERD');
INSERT INTO Enfermedad_has_Genes (Enfermedad_idEnfermedad, Genes_Nombre) VALUES ('GRCh38/hg38 19p13.3-13.2(chr19:1972245-9648879)x3', 'CATSPERD');
INSERT IGNORE INTO Genes (Nombre) VALUES ('CCL25');
INSERT INTO Enfermedad_has_Genes (Enfermedad_idEnfermedad, Genes_Nombre) VALUES ('GRCh38/hg38 19p13.3-13.2(chr19:1972245-9648879)x3', 'CCL25');
INSERT IGNORE INTO Genes (Nombre) VALUES ('CD209');
INSERT INTO Enfermedad_has_Genes (Enfermedad_idEnfermedad, Genes_Nombre) VALUES ('GRCh38/hg38 19p13.3-13.2(chr19:1972245-9648879)x3', 'CD209');
INSERT IGNORE INTO Genes (Nombre) VALUES ('CD320');
INSERT INTO Enfermedad_has_Genes (Enfermedad_idEnfermedad, Genes_Nombre) VALUES ('GRCh38/hg38 19p13.3-13.2(chr19:1972245-9648879)x3', 'CD320');
INSERT IGNORE INTO Genes (Nombre) VALUES ('CD70');
INSERT INTO Enfermedad_has_Genes (Enfermedad_idEnfermedad, Genes_Nombre) VALUES ('GRCh38/hg38 19p13.3-13.2(chr19:1972245-9648879)x3', 'CD70');
INSERT IGNORE INTO Genes (Nombre) VALUES ('CELF5');
INSERT INTO Enfermedad_has_Genes (Enfermedad_idEnfermedad, Genes_Nombre) VALUES ('GRCh38/hg38 19p13.3-13.2(chr19:1972245-9648879)x3', 'CELF5');
INSERT IGNORE INTO Genes (Nombre) VALUES ('CERS4');
INSERT INTO Enfermedad_has_Genes (Enfermedad_idEnfermedad, Genes_Nombre) VALUES ('GRCh38/hg38 19p13.3-13.2(chr19:1972245-9648879)x3', 'CERS4');
INSERT IGNORE INTO Genes (Nombre) VALUES ('CHAF1A');
INSERT INTO Enfermedad_has_Genes (Enfermedad_idEnfermedad, Genes_Nombre) VALUES ('GRCh38/hg38 19p13.3-13.2(chr19:1972245-9648879)x3', 'CHAF1A');
INSERT IGNORE INTO Genes (Nombre) VALUES ('CLEC4G');
INSERT INTO Enfermedad_has_Genes (Enfermedad_idEnfermedad, Genes_Nombre) VALUES ('GRCh38/hg38 19p13.3-13.2(chr19:1972245-9648879)x3', 'CLEC4G');
INSERT IGNORE INTO Genes (Nombre) VALUES ('CLEC4M');
INSERT INTO Enfermedad_has_Genes (Enfermedad_idEnfermedad, Genes_Nombre) VALUES ('GRCh38/hg38 19p13.3-13.2(chr19:1972245-9648879)x3', 'CLEC4M');
INSERT IGNORE INTO Genes (Nombre) VALUES ('CLPP');
INSERT INTO Enfermedad_has_Genes (Enfermedad_idEnfermedad, Genes_Nombre) VALUES ('GRCh38/hg38 19p13.3-13.2(chr19:1972245-9648879)x3', 'CLPP');
INSERT IGNORE INTO Genes (Nombre) VALUES ('CRB3');
INSERT INTO Enfermedad_has_Genes (Enfermedad_idEnfermedad, Genes_Nombre) VALUES ('GRCh38/hg38 19p13.3-13.2(chr19:1972245-9648879)x3', 'CRB3');
INSERT IGNORE INTO Genes (Nombre) VALUES ('CREB3L3');
INSERT INTO Enfermedad_has_Genes (Enfermedad_idEnfermedad, Genes_Nombre) VALUES ('GRCh38/hg38 19p13.3-13.2(chr19:1972245-9648879)x3', 'CREB3L3');
INSERT IGNORE INTO Genes (Nombre) VALUES ('CSNK1G2');
INSERT INTO Enfermedad_has_Genes (Enfermedad_idEnfermedad, Genes_Nombre) VALUES ('GRCh38/hg38 19p13.3-13.2(chr19:1972245-9648879)x3', 'CSNK1G2');
INSERT IGNORE INTO Genes (Nombre) VALUES ('CTXN1');
INSERT INTO Enfermedad_has_Genes (Enfermedad_idEnfermedad, Genes_Nombre) VALUES ('GRCh38/hg38 19p13.3-13.2(chr19:1972245-9648879)x3', 'CTXN1');
INSERT IGNORE INTO Genes (Nombre) VALUES ('DAPK3');
INSERT INTO Enfermedad_has_Genes (Enfermedad_idEnfermedad, Genes_Nombre) VALUES ('GRCh38/hg38 19p13.3-13.2(chr19:1972245-9648879)x3', 'DAPK3');
INSERT IGNORE INTO Genes (Nombre) VALUES ('DENND1C');
INSERT INTO Enfermedad_has_Genes (Enfermedad_idEnfermedad, Genes_Nombre) VALUES ('GRCh38/hg38 19p13.3-13.2(chr19:1972245-9648879)x3', 'DENND1C');
INSERT IGNORE INTO Genes (Nombre) VALUES ('DIRAS1');
INSERT INTO Enfermedad_has_Genes (Enfermedad_idEnfermedad, Genes_Nombre) VALUES ('GRCh38/hg38 19p13.3-13.2(chr19:1972245-9648879)x3', 'DIRAS1');
INSERT IGNORE INTO Genes (Nombre) VALUES ('DOHH');
INSERT INTO Enfermedad_has_Genes (Enfermedad_idEnfermedad, Genes_Nombre) VALUES ('GRCh38/hg38 19p13.3-13.2(chr19:1972245-9648879)x3', 'DOHH');
INSERT IGNORE INTO Genes (Nombre) VALUES ('DOT1L');
INSERT INTO Enfermedad_has_Genes (Enfermedad_idEnfermedad, Genes_Nombre) VALUES ('GRCh38/hg38 19p13.3-13.2(chr19:1972245-9648879)x3', 'DOT1L');
INSERT IGNORE INTO Genes (Nombre) VALUES ('DPP9');
INSERT INTO Enfermedad_has_Genes (Enfermedad_idEnfermedad, Genes_Nombre) VALUES ('GRCh38/hg38 19p13.3-13.2(chr19:1972245-9648879)x3', 'DPP9');
INSERT IGNORE INTO Genes (Nombre) VALUES ('DPP9-AS1');
INSERT INTO Enfermedad_has_Genes (Enfermedad_idEnfermedad, Genes_Nombre) VALUES ('GRCh38/hg38 19p13.3-13.2(chr19:1972245-9648879)x3', 'DPP9-AS1');
INSERT IGNORE INTO Genes (Nombre) VALUES ('DUS3L');
INSERT INTO Enfermedad_has_Genes (Enfermedad_idEnfermedad, Genes_Nombre) VALUES ('GRCh38/hg38 19p13.3-13.2(chr19:1972245-9648879)x3', 'DUS3L');
INSERT IGNORE INTO Genes (Nombre) VALUES ('EBI3');
INSERT INTO Enfermedad_has_Genes (Enfermedad_idEnfermedad, Genes_Nombre) VALUES ('GRCh38/hg38 19p13.3-13.2(chr19:1972245-9648879)x3', 'EBI3');
INSERT IGNORE INTO Genes (Nombre) VALUES ('EEF2');
INSERT INTO Enfermedad_has_Genes (Enfermedad_idEnfermedad, Genes_Nombre) VALUES ('GRCh38/hg38 19p13.3-13.2(chr19:1972245-9648879)x3', 'EEF2');
INSERT IGNORE INTO Genes (Nombre) VALUES ('ELAVL1');
INSERT INTO Enfermedad_has_Genes (Enfermedad_idEnfermedad, Genes_Nombre) VALUES ('GRCh38/hg38 19p13.3-13.2(chr19:1972245-9648879)x3', 'ELAVL1');
INSERT IGNORE INTO Genes (Nombre) VALUES ('EVI5L');
INSERT INTO Enfermedad_has_Genes (Enfermedad_idEnfermedad, Genes_Nombre) VALUES ('GRCh38/hg38 19p13.3-13.2(chr19:1972245-9648879)x3', 'EVI5L');
INSERT IGNORE INTO Genes (Nombre) VALUES ('FBN3');
INSERT INTO Enfermedad_has_Genes (Enfermedad_idEnfermedad, Genes_Nombre) VALUES ('GRCh38/hg38 19p13.3-13.2(chr19:1972245-9648879)x3', 'FBN3');
INSERT IGNORE INTO Genes (Nombre) VALUES ('FCER2');
INSERT INTO Enfermedad_has_Genes (Enfermedad_idEnfermedad, Genes_Nombre) VALUES ('GRCh38/hg38 19p13.3-13.2(chr19:1972245-9648879)x3', 'FCER2');
INSERT IGNORE INTO Genes (Nombre) VALUES ('FEM1A');
INSERT INTO Enfermedad_has_Genes (Enfermedad_idEnfermedad, Genes_Nombre) VALUES ('GRCh38/hg38 19p13.3-13.2(chr19:1972245-9648879)x3', 'FEM1A');
INSERT IGNORE INTO Genes (Nombre) VALUES ('FSD1');
INSERT INTO Enfermedad_has_Genes (Enfermedad_idEnfermedad, Genes_Nombre) VALUES ('GRCh38/hg38 19p13.3-13.2(chr19:1972245-9648879)x3', 'FSD1');
INSERT IGNORE INTO Genes (Nombre) VALUES ('FUT3');
INSERT INTO Enfermedad_has_Genes (Enfermedad_idEnfermedad, Genes_Nombre) VALUES ('GRCh38/hg38 19p13.3-13.2(chr19:1972245-9648879)x3', 'FUT3');
INSERT IGNORE INTO Genes (Nombre) VALUES ('FUT5');
INSERT INTO Enfermedad_has_Genes (Enfermedad_idEnfermedad, Genes_Nombre) VALUES ('GRCh38/hg38 19p13.3-13.2(chr19:1972245-9648879)x3', 'FUT5');
INSERT IGNORE INTO Genes (Nombre) VALUES ('FUT6');
INSERT INTO Enfermedad_has_Genes (Enfermedad_idEnfermedad, Genes_Nombre) VALUES ('GRCh38/hg38 19p13.3-13.2(chr19:1972245-9648879)x3', 'FUT6');
INSERT IGNORE INTO Genes (Nombre) VALUES ('FZR1');
INSERT INTO Enfermedad_has_Genes (Enfermedad_idEnfermedad, Genes_Nombre) VALUES ('GRCh38/hg38 19p13.3-13.2(chr19:1972245-9648879)x3', 'FZR1');
INSERT IGNORE INTO Genes (Nombre) VALUES ('GADD45B');
INSERT INTO Enfermedad_has_Genes (Enfermedad_idEnfermedad, Genes_Nombre) VALUES ('GRCh38/hg38 19p13.3-13.2(chr19:1972245-9648879)x3', 'GADD45B');
INSERT IGNORE INTO Genes (Nombre) VALUES ('GIPC3');
INSERT INTO Enfermedad_has_Genes (Enfermedad_idEnfermedad, Genes_Nombre) VALUES ('GRCh38/hg38 19p13.3-13.2(chr19:1972245-9648879)x3', 'GIPC3');
INSERT IGNORE INTO Genes (Nombre) VALUES ('GNA11');
INSERT INTO Enfermedad_has_Genes (Enfermedad_idEnfermedad, Genes_Nombre) VALUES ('GRCh38/hg38 19p13.3-13.2(chr19:1972245-9648879)x3', 'GNA11');
INSERT IGNORE INTO Genes (Nombre) VALUES ('GNA15');
INSERT INTO Enfermedad_has_Genes (Enfermedad_idEnfermedad, Genes_Nombre) VALUES ('GRCh38/hg38 19p13.3-13.2(chr19:1972245-9648879)x3', 'GNA15');
INSERT IGNORE INTO Genes (Nombre) VALUES ('GNA15-DT');
INSERT INTO Enfermedad_has_Genes (Enfermedad_idEnfermedad, Genes_Nombre) VALUES ('GRCh38/hg38 19p13.3-13.2(chr19:1972245-9648879)x3', 'GNA15-DT');
INSERT IGNORE INTO Genes (Nombre) VALUES ('GNG7');
INSERT INTO Enfermedad_has_Genes (Enfermedad_idEnfermedad, Genes_Nombre) VALUES ('GRCh38/hg38 19p13.3-13.2(chr19:1972245-9648879)x3', 'GNG7');
INSERT IGNORE INTO Genes (Nombre) VALUES ('GPR108');
INSERT INTO Enfermedad_has_Genes (Enfermedad_idEnfermedad, Genes_Nombre) VALUES ('GRCh38/hg38 19p13.3-13.2(chr19:1972245-9648879)x3', 'GPR108');
INSERT IGNORE INTO Genes (Nombre) VALUES ('GTF2F1');
INSERT INTO Enfermedad_has_Genes (Enfermedad_idEnfermedad, Genes_Nombre) VALUES ('GRCh38/hg38 19p13.3-13.2(chr19:1972245-9648879)x3', 'GTF2F1');
INSERT IGNORE INTO Genes (Nombre) VALUES ('HDGFL2');
INSERT INTO Enfermedad_has_Genes (Enfermedad_idEnfermedad, Genes_Nombre) VALUES ('GRCh38/hg38 19p13.3-13.2(chr19:1972245-9648879)x3', 'HDGFL2');
INSERT IGNORE INTO Genes (Nombre) VALUES ('HMG20B');
INSERT INTO Enfermedad_has_Genes (Enfermedad_idEnfermedad, Genes_Nombre) VALUES ('GRCh38/hg38 19p13.3-13.2(chr19:1972245-9648879)x3', 'HMG20B');
INSERT IGNORE INTO Genes (Nombre) VALUES ('HNRNPM');
INSERT INTO Enfermedad_has_Genes (Enfermedad_idEnfermedad, Genes_Nombre) VALUES ('GRCh38/hg38 19p13.3-13.2(chr19:1972245-9648879)x3', 'HNRNPM');
INSERT IGNORE INTO Genes (Nombre) VALUES ('HSD11B1L');
INSERT INTO Enfermedad_has_Genes (Enfermedad_idEnfermedad, Genes_Nombre) VALUES ('GRCh38/hg38 19p13.3-13.2(chr19:1972245-9648879)x3', 'HSD11B1L');
INSERT IGNORE INTO Genes (Nombre) VALUES ('INSR');
INSERT INTO Enfermedad_has_Genes (Enfermedad_idEnfermedad, Genes_Nombre) VALUES ('GRCh38/hg38 19p13.3-13.2(chr19:1972245-9648879)x3', 'INSR');
INSERT IGNORE INTO Genes (Nombre) VALUES ('IZUMO4');
INSERT INTO Enfermedad_has_Genes (Enfermedad_idEnfermedad, Genes_Nombre) VALUES ('GRCh38/hg38 19p13.3-13.2(chr19:1972245-9648879)x3', 'IZUMO4');
INSERT IGNORE INTO Genes (Nombre) VALUES ('JSRP1');
INSERT INTO Enfermedad_has_Genes (Enfermedad_idEnfermedad, Genes_Nombre) VALUES ('GRCh38/hg38 19p13.3-13.2(chr19:1972245-9648879)x3', 'JSRP1');
INSERT IGNORE INTO Genes (Nombre) VALUES ('KANK3');
INSERT INTO Enfermedad_has_Genes (Enfermedad_idEnfermedad, Genes_Nombre) VALUES ('GRCh38/hg38 19p13.3-13.2(chr19:1972245-9648879)x3', 'KANK3');
INSERT IGNORE INTO Genes (Nombre) VALUES ('KDM4B');
INSERT INTO Enfermedad_has_Genes (Enfermedad_idEnfermedad, Genes_Nombre) VALUES ('GRCh38/hg38 19p13.3-13.2(chr19:1972245-9648879)x3', 'KDM4B');
INSERT IGNORE INTO Genes (Nombre) VALUES ('KHSRP');
INSERT INTO Enfermedad_has_Genes (Enfermedad_idEnfermedad, Genes_Nombre) VALUES ('GRCh38/hg38 19p13.3-13.2(chr19:1972245-9648879)x3', 'KHSRP');
INSERT IGNORE INTO Genes (Nombre) VALUES ('LINC01775');
INSERT INTO Enfermedad_has_Genes (Enfermedad_idEnfermedad, Genes_Nombre) VALUES ('GRCh38/hg38 19p13.3-13.2(chr19:1972245-9648879)x3', 'LINC01775');
INSERT IGNORE INTO Genes (Nombre) VALUES ('LINGO3');
INSERT INTO Enfermedad_has_Genes (Enfermedad_idEnfermedad, Genes_Nombre) VALUES ('GRCh38/hg38 19p13.3-13.2(chr19:1972245-9648879)x3', 'LINGO3');
INSERT IGNORE INTO Genes (Nombre) VALUES ('LMNB2');
INSERT INTO Enfermedad_has_Genes (Enfermedad_idEnfermedad, Genes_Nombre) VALUES ('GRCh38/hg38 19p13.3-13.2(chr19:1972245-9648879)x3', 'LMNB2');
INSERT IGNORE INTO Genes (Nombre) VALUES ('LOC100128573');
INSERT INTO Enfermedad_has_Genes (Enfermedad_idEnfermedad, Genes_Nombre) VALUES ('GRCh38/hg38 19p13.3-13.2(chr19:1972245-9648879)x3', 'LOC100128573');
INSERT IGNORE INTO Genes (Nombre) VALUES ('LOC101928844');
INSERT INTO Enfermedad_has_Genes (Enfermedad_idEnfermedad, Genes_Nombre) VALUES ('GRCh38/hg38 19p13.3-13.2(chr19:1972245-9648879)x3', 'LOC101928844');
INSERT IGNORE INTO Genes (Nombre) VALUES ('LOC106804547');
INSERT INTO Enfermedad_has_Genes (Enfermedad_idEnfermedad, Genes_Nombre) VALUES ('GRCh38/hg38 19p13.3-13.2(chr19:1972245-9648879)x3', 'LOC106804547');
INSERT IGNORE INTO Genes (Nombre) VALUES ('LOC108348031');
INSERT INTO Enfermedad_has_Genes (Enfermedad_idEnfermedad, Genes_Nombre) VALUES ('GRCh38/hg38 19p13.3-13.2(chr19:1972245-9648879)x3', 'LOC108348031');
INSERT IGNORE INTO Genes (Nombre) VALUES ('LOC108783649');
INSERT INTO Enfermedad_has_Genes (Enfermedad_idEnfermedad, Genes_Nombre) VALUES ('GRCh38/hg38 19p13.3-13.2(chr19:1972245-9648879)x3', 'LOC108783649');
INSERT IGNORE INTO Genes (Nombre) VALUES ('LOC111413022');
INSERT INTO Enfermedad_has_Genes (Enfermedad_idEnfermedad, Genes_Nombre) VALUES ('GRCh38/hg38 19p13.3-13.2(chr19:1972245-9648879)x3', 'LOC111413022');
INSERT IGNORE INTO Genes (Nombre) VALUES ('LOC111556134');
INSERT INTO Enfermedad_has_Genes (Enfermedad_idEnfermedad, Genes_Nombre) VALUES ('GRCh38/hg38 19p13.3-13.2(chr19:1972245-9648879)x3', 'LOC111556134');
INSERT IGNORE INTO Genes (Nombre) VALUES ('LOC111721712');
INSERT INTO Enfermedad_has_Genes (Enfermedad_idEnfermedad, Genes_Nombre) VALUES ('GRCh38/hg38 19p13.3-13.2(chr19:1972245-9648879)x3', 'LOC111721712');
INSERT IGNORE INTO Genes (Nombre) VALUES ('LOC111828491');
INSERT INTO Enfermedad_has_Genes (Enfermedad_idEnfermedad, Genes_Nombre) VALUES ('GRCh38/hg38 19p13.3-13.2(chr19:1972245-9648879)x3', 'LOC111828491');
INSERT IGNORE INTO Genes (Nombre) VALUES ('LOC111828492');
INSERT INTO Enfermedad_has_Genes (Enfermedad_idEnfermedad, Genes_Nombre) VALUES ('GRCh38/hg38 19p13.3-13.2(chr19:1972245-9648879)x3', 'LOC111828492');
INSERT IGNORE INTO Genes (Nombre) VALUES ('LOC111828495');
INSERT INTO Enfermedad_has_Genes (Enfermedad_idEnfermedad, Genes_Nombre) VALUES ('GRCh38/hg38 19p13.3-13.2(chr19:1972245-9648879)x3', 'LOC111828495');
INSERT IGNORE INTO Genes (Nombre) VALUES ('LOC112543475');
INSERT INTO Enfermedad_has_Genes (Enfermedad_idEnfermedad, Genes_Nombre) VALUES ('GRCh38/hg38 19p13.3-13.2(chr19:1972245-9648879)x3', 'LOC112543475');
INSERT IGNORE INTO Genes (Nombre) VALUES ('LOC112543476');
INSERT INTO Enfermedad_has_Genes (Enfermedad_idEnfermedad, Genes_Nombre) VALUES ('GRCh38/hg38 19p13.3-13.2(chr19:1972245-9648879)x3', 'LOC112543476');
INSERT IGNORE INTO Genes (Nombre) VALUES ('LOC112543477');
INSERT INTO Enfermedad_has_Genes (Enfermedad_idEnfermedad, Genes_Nombre) VALUES ('GRCh38/hg38 19p13.3-13.2(chr19:1972245-9648879)x3', 'LOC112543477');
INSERT IGNORE INTO Genes (Nombre) VALUES ('LOC112543480');
INSERT INTO Enfermedad_has_Genes (Enfermedad_idEnfermedad, Genes_Nombre) VALUES ('GRCh38/hg38 19p13.3-13.2(chr19:1972245-9648879)x3', 'LOC112543480');
INSERT IGNORE INTO Genes (Nombre) VALUES ('LOC112543481');
INSERT INTO Enfermedad_has_Genes (Enfermedad_idEnfermedad, Genes_Nombre) VALUES ('GRCh38/hg38 19p13.3-13.2(chr19:1972245-9648879)x3', 'LOC112543481');
INSERT IGNORE INTO Genes (Nombre) VALUES ('LOC112543482');
INSERT INTO Enfermedad_has_Genes (Enfermedad_idEnfermedad, Genes_Nombre) VALUES ('GRCh38/hg38 19p13.3-13.2(chr19:1972245-9648879)x3', 'LOC112543482');
INSERT IGNORE INTO Genes (Nombre) VALUES ('LOC112543490');
INSERT INTO Enfermedad_has_Genes (Enfermedad_idEnfermedad, Genes_Nombre) VALUES ('GRCh38/hg38 19p13.3-13.2(chr19:1972245-9648879)x3', 'LOC112543490');
INSERT IGNORE INTO Genes (Nombre) VALUES ('LOC112552148');
INSERT INTO Enfermedad_has_Genes (Enfermedad_idEnfermedad, Genes_Nombre) VALUES ('GRCh38/hg38 19p13.3-13.2(chr19:1972245-9648879)x3', 'LOC112552148');
INSERT IGNORE INTO Genes (Nombre) VALUES ('LOC112552174');
INSERT INTO Enfermedad_has_Genes (Enfermedad_idEnfermedad, Genes_Nombre) VALUES ('GRCh38/hg38 19p13.3-13.2(chr19:1972245-9648879)x3', 'LOC112552174');
INSERT IGNORE INTO Genes (Nombre) VALUES ('LOC112552175');
INSERT INTO Enfermedad_has_Genes (Enfermedad_idEnfermedad, Genes_Nombre) VALUES ('GRCh38/hg38 19p13.3-13.2(chr19:1972245-9648879)x3', 'LOC112552175');
INSERT IGNORE INTO Genes (Nombre) VALUES ('LOC112552176');
INSERT INTO Enfermedad_has_Genes (Enfermedad_idEnfermedad, Genes_Nombre) VALUES ('GRCh38/hg38 19p13.3-13.2(chr19:1972245-9648879)x3', 'LOC112552176');
INSERT IGNORE INTO Genes (Nombre) VALUES ('LOC112577455');
INSERT INTO Enfermedad_has_Genes (Enfermedad_idEnfermedad, Genes_Nombre) VALUES ('GRCh38/hg38 19p13.3-13.2(chr19:1972245-9648879)x3', 'LOC112577455');
INSERT IGNORE INTO Genes (Nombre) VALUES ('LOC112577456');
INSERT INTO Enfermedad_has_Genes (Enfermedad_idEnfermedad, Genes_Nombre) VALUES ('GRCh38/hg38 19p13.3-13.2(chr19:1972245-9648879)x3', 'LOC112577456');
INSERT IGNORE INTO Genes (Nombre) VALUES ('LOC112577457');
INSERT INTO Enfermedad_has_Genes (Enfermedad_idEnfermedad, Genes_Nombre) VALUES ('GRCh38/hg38 19p13.3-13.2(chr19:1972245-9648879)x3', 'LOC112577457');
INSERT IGNORE INTO Genes (Nombre) VALUES ('LOC112577458');
INSERT INTO Enfermedad_has_Genes (Enfermedad_idEnfermedad, Genes_Nombre) VALUES ('GRCh38/hg38 19p13.3-13.2(chr19:1972245-9648879)x3', 'LOC112577458');
INSERT IGNORE INTO Genes (Nombre) VALUES ('LOC113939970');
INSERT INTO Enfermedad_has_Genes (Enfermedad_idEnfermedad, Genes_Nombre) VALUES ('GRCh38/hg38 19p13.3-13.2(chr19:1972245-9648879)x3', 'LOC113939970');
INSERT IGNORE INTO Genes (Nombre) VALUES ('LOC113939971');
INSERT INTO Enfermedad_has_Genes (Enfermedad_idEnfermedad, Genes_Nombre) VALUES ('GRCh38/hg38 19p13.3-13.2(chr19:1972245-9648879)x3', 'LOC113939971');
INSERT IGNORE INTO Genes (Nombre) VALUES ('LOC113939974');
INSERT INTO Enfermedad_has_Genes (Enfermedad_idEnfermedad, Genes_Nombre) VALUES ('GRCh38/hg38 19p13.3-13.2(chr19:1972245-9648879)x3', 'LOC113939974');
INSERT IGNORE INTO Genes (Nombre) VALUES ('LOC113939976');
INSERT INTO Enfermedad_has_Genes (Enfermedad_idEnfermedad, Genes_Nombre) VALUES ('GRCh38/hg38 19p13.3-13.2(chr19:1972245-9648879)x3', 'LOC113939976');
INSERT IGNORE INTO Genes (Nombre) VALUES ('LOC116276497');
INSERT INTO Enfermedad_has_Genes (Enfermedad_idEnfermedad, Genes_Nombre) VALUES ('GRCh38/hg38 19p13.3-13.2(chr19:1972245-9648879)x3', 'LOC116276497');
INSERT IGNORE INTO Genes (Nombre) VALUES ('LOC116276498');
INSERT INTO Enfermedad_has_Genes (Enfermedad_idEnfermedad, Genes_Nombre) VALUES ('GRCh38/hg38 19p13.3-13.2(chr19:1972245-9648879)x3', 'LOC116276498');
INSERT IGNORE INTO Genes (Nombre) VALUES ('LOC116276499');
INSERT INTO Enfermedad_has_Genes (Enfermedad_idEnfermedad, Genes_Nombre) VALUES ('GRCh38/hg38 19p13.3-13.2(chr19:1972245-9648879)x3', 'LOC116276499');
INSERT IGNORE INTO Genes (Nombre) VALUES ('LOC116276500');
INSERT INTO Enfermedad_has_Genes (Enfermedad_idEnfermedad, Genes_Nombre) VALUES ('GRCh38/hg38 19p13.3-13.2(chr19:1972245-9648879)x3', 'LOC116276500');
INSERT IGNORE INTO Genes (Nombre) VALUES ('LOC117282006');
INSERT INTO Enfermedad_has_Genes (Enfermedad_idEnfermedad, Genes_Nombre) VALUES ('GRCh38/hg38 19p13.3-13.2(chr19:1972245-9648879)x3', 'LOC117282006');
INSERT IGNORE INTO Genes (Nombre) VALUES ('LOC117307477');
INSERT INTO Enfermedad_has_Genes (Enfermedad_idEnfermedad, Genes_Nombre) VALUES ('GRCh38/hg38 19p13.3-13.2(chr19:1972245-9648879)x3', 'LOC117307477');
INSERT IGNORE INTO Genes (Nombre) VALUES ('LOC117307478');
INSERT INTO Enfermedad_has_Genes (Enfermedad_idEnfermedad, Genes_Nombre) VALUES ('GRCh38/hg38 19p13.3-13.2(chr19:1972245-9648879)x3', 'LOC117307478');
INSERT IGNORE INTO Genes (Nombre) VALUES ('LOC121627846');
INSERT INTO Enfermedad_has_Genes (Enfermedad_idEnfermedad, Genes_Nombre) VALUES ('GRCh38/hg38 19p13.3-13.2(chr19:1972245-9648879)x3', 'LOC121627846');
INSERT IGNORE INTO Genes (Nombre) VALUES ('LOC121627847');
INSERT INTO Enfermedad_has_Genes (Enfermedad_idEnfermedad, Genes_Nombre) VALUES ('GRCh38/hg38 19p13.3-13.2(chr19:1972245-9648879)x3', 'LOC121627847');
INSERT IGNORE INTO Genes (Nombre) VALUES ('LOC121627848');
INSERT INTO Enfermedad_has_Genes (Enfermedad_idEnfermedad, Genes_Nombre) VALUES ('GRCh38/hg38 19p13.3-13.2(chr19:1972245-9648879)x3', 'LOC121627848');
INSERT IGNORE INTO Genes (Nombre) VALUES ('LOC121627849');
INSERT INTO Enfermedad_has_Genes (Enfermedad_idEnfermedad, Genes_Nombre) VALUES ('GRCh38/hg38 19p13.3-13.2(chr19:1972245-9648879)x3', 'LOC121627849');
INSERT IGNORE INTO Genes (Nombre) VALUES ('LOC121627850');
INSERT INTO Enfermedad_has_Genes (Enfermedad_idEnfermedad, Genes_Nombre) VALUES ('GRCh38/hg38 19p13.3-13.2(chr19:1972245-9648879)x3', 'LOC121627850');
INSERT IGNORE INTO Genes (Nombre) VALUES ('LOC121627851');
INSERT INTO Enfermedad_has_Genes (Enfermedad_idEnfermedad, Genes_Nombre) VALUES ('GRCh38/hg38 19p13.3-13.2(chr19:1972245-9648879)x3', 'LOC121627851');
INSERT IGNORE INTO Genes (Nombre) VALUES ('LOC121627852');
INSERT INTO Enfermedad_has_Genes (Enfermedad_idEnfermedad, Genes_Nombre) VALUES ('GRCh38/hg38 19p13.3-13.2(chr19:1972245-9648879)x3', 'LOC121627852');
INSERT IGNORE INTO Genes (Nombre) VALUES ('LOC121627853');
INSERT INTO Enfermedad_has_Genes (Enfermedad_idEnfermedad, Genes_Nombre) VALUES ('GRCh38/hg38 19p13.3-13.2(chr19:1972245-9648879)x3', 'LOC121627853');
INSERT IGNORE INTO Genes (Nombre) VALUES ('LOC121627854');
INSERT INTO Enfermedad_has_Genes (Enfermedad_idEnfermedad, Genes_Nombre) VALUES ('GRCh38/hg38 19p13.3-13.2(chr19:1972245-9648879)x3', 'LOC121627854');
INSERT IGNORE INTO Genes (Nombre) VALUES ('LOC121627855');
INSERT INTO Enfermedad_has_Genes (Enfermedad_idEnfermedad, Genes_Nombre) VALUES ('GRCh38/hg38 19p13.3-13.2(chr19:1972245-9648879)x3', 'LOC121627855');
INSERT IGNORE INTO Genes (Nombre) VALUES ('LOC121852972');
INSERT INTO Enfermedad_has_Genes (Enfermedad_idEnfermedad, Genes_Nombre) VALUES ('GRCh38/hg38 19p13.3-13.2(chr19:1972245-9648879)x3', 'LOC121852972');
INSERT IGNORE INTO Genes (Nombre) VALUES ('LOC121852973');
INSERT INTO Enfermedad_has_Genes (Enfermedad_idEnfermedad, Genes_Nombre) VALUES ('GRCh38/hg38 19p13.3-13.2(chr19:1972245-9648879)x3', 'LOC121852973');
INSERT IGNORE INTO Genes (Nombre) VALUES ('LOC121852974');
INSERT INTO Enfermedad_has_Genes (Enfermedad_idEnfermedad, Genes_Nombre) VALUES ('GRCh38/hg38 19p13.3-13.2(chr19:1972245-9648879)x3', 'LOC121852974');
INSERT IGNORE INTO Genes (Nombre) VALUES ('LOC121852975');
INSERT INTO Enfermedad_has_Genes (Enfermedad_idEnfermedad, Genes_Nombre) VALUES ('GRCh38/hg38 19p13.3-13.2(chr19:1972245-9648879)x3', 'LOC121852975');
INSERT IGNORE INTO Genes (Nombre) VALUES ('LOC121852976');
INSERT INTO Enfermedad_has_Genes (Enfermedad_idEnfermedad, Genes_Nombre) VALUES ('GRCh38/hg38 19p13.3-13.2(chr19:1972245-9648879)x3', 'LOC121852976');
INSERT IGNORE INTO Genes (Nombre) VALUES ('LOC390877');
INSERT INTO Enfermedad_has_Genes (Enfermedad_idEnfermedad, Genes_Nombre) VALUES ('GRCh38/hg38 19p13.3-13.2(chr19:1972245-9648879)x3', 'LOC390877');
INSERT IGNORE INTO Genes (Nombre) VALUES ('LONP1');
INSERT INTO Enfermedad_has_Genes (Enfermedad_idEnfermedad, Genes_Nombre) VALUES ('GRCh38/hg38 19p13.3-13.2(chr19:1972245-9648879)x3', 'LONP1');
INSERT IGNORE INTO Genes (Nombre) VALUES ('LRG1');
INSERT INTO Enfermedad_has_Genes (Enfermedad_idEnfermedad, Genes_Nombre) VALUES ('GRCh38/hg38 19p13.3-13.2(chr19:1972245-9648879)x3', 'LRG1');
INSERT IGNORE INTO Genes (Nombre) VALUES ('LRRC8E');
INSERT INTO Enfermedad_has_Genes (Enfermedad_idEnfermedad, Genes_Nombre) VALUES ('GRCh38/hg38 19p13.3-13.2(chr19:1972245-9648879)x3', 'LRRC8E');
INSERT IGNORE INTO Genes (Nombre) VALUES ('LSM7');
INSERT INTO Enfermedad_has_Genes (Enfermedad_idEnfermedad, Genes_Nombre) VALUES ('GRCh38/hg38 19p13.3-13.2(chr19:1972245-9648879)x3', 'LSM7');
INSERT IGNORE INTO Genes (Nombre) VALUES ('MAP2K2');
INSERT INTO Enfermedad_has_Genes (Enfermedad_idEnfermedad, Genes_Nombre) VALUES ('GRCh38/hg38 19p13.3-13.2(chr19:1972245-9648879)x3', 'MAP2K2');
INSERT IGNORE INTO Genes (Nombre) VALUES ('MAP2K7');
INSERT INTO Enfermedad_has_Genes (Enfermedad_idEnfermedad, Genes_Nombre) VALUES ('GRCh38/hg38 19p13.3-13.2(chr19:1972245-9648879)x3', 'MAP2K7');
INSERT IGNORE INTO Genes (Nombre) VALUES ('MARCHF2');
INSERT INTO Enfermedad_has_Genes (Enfermedad_idEnfermedad, Genes_Nombre) VALUES ('GRCh38/hg38 19p13.3-13.2(chr19:1972245-9648879)x3', 'MARCHF2');
INSERT IGNORE INTO Genes (Nombre) VALUES ('MATK');
INSERT INTO Enfermedad_has_Genes (Enfermedad_idEnfermedad, Genes_Nombre) VALUES ('GRCh38/hg38 19p13.3-13.2(chr19:1972245-9648879)x3', 'MATK');
INSERT IGNORE INTO Genes (Nombre) VALUES ('MBD3L1');
INSERT INTO Enfermedad_has_Genes (Enfermedad_idEnfermedad, Genes_Nombre) VALUES ('GRCh38/hg38 19p13.3-13.2(chr19:1972245-9648879)x3', 'MBD3L1');
INSERT IGNORE INTO Genes (Nombre) VALUES ('MBD3L2');
INSERT INTO Enfermedad_has_Genes (Enfermedad_idEnfermedad, Genes_Nombre) VALUES ('GRCh38/hg38 19p13.3-13.2(chr19:1972245-9648879)x3', 'MBD3L2');
INSERT IGNORE INTO Genes (Nombre) VALUES ('MBD3L2B');
INSERT INTO Enfermedad_has_Genes (Enfermedad_idEnfermedad, Genes_Nombre) VALUES ('GRCh38/hg38 19p13.3-13.2(chr19:1972245-9648879)x3', 'MBD3L2B');
INSERT IGNORE INTO Genes (Nombre) VALUES ('MBD3L3');
INSERT INTO Enfermedad_has_Genes (Enfermedad_idEnfermedad, Genes_Nombre) VALUES ('GRCh38/hg38 19p13.3-13.2(chr19:1972245-9648879)x3', 'MBD3L3');
INSERT IGNORE INTO Genes (Nombre) VALUES ('MBD3L4');
INSERT INTO Enfermedad_has_Genes (Enfermedad_idEnfermedad, Genes_Nombre) VALUES ('GRCh38/hg38 19p13.3-13.2(chr19:1972245-9648879)x3', 'MBD3L4');
INSERT IGNORE INTO Genes (Nombre) VALUES ('MBD3L5');
INSERT INTO Enfermedad_has_Genes (Enfermedad_idEnfermedad, Genes_Nombre) VALUES ('GRCh38/hg38 19p13.3-13.2(chr19:1972245-9648879)x3', 'MBD3L5');
INSERT IGNORE INTO Genes (Nombre) VALUES ('MCEMP1');
INSERT INTO Enfermedad_has_Genes (Enfermedad_idEnfermedad, Genes_Nombre) VALUES ('GRCh38/hg38 19p13.3-13.2(chr19:1972245-9648879)x3', 'MCEMP1');
INSERT IGNORE INTO Genes (Nombre) VALUES ('MCOLN1');
INSERT INTO Enfermedad_has_Genes (Enfermedad_idEnfermedad, Genes_Nombre) VALUES ('GRCh38/hg38 19p13.3-13.2(chr19:1972245-9648879)x3', 'MCOLN1');
INSERT IGNORE INTO Genes (Nombre) VALUES ('MFSD12');
INSERT INTO Enfermedad_has_Genes (Enfermedad_idEnfermedad, Genes_Nombre) VALUES ('GRCh38/hg38 19p13.3-13.2(chr19:1972245-9648879)x3', 'MFSD12');
INSERT IGNORE INTO Genes (Nombre) VALUES ('MICOS13');
INSERT INTO Enfermedad_has_Genes (Enfermedad_idEnfermedad, Genes_Nombre) VALUES ('GRCh38/hg38 19p13.3-13.2(chr19:1972245-9648879)x3', 'MICOS13');
INSERT IGNORE INTO Genes (Nombre) VALUES ('MIR1227');
INSERT INTO Enfermedad_has_Genes (Enfermedad_idEnfermedad, Genes_Nombre) VALUES ('GRCh38/hg38 19p13.3-13.2(chr19:1972245-9648879)x3', 'MIR1227');
INSERT IGNORE INTO Genes (Nombre) VALUES ('MIR3940');
INSERT INTO Enfermedad_has_Genes (Enfermedad_idEnfermedad, Genes_Nombre) VALUES ('GRCh38/hg38 19p13.3-13.2(chr19:1972245-9648879)x3', 'MIR3940');
INSERT IGNORE INTO Genes (Nombre) VALUES ('MIR4321');
INSERT INTO Enfermedad_has_Genes (Enfermedad_idEnfermedad, Genes_Nombre) VALUES ('GRCh38/hg38 19p13.3-13.2(chr19:1972245-9648879)x3', 'MIR4321');
INSERT IGNORE INTO Genes (Nombre) VALUES ('MIR4746');
INSERT INTO Enfermedad_has_Genes (Enfermedad_idEnfermedad, Genes_Nombre) VALUES ('GRCh38/hg38 19p13.3-13.2(chr19:1972245-9648879)x3', 'MIR4746');
INSERT IGNORE INTO Genes (Nombre) VALUES ('MIR4747');
INSERT INTO Enfermedad_has_Genes (Enfermedad_idEnfermedad, Genes_Nombre) VALUES ('GRCh38/hg38 19p13.3-13.2(chr19:1972245-9648879)x3', 'MIR4747');
INSERT IGNORE INTO Genes (Nombre) VALUES ('MIR4999');
INSERT INTO Enfermedad_has_Genes (Enfermedad_idEnfermedad, Genes_Nombre) VALUES ('GRCh38/hg38 19p13.3-13.2(chr19:1972245-9648879)x3', 'MIR4999');
INSERT IGNORE INTO Genes (Nombre) VALUES ('MIR637');
INSERT INTO Enfermedad_has_Genes (Enfermedad_idEnfermedad, Genes_Nombre) VALUES ('GRCh38/hg38 19p13.3-13.2(chr19:1972245-9648879)x3', 'MIR637');
INSERT IGNORE INTO Genes (Nombre) VALUES ('MIR6789');
INSERT INTO Enfermedad_has_Genes (Enfermedad_idEnfermedad, Genes_Nombre) VALUES ('GRCh38/hg38 19p13.3-13.2(chr19:1972245-9648879)x3', 'MIR6789');
INSERT IGNORE INTO Genes (Nombre) VALUES ('MIR6790');
INSERT INTO Enfermedad_has_Genes (Enfermedad_idEnfermedad, Genes_Nombre) VALUES ('GRCh38/hg38 19p13.3-13.2(chr19:1972245-9648879)x3', 'MIR6790');
INSERT IGNORE INTO Genes (Nombre) VALUES ('MIR6791');
INSERT INTO Enfermedad_has_Genes (Enfermedad_idEnfermedad, Genes_Nombre) VALUES ('GRCh38/hg38 19p13.3-13.2(chr19:1972245-9648879)x3', 'MIR6791');
INSERT IGNORE INTO Genes (Nombre) VALUES ('MIR6792');
INSERT INTO Enfermedad_has_Genes (Enfermedad_idEnfermedad, Genes_Nombre) VALUES ('GRCh38/hg38 19p13.3-13.2(chr19:1972245-9648879)x3', 'MIR6792');
INSERT IGNORE INTO Genes (Nombre) VALUES ('MIR6885');
INSERT INTO Enfermedad_has_Genes (Enfermedad_idEnfermedad, Genes_Nombre) VALUES ('GRCh38/hg38 19p13.3-13.2(chr19:1972245-9648879)x3', 'MIR6885');
INSERT IGNORE INTO Genes (Nombre) VALUES ('MIR7-3');
INSERT INTO Enfermedad_has_Genes (Enfermedad_idEnfermedad, Genes_Nombre) VALUES ('GRCh38/hg38 19p13.3-13.2(chr19:1972245-9648879)x3', 'MIR7-3');
INSERT IGNORE INTO Genes (Nombre) VALUES ('MIR7-3HG');
INSERT INTO Enfermedad_has_Genes (Enfermedad_idEnfermedad, Genes_Nombre) VALUES ('GRCh38/hg38 19p13.3-13.2(chr19:1972245-9648879)x3', 'MIR7-3HG');
INSERT IGNORE INTO Genes (Nombre) VALUES ('MIR7108');
INSERT INTO Enfermedad_has_Genes (Enfermedad_idEnfermedad, Genes_Nombre) VALUES ('GRCh38/hg38 19p13.3-13.2(chr19:1972245-9648879)x3', 'MIR7108');
INSERT IGNORE INTO Genes (Nombre) VALUES ('MIR7850');
INSERT INTO Enfermedad_has_Genes (Enfermedad_idEnfermedad, Genes_Nombre) VALUES ('GRCh38/hg38 19p13.3-13.2(chr19:1972245-9648879)x3', 'MIR7850');
INSERT IGNORE INTO Genes (Nombre) VALUES ('MKNK2');
INSERT INTO Enfermedad_has_Genes (Enfermedad_idEnfermedad, Genes_Nombre) VALUES ('GRCh38/hg38 19p13.3-13.2(chr19:1972245-9648879)x3', 'MKNK2');
INSERT IGNORE INTO Genes (Nombre) VALUES ('MLLT1');
INSERT INTO Enfermedad_has_Genes (Enfermedad_idEnfermedad, Genes_Nombre) VALUES ('GRCh38/hg38 19p13.3-13.2(chr19:1972245-9648879)x3', 'MLLT1');
INSERT IGNORE INTO Genes (Nombre) VALUES ('MOB3A');
INSERT INTO Enfermedad_has_Genes (Enfermedad_idEnfermedad, Genes_Nombre) VALUES ('GRCh38/hg38 19p13.3-13.2(chr19:1972245-9648879)x3', 'MOB3A');
INSERT IGNORE INTO Genes (Nombre) VALUES ('MPND');
INSERT INTO Enfermedad_has_Genes (Enfermedad_idEnfermedad, Genes_Nombre) VALUES ('GRCh38/hg38 19p13.3-13.2(chr19:1972245-9648879)x3', 'MPND');
INSERT IGNORE INTO Genes (Nombre) VALUES ('MRPL54');
INSERT INTO Enfermedad_has_Genes (Enfermedad_idEnfermedad, Genes_Nombre) VALUES ('GRCh38/hg38 19p13.3-13.2(chr19:1972245-9648879)x3', 'MRPL54');
INSERT IGNORE INTO Genes (Nombre) VALUES ('MUC16');
INSERT INTO Enfermedad_has_Genes (Enfermedad_idEnfermedad, Genes_Nombre) VALUES ('GRCh38/hg38 19p13.3-13.2(chr19:1972245-9648879)x3', 'MUC16');
INSERT IGNORE INTO Genes (Nombre) VALUES ('MYDGF');
INSERT INTO Enfermedad_has_Genes (Enfermedad_idEnfermedad, Genes_Nombre) VALUES ('GRCh38/hg38 19p13.3-13.2(chr19:1972245-9648879)x3', 'MYDGF');
INSERT IGNORE INTO Genes (Nombre) VALUES ('MYO1F');
INSERT INTO Enfermedad_has_Genes (Enfermedad_idEnfermedad, Genes_Nombre) VALUES ('GRCh38/hg38 19p13.3-13.2(chr19:1972245-9648879)x3', 'MYO1F');
INSERT IGNORE INTO Genes (Nombre) VALUES ('NCLN');
INSERT INTO Enfermedad_has_Genes (Enfermedad_idEnfermedad, Genes_Nombre) VALUES ('GRCh38/hg38 19p13.3-13.2(chr19:1972245-9648879)x3', 'NCLN');
INSERT IGNORE INTO Genes (Nombre) VALUES ('NDUFA11');
INSERT INTO Enfermedad_has_Genes (Enfermedad_idEnfermedad, Genes_Nombre) VALUES ('GRCh38/hg38 19p13.3-13.2(chr19:1972245-9648879)x3', 'NDUFA11');
INSERT IGNORE INTO Genes (Nombre) VALUES ('NDUFA7');
INSERT INTO Enfermedad_has_Genes (Enfermedad_idEnfermedad, Genes_Nombre) VALUES ('GRCh38/hg38 19p13.3-13.2(chr19:1972245-9648879)x3', 'NDUFA7');
INSERT IGNORE INTO Genes (Nombre) VALUES ('NFIC');
INSERT INTO Enfermedad_has_Genes (Enfermedad_idEnfermedad, Genes_Nombre) VALUES ('GRCh38/hg38 19p13.3-13.2(chr19:1972245-9648879)x3', 'NFIC');
INSERT IGNORE INTO Genes (Nombre) VALUES ('NFILZ');
INSERT INTO Enfermedad_has_Genes (Enfermedad_idEnfermedad, Genes_Nombre) VALUES ('GRCh38/hg38 19p13.3-13.2(chr19:1972245-9648879)x3', 'NFILZ');
INSERT IGNORE INTO Genes (Nombre) VALUES ('NMRK2');
INSERT INTO Enfermedad_has_Genes (Enfermedad_idEnfermedad, Genes_Nombre) VALUES ('GRCh38/hg38 19p13.3-13.2(chr19:1972245-9648879)x3', 'NMRK2');
INSERT IGNORE INTO Genes (Nombre) VALUES ('NRTN');
INSERT INTO Enfermedad_has_Genes (Enfermedad_idEnfermedad, Genes_Nombre) VALUES ('GRCh38/hg38 19p13.3-13.2(chr19:1972245-9648879)x3', 'NRTN');
INSERT IGNORE INTO Genes (Nombre) VALUES ('OAZ1');
INSERT INTO Enfermedad_has_Genes (Enfermedad_idEnfermedad, Genes_Nombre) VALUES ('GRCh38/hg38 19p13.3-13.2(chr19:1972245-9648879)x3', 'OAZ1');
INSERT IGNORE INTO Genes (Nombre) VALUES ('OR1M1');
INSERT INTO Enfermedad_has_Genes (Enfermedad_idEnfermedad, Genes_Nombre) VALUES ('GRCh38/hg38 19p13.3-13.2(chr19:1972245-9648879)x3', 'OR1M1');
INSERT IGNORE INTO Genes (Nombre) VALUES ('OR2Z1');
INSERT INTO Enfermedad_has_Genes (Enfermedad_idEnfermedad, Genes_Nombre) VALUES ('GRCh38/hg38 19p13.3-13.2(chr19:1972245-9648879)x3', 'OR2Z1');
INSERT IGNORE INTO Genes (Nombre) VALUES ('OR7D2');
INSERT INTO Enfermedad_has_Genes (Enfermedad_idEnfermedad, Genes_Nombre) VALUES ('GRCh38/hg38 19p13.3-13.2(chr19:1972245-9648879)x3', 'OR7D2');
INSERT IGNORE INTO Genes (Nombre) VALUES ('OR7D4');
INSERT INTO Enfermedad_has_Genes (Enfermedad_idEnfermedad, Genes_Nombre) VALUES ('GRCh38/hg38 19p13.3-13.2(chr19:1972245-9648879)x3', 'OR7D4');
INSERT IGNORE INTO Genes (Nombre) VALUES ('OR7E24');
INSERT INTO Enfermedad_has_Genes (Enfermedad_idEnfermedad, Genes_Nombre) VALUES ('GRCh38/hg38 19p13.3-13.2(chr19:1972245-9648879)x3', 'OR7E24');
INSERT IGNORE INTO Genes (Nombre) VALUES ('OR7G1');
INSERT INTO Enfermedad_has_Genes (Enfermedad_idEnfermedad, Genes_Nombre) VALUES ('GRCh38/hg38 19p13.3-13.2(chr19:1972245-9648879)x3', 'OR7G1');
INSERT IGNORE INTO Genes (Nombre) VALUES ('OR7G2');
INSERT INTO Enfermedad_has_Genes (Enfermedad_idEnfermedad, Genes_Nombre) VALUES ('GRCh38/hg38 19p13.3-13.2(chr19:1972245-9648879)x3', 'OR7G2');
INSERT IGNORE INTO Genes (Nombre) VALUES ('OR7G3');
INSERT INTO Enfermedad_has_Genes (Enfermedad_idEnfermedad, Genes_Nombre) VALUES ('GRCh38/hg38 19p13.3-13.2(chr19:1972245-9648879)x3', 'OR7G3');
INSERT IGNORE INTO Genes (Nombre) VALUES ('PCP2');
INSERT INTO Enfermedad_has_Genes (Enfermedad_idEnfermedad, Genes_Nombre) VALUES ('GRCh38/hg38 19p13.3-13.2(chr19:1972245-9648879)x3', 'PCP2');
INSERT IGNORE INTO Genes (Nombre) VALUES ('PEAK3');
INSERT INTO Enfermedad_has_Genes (Enfermedad_idEnfermedad, Genes_Nombre) VALUES ('GRCh38/hg38 19p13.3-13.2(chr19:1972245-9648879)x3', 'PEAK3');
INSERT IGNORE INTO Genes (Nombre) VALUES ('PET100');
INSERT INTO Enfermedad_has_Genes (Enfermedad_idEnfermedad, Genes_Nombre) VALUES ('GRCh38/hg38 19p13.3-13.2(chr19:1972245-9648879)x3', 'PET100');
INSERT IGNORE INTO Genes (Nombre) VALUES ('PEX11G');
INSERT INTO Enfermedad_has_Genes (Enfermedad_idEnfermedad, Genes_Nombre) VALUES ('GRCh38/hg38 19p13.3-13.2(chr19:1972245-9648879)x3', 'PEX11G');
INSERT IGNORE INTO Genes (Nombre) VALUES ('PIAS4');
INSERT INTO Enfermedad_has_Genes (Enfermedad_idEnfermedad, Genes_Nombre) VALUES ('GRCh38/hg38 19p13.3-13.2(chr19:1972245-9648879)x3', 'PIAS4');
INSERT IGNORE INTO Genes (Nombre) VALUES ('PIP5K1C');
INSERT INTO Enfermedad_has_Genes (Enfermedad_idEnfermedad, Genes_Nombre) VALUES ('GRCh38/hg38 19p13.3-13.2(chr19:1972245-9648879)x3', 'PIP5K1C');
INSERT IGNORE INTO Genes (Nombre) VALUES ('PLEKHJ1');
INSERT INTO Enfermedad_has_Genes (Enfermedad_idEnfermedad, Genes_Nombre) VALUES ('GRCh38/hg38 19p13.3-13.2(chr19:1972245-9648879)x3', 'PLEKHJ1');
INSERT IGNORE INTO Genes (Nombre) VALUES ('PLIN3');
INSERT INTO Enfermedad_has_Genes (Enfermedad_idEnfermedad, Genes_Nombre) VALUES ('GRCh38/hg38 19p13.3-13.2(chr19:1972245-9648879)x3', 'PLIN3');
INSERT IGNORE INTO Genes (Nombre) VALUES ('PLIN4');
INSERT INTO Enfermedad_has_Genes (Enfermedad_idEnfermedad, Genes_Nombre) VALUES ('GRCh38/hg38 19p13.3-13.2(chr19:1972245-9648879)x3', 'PLIN4');
INSERT IGNORE INTO Genes (Nombre) VALUES ('PLIN5');
INSERT INTO Enfermedad_has_Genes (Enfermedad_idEnfermedad, Genes_Nombre) VALUES ('GRCh38/hg38 19p13.3-13.2(chr19:1972245-9648879)x3', 'PLIN5');
INSERT IGNORE INTO Genes (Nombre) VALUES ('PNPLA6');
INSERT INTO Enfermedad_has_Genes (Enfermedad_idEnfermedad, Genes_Nombre) VALUES ('GRCh38/hg38 19p13.3-13.2(chr19:1972245-9648879)x3', 'PNPLA6');
INSERT IGNORE INTO Genes (Nombre) VALUES ('PRAM1');
INSERT INTO Enfermedad_has_Genes (Enfermedad_idEnfermedad, Genes_Nombre) VALUES ('GRCh38/hg38 19p13.3-13.2(chr19:1972245-9648879)x3', 'PRAM1');
INSERT IGNORE INTO Genes (Nombre) VALUES ('PRR22');
INSERT INTO Enfermedad_has_Genes (Enfermedad_idEnfermedad, Genes_Nombre) VALUES ('GRCh38/hg38 19p13.3-13.2(chr19:1972245-9648879)x3', 'PRR22');
INSERT IGNORE INTO Genes (Nombre) VALUES ('PRR36');
INSERT INTO Enfermedad_has_Genes (Enfermedad_idEnfermedad, Genes_Nombre) VALUES ('GRCh38/hg38 19p13.3-13.2(chr19:1972245-9648879)x3', 'PRR36');
INSERT IGNORE INTO Genes (Nombre) VALUES ('PSPN');
INSERT INTO Enfermedad_has_Genes (Enfermedad_idEnfermedad, Genes_Nombre) VALUES ('GRCh38/hg38 19p13.3-13.2(chr19:1972245-9648879)x3', 'PSPN');
INSERT IGNORE INTO Genes (Nombre) VALUES ('PTPRS');
INSERT INTO Enfermedad_has_Genes (Enfermedad_idEnfermedad, Genes_Nombre) VALUES ('GRCh38/hg38 19p13.3-13.2(chr19:1972245-9648879)x3', 'PTPRS');
INSERT IGNORE INTO Genes (Nombre) VALUES ('RAB11B');
INSERT INTO Enfermedad_has_Genes (Enfermedad_idEnfermedad, Genes_Nombre) VALUES ('GRCh38/hg38 19p13.3-13.2(chr19:1972245-9648879)x3', 'RAB11B');
INSERT IGNORE INTO Genes (Nombre) VALUES ('RAB11B-AS1');
INSERT INTO Enfermedad_has_Genes (Enfermedad_idEnfermedad, Genes_Nombre) VALUES ('GRCh38/hg38 19p13.3-13.2(chr19:1972245-9648879)x3', 'RAB11B-AS1');
INSERT IGNORE INTO Genes (Nombre) VALUES ('RANBP3');
INSERT INTO Enfermedad_has_Genes (Enfermedad_idEnfermedad, Genes_Nombre) VALUES ('GRCh38/hg38 19p13.3-13.2(chr19:1972245-9648879)x3', 'RANBP3');
INSERT IGNORE INTO Genes (Nombre) VALUES ('RANBP3-DT');
INSERT INTO Enfermedad_has_Genes (Enfermedad_idEnfermedad, Genes_Nombre) VALUES ('GRCh38/hg38 19p13.3-13.2(chr19:1972245-9648879)x3', 'RANBP3-DT');
INSERT IGNORE INTO Genes (Nombre) VALUES ('RAX2');
INSERT INTO Enfermedad_has_Genes (Enfermedad_idEnfermedad, Genes_Nombre) VALUES ('GRCh38/hg38 19p13.3-13.2(chr19:1972245-9648879)x3', 'RAX2');
INSERT IGNORE INTO Genes (Nombre) VALUES ('RETN');
INSERT INTO Enfermedad_has_Genes (Enfermedad_idEnfermedad, Genes_Nombre) VALUES ('GRCh38/hg38 19p13.3-13.2(chr19:1972245-9648879)x3', 'RETN');
INSERT IGNORE INTO Genes (Nombre) VALUES ('RFX2');
INSERT INTO Enfermedad_has_Genes (Enfermedad_idEnfermedad, Genes_Nombre) VALUES ('GRCh38/hg38 19p13.3-13.2(chr19:1972245-9648879)x3', 'RFX2');
INSERT IGNORE INTO Genes (Nombre) VALUES ('RPL36');
INSERT INTO Enfermedad_has_Genes (Enfermedad_idEnfermedad, Genes_Nombre) VALUES ('GRCh38/hg38 19p13.3-13.2(chr19:1972245-9648879)x3', 'RPL36');
INSERT IGNORE INTO Genes (Nombre) VALUES ('RPS28');
INSERT INTO Enfermedad_has_Genes (Enfermedad_idEnfermedad, Genes_Nombre) VALUES ('GRCh38/hg38 19p13.3-13.2(chr19:1972245-9648879)x3', 'RPS28');
INSERT IGNORE INTO Genes (Nombre) VALUES ('S1PR4');
INSERT INTO Enfermedad_has_Genes (Enfermedad_idEnfermedad, Genes_Nombre) VALUES ('GRCh38/hg38 19p13.3-13.2(chr19:1972245-9648879)x3', 'S1PR4');
INSERT IGNORE INTO Genes (Nombre) VALUES ('SAFB');
INSERT INTO Enfermedad_has_Genes (Enfermedad_idEnfermedad, Genes_Nombre) VALUES ('GRCh38/hg38 19p13.3-13.2(chr19:1972245-9648879)x3', 'SAFB');
INSERT IGNORE INTO Genes (Nombre) VALUES ('SAFB2');
INSERT INTO Enfermedad_has_Genes (Enfermedad_idEnfermedad, Genes_Nombre) VALUES ('GRCh38/hg38 19p13.3-13.2(chr19:1972245-9648879)x3', 'SAFB2');
INSERT IGNORE INTO Genes (Nombre) VALUES ('SEMA6B');
INSERT INTO Enfermedad_has_Genes (Enfermedad_idEnfermedad, Genes_Nombre) VALUES ('GRCh38/hg38 19p13.3-13.2(chr19:1972245-9648879)x3', 'SEMA6B');
INSERT IGNORE INTO Genes (Nombre) VALUES ('SF3A2');
INSERT INTO Enfermedad_has_Genes (Enfermedad_idEnfermedad, Genes_Nombre) VALUES ('GRCh38/hg38 19p13.3-13.2(chr19:1972245-9648879)x3', 'SF3A2');
INSERT IGNORE INTO Genes (Nombre) VALUES ('SGTA');
INSERT INTO Enfermedad_has_Genes (Enfermedad_idEnfermedad, Genes_Nombre) VALUES ('GRCh38/hg38 19p13.3-13.2(chr19:1972245-9648879)x3', 'SGTA');
INSERT IGNORE INTO Genes (Nombre) VALUES ('SH2D3A');
INSERT INTO Enfermedad_has_Genes (Enfermedad_idEnfermedad, Genes_Nombre) VALUES ('GRCh38/hg38 19p13.3-13.2(chr19:1972245-9648879)x3', 'SH2D3A');
INSERT IGNORE INTO Genes (Nombre) VALUES ('SH3GL1');
INSERT INTO Enfermedad_has_Genes (Enfermedad_idEnfermedad, Genes_Nombre) VALUES ('GRCh38/hg38 19p13.3-13.2(chr19:1972245-9648879)x3', 'SH3GL1');
INSERT IGNORE INTO Genes (Nombre) VALUES ('SHD');
INSERT INTO Enfermedad_has_Genes (Enfermedad_idEnfermedad, Genes_Nombre) VALUES ('GRCh38/hg38 19p13.3-13.2(chr19:1972245-9648879)x3', 'SHD');
INSERT IGNORE INTO Genes (Nombre) VALUES ('SIRT6');
INSERT INTO Enfermedad_has_Genes (Enfermedad_idEnfermedad, Genes_Nombre) VALUES ('GRCh38/hg38 19p13.3-13.2(chr19:1972245-9648879)x3', 'SIRT6');
INSERT IGNORE INTO Genes (Nombre) VALUES ('SLC25A23');
INSERT INTO Enfermedad_has_Genes (Enfermedad_idEnfermedad, Genes_Nombre) VALUES ('GRCh38/hg38 19p13.3-13.2(chr19:1972245-9648879)x3', 'SLC25A23');
INSERT IGNORE INTO Genes (Nombre) VALUES ('SLC25A41');
INSERT INTO Enfermedad_has_Genes (Enfermedad_idEnfermedad, Genes_Nombre) VALUES ('GRCh38/hg38 19p13.3-13.2(chr19:1972245-9648879)x3', 'SLC25A41');
INSERT IGNORE INTO Genes (Nombre) VALUES ('SLC39A3');
INSERT INTO Enfermedad_has_Genes (Enfermedad_idEnfermedad, Genes_Nombre) VALUES ('GRCh38/hg38 19p13.3-13.2(chr19:1972245-9648879)x3', 'SLC39A3');
INSERT IGNORE INTO Genes (Nombre) VALUES ('SMIM24');
INSERT INTO Enfermedad_has_Genes (Enfermedad_idEnfermedad, Genes_Nombre) VALUES ('GRCh38/hg38 19p13.3-13.2(chr19:1972245-9648879)x3', 'SMIM24');
INSERT IGNORE INTO Genes (Nombre) VALUES ('SMIM44');
INSERT INTO Enfermedad_has_Genes (Enfermedad_idEnfermedad, Genes_Nombre) VALUES ('GRCh38/hg38 19p13.3-13.2(chr19:1972245-9648879)x3', 'SMIM44');
INSERT IGNORE INTO Genes (Nombre) VALUES ('SNAPC2');
INSERT INTO Enfermedad_has_Genes (Enfermedad_idEnfermedad, Genes_Nombre) VALUES ('GRCh38/hg38 19p13.3-13.2(chr19:1972245-9648879)x3', 'SNAPC2');
INSERT IGNORE INTO Genes (Nombre) VALUES ('SNORD37');
INSERT INTO Enfermedad_has_Genes (Enfermedad_idEnfermedad, Genes_Nombre) VALUES ('GRCh38/hg38 19p13.3-13.2(chr19:1972245-9648879)x3', 'SNORD37');
INSERT IGNORE INTO Genes (Nombre) VALUES ('SPPL2B');
INSERT INTO Enfermedad_has_Genes (Enfermedad_idEnfermedad, Genes_Nombre) VALUES ('GRCh38/hg38 19p13.3-13.2(chr19:1972245-9648879)x3', 'SPPL2B');
INSERT IGNORE INTO Genes (Nombre) VALUES ('STAP2');
INSERT INTO Enfermedad_has_Genes (Enfermedad_idEnfermedad, Genes_Nombre) VALUES ('GRCh38/hg38 19p13.3-13.2(chr19:1972245-9648879)x3', 'STAP2');
INSERT IGNORE INTO Genes (Nombre) VALUES ('STXBP2');
INSERT INTO Enfermedad_has_Genes (Enfermedad_idEnfermedad, Genes_Nombre) VALUES ('GRCh38/hg38 19p13.3-13.2(chr19:1972245-9648879)x3', 'STXBP2');
INSERT IGNORE INTO Genes (Nombre) VALUES ('TBXA2R');
INSERT INTO Enfermedad_has_Genes (Enfermedad_idEnfermedad, Genes_Nombre) VALUES ('GRCh38/hg38 19p13.3-13.2(chr19:1972245-9648879)x3', 'TBXA2R');
INSERT IGNORE INTO Genes (Nombre) VALUES ('TEKTIP1');
INSERT INTO Enfermedad_has_Genes (Enfermedad_idEnfermedad, Genes_Nombre) VALUES ('GRCh38/hg38 19p13.3-13.2(chr19:1972245-9648879)x3', 'TEKTIP1');
INSERT IGNORE INTO Genes (Nombre) VALUES ('TEX45');
INSERT INTO Enfermedad_has_Genes (Enfermedad_idEnfermedad, Genes_Nombre) VALUES ('GRCh38/hg38 19p13.3-13.2(chr19:1972245-9648879)x3', 'TEX45');
INSERT IGNORE INTO Genes (Nombre) VALUES ('TGFBR3L');
INSERT INTO Enfermedad_has_Genes (Enfermedad_idEnfermedad, Genes_Nombre) VALUES ('GRCh38/hg38 19p13.3-13.2(chr19:1972245-9648879)x3', 'TGFBR3L');
INSERT IGNORE INTO Genes (Nombre) VALUES ('THOP1');
INSERT INTO Enfermedad_has_Genes (Enfermedad_idEnfermedad, Genes_Nombre) VALUES ('GRCh38/hg38 19p13.3-13.2(chr19:1972245-9648879)x3', 'THOP1');
INSERT IGNORE INTO Genes (Nombre) VALUES ('TICAM1');
INSERT INTO Enfermedad_has_Genes (Enfermedad_idEnfermedad, Genes_Nombre) VALUES ('GRCh38/hg38 19p13.3-13.2(chr19:1972245-9648879)x3', 'TICAM1');
INSERT IGNORE INTO Genes (Nombre) VALUES ('TIMM13');
INSERT INTO Enfermedad_has_Genes (Enfermedad_idEnfermedad, Genes_Nombre) VALUES ('GRCh38/hg38 19p13.3-13.2(chr19:1972245-9648879)x3', 'TIMM13');
INSERT IGNORE INTO Genes (Nombre) VALUES ('TIMM44');
INSERT INTO Enfermedad_has_Genes (Enfermedad_idEnfermedad, Genes_Nombre) VALUES ('GRCh38/hg38 19p13.3-13.2(chr19:1972245-9648879)x3', 'TIMM44');
INSERT IGNORE INTO Genes (Nombre) VALUES ('TINCR');
INSERT INTO Enfermedad_has_Genes (Enfermedad_idEnfermedad, Genes_Nombre) VALUES ('GRCh38/hg38 19p13.3-13.2(chr19:1972245-9648879)x3', 'TINCR');
INSERT IGNORE INTO Genes (Nombre) VALUES ('TJP3');
INSERT INTO Enfermedad_has_Genes (Enfermedad_idEnfermedad, Genes_Nombre) VALUES ('GRCh38/hg38 19p13.3-13.2(chr19:1972245-9648879)x3', 'TJP3');
INSERT IGNORE INTO Genes (Nombre) VALUES ('TLE2');
INSERT INTO Enfermedad_has_Genes (Enfermedad_idEnfermedad, Genes_Nombre) VALUES ('GRCh38/hg38 19p13.3-13.2(chr19:1972245-9648879)x3', 'TLE2');
INSERT IGNORE INTO Genes (Nombre) VALUES ('TLE5');
INSERT INTO Enfermedad_has_Genes (Enfermedad_idEnfermedad, Genes_Nombre) VALUES ('GRCh38/hg38 19p13.3-13.2(chr19:1972245-9648879)x3', 'TLE5');
INSERT IGNORE INTO Genes (Nombre) VALUES ('TLE6');
INSERT INTO Enfermedad_has_Genes (Enfermedad_idEnfermedad, Genes_Nombre) VALUES ('GRCh38/hg38 19p13.3-13.2(chr19:1972245-9648879)x3', 'TLE6');
INSERT IGNORE INTO Genes (Nombre) VALUES ('TMIGD2');
INSERT INTO Enfermedad_has_Genes (Enfermedad_idEnfermedad, Genes_Nombre) VALUES ('GRCh38/hg38 19p13.3-13.2(chr19:1972245-9648879)x3', 'TMIGD2');
INSERT IGNORE INTO Genes (Nombre) VALUES ('TMPRSS9');
INSERT INTO Enfermedad_has_Genes (Enfermedad_idEnfermedad, Genes_Nombre) VALUES ('GRCh38/hg38 19p13.3-13.2(chr19:1972245-9648879)x3', 'TMPRSS9');
INSERT IGNORE INTO Genes (Nombre) VALUES ('TNFAIP8L1');
INSERT INTO Enfermedad_has_Genes (Enfermedad_idEnfermedad, Genes_Nombre) VALUES ('GRCh38/hg38 19p13.3-13.2(chr19:1972245-9648879)x3', 'TNFAIP8L1');
INSERT IGNORE INTO Genes (Nombre) VALUES ('TNFSF14');
INSERT INTO Enfermedad_has_Genes (Enfermedad_idEnfermedad, Genes_Nombre) VALUES ('GRCh38/hg38 19p13.3-13.2(chr19:1972245-9648879)x3', 'TNFSF14');
INSERT IGNORE INTO Genes (Nombre) VALUES ('TNFSF9');
INSERT INTO Enfermedad_has_Genes (Enfermedad_idEnfermedad, Genes_Nombre) VALUES ('GRCh38/hg38 19p13.3-13.2(chr19:1972245-9648879)x3', 'TNFSF9');
INSERT IGNORE INTO Genes (Nombre) VALUES ('TRAPPC5');
INSERT INTO Enfermedad_has_Genes (Enfermedad_idEnfermedad, Genes_Nombre) VALUES ('GRCh38/hg38 19p13.3-13.2(chr19:1972245-9648879)x3', 'TRAPPC5');
INSERT IGNORE INTO Genes (Nombre) VALUES ('TRG-TCC1-1');
INSERT INTO Enfermedad_has_Genes (Enfermedad_idEnfermedad, Genes_Nombre) VALUES ('GRCh38/hg38 19p13.3-13.2(chr19:1972245-9648879)x3', 'TRG-TCC1-1');
INSERT IGNORE INTO Genes (Nombre) VALUES ('TRIP10');
INSERT INTO Enfermedad_has_Genes (Enfermedad_idEnfermedad, Genes_Nombre) VALUES ('GRCh38/hg38 19p13.3-13.2(chr19:1972245-9648879)x3', 'TRIP10');
INSERT IGNORE INTO Genes (Nombre) VALUES ('TRV-CAC3-1');
INSERT INTO Enfermedad_has_Genes (Enfermedad_idEnfermedad, Genes_Nombre) VALUES ('GRCh38/hg38 19p13.3-13.2(chr19:1972245-9648879)x3', 'TRV-CAC3-1');
INSERT IGNORE INTO Genes (Nombre) VALUES ('TUBB4A');
INSERT INTO Enfermedad_has_Genes (Enfermedad_idEnfermedad, Genes_Nombre) VALUES ('GRCh38/hg38 19p13.3-13.2(chr19:1972245-9648879)x3', 'TUBB4A');
INSERT IGNORE INTO Genes (Nombre) VALUES ('UBXN6');
INSERT INTO Enfermedad_has_Genes (Enfermedad_idEnfermedad, Genes_Nombre) VALUES ('GRCh38/hg38 19p13.3-13.2(chr19:1972245-9648879)x3', 'UBXN6');
INSERT IGNORE INTO Genes (Nombre) VALUES ('UHRF1');
INSERT INTO Enfermedad_has_Genes (Enfermedad_idEnfermedad, Genes_Nombre) VALUES ('GRCh38/hg38 19p13.3-13.2(chr19:1972245-9648879)x3', 'UHRF1');
INSERT IGNORE INTO Genes (Nombre) VALUES ('VAV1');
INSERT INTO Enfermedad_has_Genes (Enfermedad_idEnfermedad, Genes_Nombre) VALUES ('GRCh38/hg38 19p13.3-13.2(chr19:1972245-9648879)x3', 'VAV1');
INSERT IGNORE INTO Genes (Nombre) VALUES ('VMAC');
INSERT INTO Enfermedad_has_Genes (Enfermedad_idEnfermedad, Genes_Nombre) VALUES ('GRCh38/hg38 19p13.3-13.2(chr19:1972245-9648879)x3', 'VMAC');
INSERT IGNORE INTO Genes (Nombre) VALUES ('XAB2');
INSERT INTO Enfermedad_has_Genes (Enfermedad_idEnfermedad, Genes_Nombre) VALUES ('GRCh38/hg38 19p13.3-13.2(chr19:1972245-9648879)x3', 'XAB2');
INSERT IGNORE INTO Genes (Nombre) VALUES ('YJU2');
INSERT INTO Enfermedad_has_Genes (Enfermedad_idEnfermedad, Genes_Nombre) VALUES ('GRCh38/hg38 19p13.3-13.2(chr19:1972245-9648879)x3', 'YJU2');
INSERT IGNORE INTO Genes (Nombre) VALUES ('ZBTB7A');
INSERT INTO Enfermedad_has_Genes (Enfermedad_idEnfermedad, Genes_Nombre) VALUES ('GRCh38/hg38 19p13.3-13.2(chr19:1972245-9648879)x3', 'ZBTB7A');
INSERT IGNORE INTO Genes (Nombre) VALUES ('ZFR2');
INSERT INTO Enfermedad_has_Genes (Enfermedad_idEnfermedad, Genes_Nombre) VALUES ('GRCh38/hg38 19p13.3-13.2(chr19:1972245-9648879)x3', 'ZFR2');
INSERT IGNORE INTO Genes (Nombre) VALUES ('ZNF121');
INSERT INTO Enfermedad_has_Genes (Enfermedad_idEnfermedad, Genes_Nombre) VALUES ('GRCh38/hg38 19p13.3-13.2(chr19:1972245-9648879)x3', 'ZNF121');
INSERT IGNORE INTO Genes (Nombre) VALUES ('ZNF177');
INSERT INTO Enfermedad_has_Genes (Enfermedad_idEnfermedad, Genes_Nombre) VALUES ('GRCh38/hg38 19p13.3-13.2(chr19:1972245-9648879)x3', 'ZNF177');
INSERT IGNORE INTO Genes (Nombre) VALUES ('ZNF266');
INSERT INTO Enfermedad_has_Genes (Enfermedad_idEnfermedad, Genes_Nombre) VALUES ('GRCh38/hg38 19p13.3-13.2(chr19:1972245-9648879)x3', 'ZNF266');
INSERT IGNORE INTO Genes (Nombre) VALUES ('ZNF317');
INSERT INTO Enfermedad_has_Genes (Enfermedad_idEnfermedad, Genes_Nombre) VALUES ('GRCh38/hg38 19p13.3-13.2(chr19:1972245-9648879)x3', 'ZNF317');
INSERT IGNORE INTO Genes (Nombre) VALUES ('ZNF358');
INSERT INTO Enfermedad_has_Genes (Enfermedad_idEnfermedad, Genes_Nombre) VALUES ('GRCh38/hg38 19p13.3-13.2(chr19:1972245-9648879)x3', 'ZNF358');
INSERT IGNORE INTO Genes (Nombre) VALUES ('ZNF414');
INSERT INTO Enfermedad_has_Genes (Enfermedad_idEnfermedad, Genes_Nombre) VALUES ('GRCh38/hg38 19p13.3-13.2(chr19:1972245-9648879)x3', 'ZNF414');
INSERT IGNORE INTO Genes (Nombre) VALUES ('ZNF426');
INSERT INTO Enfermedad_has_Genes (Enfermedad_idEnfermedad, Genes_Nombre) VALUES ('GRCh38/hg38 19p13.3-13.2(chr19:1972245-9648879)x3', 'ZNF426');
INSERT IGNORE INTO Genes (Nombre) VALUES ('ZNF426-DT');
INSERT INTO Enfermedad_has_Genes (Enfermedad_idEnfermedad, Genes_Nombre) VALUES ('GRCh38/hg38 19p13.3-13.2(chr19:1972245-9648879)x3', 'ZNF426-DT');
INSERT IGNORE INTO Genes (Nombre) VALUES ('ZNF554');
INSERT INTO Enfermedad_has_Genes (Enfermedad_idEnfermedad, Genes_Nombre) VALUES ('GRCh38/hg38 19p13.3-13.2(chr19:1972245-9648879)x3', 'ZNF554');
INSERT IGNORE INTO Genes (Nombre) VALUES ('ZNF555');
INSERT INTO Enfermedad_has_Genes (Enfermedad_idEnfermedad, Genes_Nombre) VALUES ('GRCh38/hg38 19p13.3-13.2(chr19:1972245-9648879)x3', 'ZNF555');
INSERT IGNORE INTO Genes (Nombre) VALUES ('ZNF556');
INSERT INTO Enfermedad_has_Genes (Enfermedad_idEnfermedad, Genes_Nombre) VALUES ('GRCh38/hg38 19p13.3-13.2(chr19:1972245-9648879)x3', 'ZNF556');
INSERT IGNORE INTO Genes (Nombre) VALUES ('ZNF557');
INSERT INTO Enfermedad_has_Genes (Enfermedad_idEnfermedad, Genes_Nombre) VALUES ('GRCh38/hg38 19p13.3-13.2(chr19:1972245-9648879)x3', 'ZNF557');
INSERT IGNORE INTO Genes (Nombre) VALUES ('ZNF558');
INSERT INTO Enfermedad_has_Genes (Enfermedad_idEnfermedad, Genes_Nombre) VALUES ('GRCh38/hg38 19p13.3-13.2(chr19:1972245-9648879)x3', 'ZNF558');
INSERT IGNORE INTO Genes (Nombre) VALUES ('ZNF559');
INSERT INTO Enfermedad_has_Genes (Enfermedad_idEnfermedad, Genes_Nombre) VALUES ('GRCh38/hg38 19p13.3-13.2(chr19:1972245-9648879)x3', 'ZNF559');
INSERT IGNORE INTO Genes (Nombre) VALUES ('ZNF559-ZNF177');
INSERT INTO Enfermedad_has_Genes (Enfermedad_idEnfermedad, Genes_Nombre) VALUES ('GRCh38/hg38 19p13.3-13.2(chr19:1972245-9648879)x3', 'ZNF559-ZNF177');
INSERT IGNORE INTO Genes (Nombre) VALUES ('ZNF560');
INSERT INTO Enfermedad_has_Genes (Enfermedad_idEnfermedad, Genes_Nombre) VALUES ('GRCh38/hg38 19p13.3-13.2(chr19:1972245-9648879)x3', 'ZNF560');
INSERT IGNORE INTO Genes (Nombre) VALUES ('ZNF561');
INSERT INTO Enfermedad_has_Genes (Enfermedad_idEnfermedad, Genes_Nombre) VALUES ('GRCh38/hg38 19p13.3-13.2(chr19:1972245-9648879)x3', 'ZNF561');
INSERT IGNORE INTO Genes (Nombre) VALUES ('ZNF561-AS1');
INSERT INTO Enfermedad_has_Genes (Enfermedad_idEnfermedad, Genes_Nombre) VALUES ('GRCh38/hg38 19p13.3-13.2(chr19:1972245-9648879)x3', 'ZNF561-AS1');
INSERT IGNORE INTO Genes (Nombre) VALUES ('ZNF562');
INSERT INTO Enfermedad_has_Genes (Enfermedad_idEnfermedad, Genes_Nombre) VALUES ('GRCh38/hg38 19p13.3-13.2(chr19:1972245-9648879)x3', 'ZNF562');
INSERT IGNORE INTO Genes (Nombre) VALUES ('ZNF57');
INSERT INTO Enfermedad_has_Genes (Enfermedad_idEnfermedad, Genes_Nombre) VALUES ('GRCh38/hg38 19p13.3-13.2(chr19:1972245-9648879)x3', 'ZNF57');
INSERT IGNORE INTO Genes (Nombre) VALUES ('ZNF699');
INSERT INTO Enfermedad_has_Genes (Enfermedad_idEnfermedad, Genes_Nombre) VALUES ('GRCh38/hg38 19p13.3-13.2(chr19:1972245-9648879)x3', 'ZNF699');
INSERT IGNORE INTO Genes (Nombre) VALUES ('ZNF77');
INSERT INTO Enfermedad_has_Genes (Enfermedad_idEnfermedad, Genes_Nombre) VALUES ('GRCh38/hg38 19p13.3-13.2(chr19:1972245-9648879)x3', 'ZNF77');
INSERT IGNORE INTO Genes (Nombre) VALUES ('ZNRF4');
INSERT INTO Enfermedad_has_Genes (Enfermedad_idEnfermedad, Genes_Nombre) VALUES ('GRCh38/hg38 19p13.3-13.2(chr19:1972245-9648879)x3', 'ZNRF4');
INSERT IGNORE INTO Sintomas (Descripcion) VALUES ('See cases');
INSERT INTO Sintomas_has_Enfermedad (Sintomas_Descripcion, Enfermedad_idEnfermedad) VALUES ('See cases', 'GRCh38/hg38 19p13.3-13.2(chr19:1972245-9648879)x3');
INSERT INTO Enfermedad (idEnfermedad, CambioProteina, SignificanciaClinica) VALUES ('NM_000208.3(INSR):c.*4803G>A', '', 'Likely benign  (Last reviewed: Jun 14, 2016)');
INSERT INTO Proteina_has_Enfermedad (Proteina_idProteina, Enfermedad_idEnfermedad) VALUES ('P06213', 'NM_000208.3(INSR):c.*4803G>A');
INSERT IGNORE INTO Genes (Nombre) VALUES ('INSR');
INSERT INTO Enfermedad_has_Genes (Enfermedad_idEnfermedad, Genes_Nombre) VALUES ('NM_000208.3(INSR):c.*4803G>A', 'INSR');
INSERT IGNORE INTO Sintomas (Descripcion) VALUES ('Rabson-Mendenhall syndrome');
INSERT INTO Sintomas_has_Enfermedad (Sintomas_Descripcion, Enfermedad_idEnfermedad) VALUES ('Rabson-Mendenhall syndrome', 'NM_000208.3(INSR):c.*4803G>A');
INSERT IGNORE INTO Sintomas (Descripcion) VALUES ('Insulin-resistant diabetes mellitus AND acanthosis nigricans');
INSERT INTO Sintomas_has_Enfermedad (Sintomas_Descripcion, Enfermedad_idEnfermedad) VALUES ('Insulin-resistant diabetes mellitus AND acanthosis nigricans', 'NM_000208.3(INSR):c.*4803G>A');
INSERT IGNORE INTO Sintomas (Descripcion) VALUES ('Leprechaunism syndrome');
INSERT INTO Sintomas_has_Enfermedad (Sintomas_Descripcion, Enfermedad_idEnfermedad) VALUES ('Leprechaunism syndrome', 'NM_000208.3(INSR):c.*4803G>A');
INSERT INTO Enfermedad (idEnfermedad, CambioProteina, SignificanciaClinica) VALUES ('NM_000208.3(INSR):c.*4802C>T', '', 'Benign  (Last reviewed: Jun 14, 2016)');
INSERT INTO Proteina_has_Enfermedad (Proteina_idProteina, Enfermedad_idEnfermedad) VALUES ('P06213', 'NM_000208.3(INSR):c.*4802C>T');
INSERT IGNORE INTO Genes (Nombre) VALUES ('INSR');
INSERT INTO Enfermedad_has_Genes (Enfermedad_idEnfermedad, Genes_Nombre) VALUES ('NM_000208.3(INSR):c.*4802C>T', 'INSR');
INSERT IGNORE INTO Sintomas (Descripcion) VALUES ('Rabson-Mendenhall syndrome');
INSERT INTO Sintomas_has_Enfermedad (Sintomas_Descripcion, Enfermedad_idEnfermedad) VALUES ('Rabson-Mendenhall syndrome', 'NM_000208.3(INSR):c.*4802C>T');
INSERT IGNORE INTO Sintomas (Descripcion) VALUES ('Insulin-resistant diabetes mellitus AND acanthosis nigricans');
INSERT INTO Sintomas_has_Enfermedad (Sintomas_Descripcion, Enfermedad_idEnfermedad) VALUES ('Insulin-resistant diabetes mellitus AND acanthosis nigricans', 'NM_000208.3(INSR):c.*4802C>T');
INSERT IGNORE INTO Sintomas (Descripcion) VALUES ('Leprechaunism syndrome');
INSERT INTO Sintomas_has_Enfermedad (Sintomas_Descripcion, Enfermedad_idEnfermedad) VALUES ('Leprechaunism syndrome', 'NM_000208.3(INSR):c.*4802C>T');
INSERT INTO Enfermedad (idEnfermedad, CambioProteina, SignificanciaClinica) VALUES ('NC_000019.10:g.(?_7112255)_(7249328_?)del', '', 'Pathogenic  (Last reviewed: Sep 1, 1993)');
INSERT INTO Proteina_has_Enfermedad (Proteina_idProteina, Enfermedad_idEnfermedad) VALUES ('P06213', 'NC_000019.10:g.(?_7112255)_(7249328_?)del');
INSERT IGNORE INTO Genes (Nombre) VALUES ('INSR');
INSERT INTO Enfermedad_has_Genes (Enfermedad_idEnfermedad, Genes_Nombre) VALUES ('NC_000019.10:g.(?_7112255)_(7249328_?)del', 'INSR');
INSERT IGNORE INTO Sintomas (Descripcion) VALUES ('Leprechaunism syndrome');
INSERT INTO Sintomas_has_Enfermedad (Sintomas_Descripcion, Enfermedad_idEnfermedad) VALUES ('Leprechaunism syndrome', 'NC_000019.10:g.(?_7112255)_(7249328_?)del');
INSERT INTO Enfermedad (idEnfermedad, CambioProteina, SignificanciaClinica) VALUES ('GRCh38/hg38 21p11.2-q22.3(chr21:7749532-46670405)x3', '', 'Pathogenic  (Last reviewed: Aug 12, 2011)');
INSERT INTO Proteina_has_Enfermedad (Proteina_idProteina, Enfermedad_idEnfermedad) VALUES ('A2VEY9', 'GRCh38/hg38 21p11.2-q22.3(chr21:7749532-46670405)x3');
INSERT IGNORE INTO Genes (Nombre) VALUES ('AATBC');
INSERT INTO Enfermedad_has_Genes (Enfermedad_idEnfermedad, Genes_Nombre) VALUES ('GRCh38/hg38 21p11.2-q22.3(chr21:7749532-46670405)x3', 'AATBC');
INSERT IGNORE INTO Genes (Nombre) VALUES ('ABCG1');
INSERT INTO Enfermedad_has_Genes (Enfermedad_idEnfermedad, Genes_Nombre) VALUES ('GRCh38/hg38 21p11.2-q22.3(chr21:7749532-46670405)x3', 'ABCG1');
INSERT IGNORE INTO Genes (Nombre) VALUES ('ADAMTS1');
INSERT INTO Enfermedad_has_Genes (Enfermedad_idEnfermedad, Genes_Nombre) VALUES ('GRCh38/hg38 21p11.2-q22.3(chr21:7749532-46670405)x3', 'ADAMTS1');
INSERT IGNORE INTO Genes (Nombre) VALUES ('ADAMTS5');
INSERT INTO Enfermedad_has_Genes (Enfermedad_idEnfermedad, Genes_Nombre) VALUES ('GRCh38/hg38 21p11.2-q22.3(chr21:7749532-46670405)x3', 'ADAMTS5');
INSERT IGNORE INTO Genes (Nombre) VALUES ('ADARB1');
INSERT INTO Enfermedad_has_Genes (Enfermedad_idEnfermedad, Genes_Nombre) VALUES ('GRCh38/hg38 21p11.2-q22.3(chr21:7749532-46670405)x3', 'ADARB1');
INSERT IGNORE INTO Genes (Nombre) VALUES ('AGPAT3');
INSERT INTO Enfermedad_has_Genes (Enfermedad_idEnfermedad, Genes_Nombre) VALUES ('GRCh38/hg38 21p11.2-q22.3(chr21:7749532-46670405)x3', 'AGPAT3');
INSERT IGNORE INTO Genes (Nombre) VALUES ('AIRE');
INSERT INTO Enfermedad_has_Genes (Enfermedad_idEnfermedad, Genes_Nombre) VALUES ('GRCh38/hg38 21p11.2-q22.3(chr21:7749532-46670405)x3', 'AIRE');
INSERT IGNORE INTO Genes (Nombre) VALUES ('APP');
INSERT INTO Enfermedad_has_Genes (Enfermedad_idEnfermedad, Genes_Nombre) VALUES ('GRCh38/hg38 21p11.2-q22.3(chr21:7749532-46670405)x3', 'APP');
INSERT IGNORE INTO Genes (Nombre) VALUES ('ATP5PF');
INSERT INTO Enfermedad_has_Genes (Enfermedad_idEnfermedad, Genes_Nombre) VALUES ('GRCh38/hg38 21p11.2-q22.3(chr21:7749532-46670405)x3', 'ATP5PF');
INSERT IGNORE INTO Genes (Nombre) VALUES ('ATP5PO');
INSERT INTO Enfermedad_has_Genes (Enfermedad_idEnfermedad, Genes_Nombre) VALUES ('GRCh38/hg38 21p11.2-q22.3(chr21:7749532-46670405)x3', 'ATP5PO');
INSERT IGNORE INTO Genes (Nombre) VALUES ('B3GALT5');
INSERT INTO Enfermedad_has_Genes (Enfermedad_idEnfermedad, Genes_Nombre) VALUES ('GRCh38/hg38 21p11.2-q22.3(chr21:7749532-46670405)x3', 'B3GALT5');
INSERT IGNORE INTO Genes (Nombre) VALUES ('B3GALT5-AS1');
INSERT INTO Enfermedad_has_Genes (Enfermedad_idEnfermedad, Genes_Nombre) VALUES ('GRCh38/hg38 21p11.2-q22.3(chr21:7749532-46670405)x3', 'B3GALT5-AS1');
INSERT IGNORE INTO Genes (Nombre) VALUES ('BACE2');
INSERT INTO Enfermedad_has_Genes (Enfermedad_idEnfermedad, Genes_Nombre) VALUES ('GRCh38/hg38 21p11.2-q22.3(chr21:7749532-46670405)x3', 'BACE2');
INSERT IGNORE INTO Genes (Nombre) VALUES ('BACH1');
INSERT INTO Enfermedad_has_Genes (Enfermedad_idEnfermedad, Genes_Nombre) VALUES ('GRCh38/hg38 21p11.2-q22.3(chr21:7749532-46670405)x3', 'BACH1');
INSERT IGNORE INTO Genes (Nombre) VALUES ('BACH1-IT2');
INSERT INTO Enfermedad_has_Genes (Enfermedad_idEnfermedad, Genes_Nombre) VALUES ('GRCh38/hg38 21p11.2-q22.3(chr21:7749532-46670405)x3', 'BACH1-IT2');
INSERT IGNORE INTO Genes (Nombre) VALUES ('BACH1-IT3');
INSERT INTO Enfermedad_has_Genes (Enfermedad_idEnfermedad, Genes_Nombre) VALUES ('GRCh38/hg38 21p11.2-q22.3(chr21:7749532-46670405)x3', 'BACH1-IT3');
INSERT IGNORE INTO Genes (Nombre) VALUES ('BAGE2');
INSERT INTO Enfermedad_has_Genes (Enfermedad_idEnfermedad, Genes_Nombre) VALUES ('GRCh38/hg38 21p11.2-q22.3(chr21:7749532-46670405)x3', 'BAGE2');
INSERT IGNORE INTO Genes (Nombre) VALUES ('BNAT1');
INSERT INTO Enfermedad_has_Genes (Enfermedad_idEnfermedad, Genes_Nombre) VALUES ('GRCh38/hg38 21p11.2-q22.3(chr21:7749532-46670405)x3', 'BNAT1');
INSERT IGNORE INTO Genes (Nombre) VALUES ('BRWD1');
INSERT INTO Enfermedad_has_Genes (Enfermedad_idEnfermedad, Genes_Nombre) VALUES ('GRCh38/hg38 21p11.2-q22.3(chr21:7749532-46670405)x3', 'BRWD1');
INSERT IGNORE INTO Genes (Nombre) VALUES ('BRWD1-AS1');
INSERT INTO Enfermedad_has_Genes (Enfermedad_idEnfermedad, Genes_Nombre) VALUES ('GRCh38/hg38 21p11.2-q22.3(chr21:7749532-46670405)x3', 'BRWD1-AS1');
INSERT IGNORE INTO Genes (Nombre) VALUES ('BRWD1-AS2');
INSERT INTO Enfermedad_has_Genes (Enfermedad_idEnfermedad, Genes_Nombre) VALUES ('GRCh38/hg38 21p11.2-q22.3(chr21:7749532-46670405)x3', 'BRWD1-AS2');
INSERT IGNORE INTO Genes (Nombre) VALUES ('BTG3');
INSERT INTO Enfermedad_has_Genes (Enfermedad_idEnfermedad, Genes_Nombre) VALUES ('GRCh38/hg38 21p11.2-q22.3(chr21:7749532-46670405)x3', 'BTG3');
INSERT IGNORE INTO Genes (Nombre) VALUES ('BTG3-AS1');
INSERT INTO Enfermedad_has_Genes (Enfermedad_idEnfermedad, Genes_Nombre) VALUES ('GRCh38/hg38 21p11.2-q22.3(chr21:7749532-46670405)x3', 'BTG3-AS1');
INSERT IGNORE INTO Genes (Nombre) VALUES ('C21orf140');
INSERT INTO Enfermedad_has_Genes (Enfermedad_idEnfermedad, Genes_Nombre) VALUES ('GRCh38/hg38 21p11.2-q22.3(chr21:7749532-46670405)x3', 'C21orf140');
INSERT IGNORE INTO Genes (Nombre) VALUES ('C21orf58');
INSERT INTO Enfermedad_has_Genes (Enfermedad_idEnfermedad, Genes_Nombre) VALUES ('GRCh38/hg38 21p11.2-q22.3(chr21:7749532-46670405)x3', 'C21orf58');
INSERT IGNORE INTO Genes (Nombre) VALUES ('C21orf62');
INSERT INTO Enfermedad_has_Genes (Enfermedad_idEnfermedad, Genes_Nombre) VALUES ('GRCh38/hg38 21p11.2-q22.3(chr21:7749532-46670405)x3', 'C21orf62');
INSERT IGNORE INTO Genes (Nombre) VALUES ('C21orf62-AS1');
INSERT INTO Enfermedad_has_Genes (Enfermedad_idEnfermedad, Genes_Nombre) VALUES ('GRCh38/hg38 21p11.2-q22.3(chr21:7749532-46670405)x3', 'C21orf62-AS1');
INSERT IGNORE INTO Genes (Nombre) VALUES ('C21orf91');
INSERT INTO Enfermedad_has_Genes (Enfermedad_idEnfermedad, Genes_Nombre) VALUES ('GRCh38/hg38 21p11.2-q22.3(chr21:7749532-46670405)x3', 'C21orf91');
INSERT IGNORE INTO Genes (Nombre) VALUES ('C21orf91-OT1');
INSERT INTO Enfermedad_has_Genes (Enfermedad_idEnfermedad, Genes_Nombre) VALUES ('GRCh38/hg38 21p11.2-q22.3(chr21:7749532-46670405)x3', 'C21orf91-OT1');
INSERT IGNORE INTO Genes (Nombre) VALUES ('C2CD2');
INSERT INTO Enfermedad_has_Genes (Enfermedad_idEnfermedad, Genes_Nombre) VALUES ('GRCh38/hg38 21p11.2-q22.3(chr21:7749532-46670405)x3', 'C2CD2');
INSERT IGNORE INTO Genes (Nombre) VALUES ('CBR1');
INSERT INTO Enfermedad_has_Genes (Enfermedad_idEnfermedad, Genes_Nombre) VALUES ('GRCh38/hg38 21p11.2-q22.3(chr21:7749532-46670405)x3', 'CBR1');
INSERT IGNORE INTO Genes (Nombre) VALUES ('CBR1-AS1');
INSERT INTO Enfermedad_has_Genes (Enfermedad_idEnfermedad, Genes_Nombre) VALUES ('GRCh38/hg38 21p11.2-q22.3(chr21:7749532-46670405)x3', 'CBR1-AS1');
INSERT IGNORE INTO Genes (Nombre) VALUES ('CBR3');
INSERT INTO Enfermedad_has_Genes (Enfermedad_idEnfermedad, Genes_Nombre) VALUES ('GRCh38/hg38 21p11.2-q22.3(chr21:7749532-46670405)x3', 'CBR3');
INSERT IGNORE INTO Genes (Nombre) VALUES ('CBR3-AS1');
INSERT INTO Enfermedad_has_Genes (Enfermedad_idEnfermedad, Genes_Nombre) VALUES ('GRCh38/hg38 21p11.2-q22.3(chr21:7749532-46670405)x3', 'CBR3-AS1');
INSERT IGNORE INTO Genes (Nombre) VALUES ('CBS');
INSERT INTO Enfermedad_has_Genes (Enfermedad_idEnfermedad, Genes_Nombre) VALUES ('GRCh38/hg38 21p11.2-q22.3(chr21:7749532-46670405)x3', 'CBS');
INSERT IGNORE INTO Genes (Nombre) VALUES ('CCT8');
INSERT INTO Enfermedad_has_Genes (Enfermedad_idEnfermedad, Genes_Nombre) VALUES ('GRCh38/hg38 21p11.2-q22.3(chr21:7749532-46670405)x3', 'CCT8');
INSERT IGNORE INTO Genes (Nombre) VALUES ('CFAP298');
INSERT INTO Enfermedad_has_Genes (Enfermedad_idEnfermedad, Genes_Nombre) VALUES ('GRCh38/hg38 21p11.2-q22.3(chr21:7749532-46670405)x3', 'CFAP298');
INSERT IGNORE INTO Genes (Nombre) VALUES ('CFAP298-TCP10L');
INSERT INTO Enfermedad_has_Genes (Enfermedad_idEnfermedad, Genes_Nombre) VALUES ('GRCh38/hg38 21p11.2-q22.3(chr21:7749532-46670405)x3', 'CFAP298-TCP10L');
INSERT IGNORE INTO Genes (Nombre) VALUES ('CFAP410');
INSERT INTO Enfermedad_has_Genes (Enfermedad_idEnfermedad, Genes_Nombre) VALUES ('GRCh38/hg38 21p11.2-q22.3(chr21:7749532-46670405)x3', 'CFAP410');
INSERT IGNORE INTO Genes (Nombre) VALUES ('CHAF1B');
INSERT INTO Enfermedad_has_Genes (Enfermedad_idEnfermedad, Genes_Nombre) VALUES ('GRCh38/hg38 21p11.2-q22.3(chr21:7749532-46670405)x3', 'CHAF1B');
INSERT IGNORE INTO Genes (Nombre) VALUES ('CHODL');
INSERT INTO Enfermedad_has_Genes (Enfermedad_idEnfermedad, Genes_Nombre) VALUES ('GRCh38/hg38 21p11.2-q22.3(chr21:7749532-46670405)x3', 'CHODL');
INSERT IGNORE INTO Genes (Nombre) VALUES ('CHODL-AS1');
INSERT INTO Enfermedad_has_Genes (Enfermedad_idEnfermedad, Genes_Nombre) VALUES ('GRCh38/hg38 21p11.2-q22.3(chr21:7749532-46670405)x3', 'CHODL-AS1');
INSERT IGNORE INTO Genes (Nombre) VALUES ('CLDN14');
INSERT INTO Enfermedad_has_Genes (Enfermedad_idEnfermedad, Genes_Nombre) VALUES ('GRCh38/hg38 21p11.2-q22.3(chr21:7749532-46670405)x3', 'CLDN14');
INSERT IGNORE INTO Genes (Nombre) VALUES ('CLDN14-AS1');
INSERT INTO Enfermedad_has_Genes (Enfermedad_idEnfermedad, Genes_Nombre) VALUES ('GRCh38/hg38 21p11.2-q22.3(chr21:7749532-46670405)x3', 'CLDN14-AS1');
INSERT IGNORE INTO Genes (Nombre) VALUES ('CLDN17');
INSERT INTO Enfermedad_has_Genes (Enfermedad_idEnfermedad, Genes_Nombre) VALUES ('GRCh38/hg38 21p11.2-q22.3(chr21:7749532-46670405)x3', 'CLDN17');
INSERT IGNORE INTO Genes (Nombre) VALUES ('CLDN8');
INSERT INTO Enfermedad_has_Genes (Enfermedad_idEnfermedad, Genes_Nombre) VALUES ('GRCh38/hg38 21p11.2-q22.3(chr21:7749532-46670405)x3', 'CLDN8');
INSERT IGNORE INTO Genes (Nombre) VALUES ('CLIC6');
INSERT INTO Enfermedad_has_Genes (Enfermedad_idEnfermedad, Genes_Nombre) VALUES ('GRCh38/hg38 21p11.2-q22.3(chr21:7749532-46670405)x3', 'CLIC6');
INSERT IGNORE INTO Genes (Nombre) VALUES ('COL18A1');
INSERT INTO Enfermedad_has_Genes (Enfermedad_idEnfermedad, Genes_Nombre) VALUES ('GRCh38/hg38 21p11.2-q22.3(chr21:7749532-46670405)x3', 'COL18A1');
INSERT IGNORE INTO Genes (Nombre) VALUES ('COL18A1-AS1');
INSERT INTO Enfermedad_has_Genes (Enfermedad_idEnfermedad, Genes_Nombre) VALUES ('GRCh38/hg38 21p11.2-q22.3(chr21:7749532-46670405)x3', 'COL18A1-AS1');
INSERT IGNORE INTO Genes (Nombre) VALUES ('COL18A1-AS2');
INSERT INTO Enfermedad_has_Genes (Enfermedad_idEnfermedad, Genes_Nombre) VALUES ('GRCh38/hg38 21p11.2-q22.3(chr21:7749532-46670405)x3', 'COL18A1-AS2');
INSERT IGNORE INTO Genes (Nombre) VALUES ('COL6A1');
INSERT INTO Enfermedad_has_Genes (Enfermedad_idEnfermedad, Genes_Nombre) VALUES ('GRCh38/hg38 21p11.2-q22.3(chr21:7749532-46670405)x3', 'COL6A1');
INSERT IGNORE INTO Genes (Nombre) VALUES ('COL6A2');
INSERT INTO Enfermedad_has_Genes (Enfermedad_idEnfermedad, Genes_Nombre) VALUES ('GRCh38/hg38 21p11.2-q22.3(chr21:7749532-46670405)x3', 'COL6A2');
INSERT IGNORE INTO Genes (Nombre) VALUES ('CRYAA');
INSERT INTO Enfermedad_has_Genes (Enfermedad_idEnfermedad, Genes_Nombre) VALUES ('GRCh38/hg38 21p11.2-q22.3(chr21:7749532-46670405)x3', 'CRYAA');
INSERT IGNORE INTO Genes (Nombre) VALUES ('CRYZL1');
INSERT INTO Enfermedad_has_Genes (Enfermedad_idEnfermedad, Genes_Nombre) VALUES ('GRCh38/hg38 21p11.2-q22.3(chr21:7749532-46670405)x3', 'CRYZL1');
INSERT IGNORE INTO Genes (Nombre) VALUES ('CSTB');
INSERT INTO Enfermedad_has_Genes (Enfermedad_idEnfermedad, Genes_Nombre) VALUES ('GRCh38/hg38 21p11.2-q22.3(chr21:7749532-46670405)x3', 'CSTB');
INSERT IGNORE INTO Genes (Nombre) VALUES ('CXADR');
INSERT INTO Enfermedad_has_Genes (Enfermedad_idEnfermedad, Genes_Nombre) VALUES ('GRCh38/hg38 21p11.2-q22.3(chr21:7749532-46670405)x3', 'CXADR');
INSERT IGNORE INTO Genes (Nombre) VALUES ('CYYR1');
INSERT INTO Enfermedad_has_Genes (Enfermedad_idEnfermedad, Genes_Nombre) VALUES ('GRCh38/hg38 21p11.2-q22.3(chr21:7749532-46670405)x3', 'CYYR1');
INSERT IGNORE INTO Genes (Nombre) VALUES ('CYYR1-AS1');
INSERT INTO Enfermedad_has_Genes (Enfermedad_idEnfermedad, Genes_Nombre) VALUES ('GRCh38/hg38 21p11.2-q22.3(chr21:7749532-46670405)x3', 'CYYR1-AS1');
INSERT IGNORE INTO Genes (Nombre) VALUES ('D21S2088E');
INSERT INTO Enfermedad_has_Genes (Enfermedad_idEnfermedad, Genes_Nombre) VALUES ('GRCh38/hg38 21p11.2-q22.3(chr21:7749532-46670405)x3', 'D21S2088E');
INSERT IGNORE INTO Genes (Nombre) VALUES ('DIP2A');
INSERT INTO Enfermedad_has_Genes (Enfermedad_idEnfermedad, Genes_Nombre) VALUES ('GRCh38/hg38 21p11.2-q22.3(chr21:7749532-46670405)x3', 'DIP2A');
INSERT IGNORE INTO Genes (Nombre) VALUES ('DIP2A-IT1');
INSERT INTO Enfermedad_has_Genes (Enfermedad_idEnfermedad, Genes_Nombre) VALUES ('GRCh38/hg38 21p11.2-q22.3(chr21:7749532-46670405)x3', 'DIP2A-IT1');
INSERT IGNORE INTO Genes (Nombre) VALUES ('DNAJC28');
INSERT INTO Enfermedad_has_Genes (Enfermedad_idEnfermedad, Genes_Nombre) VALUES ('GRCh38/hg38 21p11.2-q22.3(chr21:7749532-46670405)x3', 'DNAJC28');
INSERT IGNORE INTO Genes (Nombre) VALUES ('DNMT3L');
INSERT INTO Enfermedad_has_Genes (Enfermedad_idEnfermedad, Genes_Nombre) VALUES ('GRCh38/hg38 21p11.2-q22.3(chr21:7749532-46670405)x3', 'DNMT3L');
INSERT IGNORE INTO Genes (Nombre) VALUES ('DNMT3L-AS1');
INSERT INTO Enfermedad_has_Genes (Enfermedad_idEnfermedad, Genes_Nombre) VALUES ('GRCh38/hg38 21p11.2-q22.3(chr21:7749532-46670405)x3', 'DNMT3L-AS1');
INSERT IGNORE INTO Genes (Nombre) VALUES ('DONSON');
INSERT INTO Enfermedad_has_Genes (Enfermedad_idEnfermedad, Genes_Nombre) VALUES ('GRCh38/hg38 21p11.2-q22.3(chr21:7749532-46670405)x3', 'DONSON');
INSERT IGNORE INTO Genes (Nombre) VALUES ('DOP1B');
INSERT INTO Enfermedad_has_Genes (Enfermedad_idEnfermedad, Genes_Nombre) VALUES ('GRCh38/hg38 21p11.2-q22.3(chr21:7749532-46670405)x3', 'DOP1B');
INSERT IGNORE INTO Genes (Nombre) VALUES ('DSCAM');
INSERT INTO Enfermedad_has_Genes (Enfermedad_idEnfermedad, Genes_Nombre) VALUES ('GRCh38/hg38 21p11.2-q22.3(chr21:7749532-46670405)x3', 'DSCAM');
INSERT IGNORE INTO Genes (Nombre) VALUES ('DSCAM-AS1');
INSERT INTO Enfermedad_has_Genes (Enfermedad_idEnfermedad, Genes_Nombre) VALUES ('GRCh38/hg38 21p11.2-q22.3(chr21:7749532-46670405)x3', 'DSCAM-AS1');
INSERT IGNORE INTO Genes (Nombre) VALUES ('DSCAM-IT1');
INSERT INTO Enfermedad_has_Genes (Enfermedad_idEnfermedad, Genes_Nombre) VALUES ('GRCh38/hg38 21p11.2-q22.3(chr21:7749532-46670405)x3', 'DSCAM-IT1');
INSERT IGNORE INTO Genes (Nombre) VALUES ('DSCR10');
INSERT INTO Enfermedad_has_Genes (Enfermedad_idEnfermedad, Genes_Nombre) VALUES ('GRCh38/hg38 21p11.2-q22.3(chr21:7749532-46670405)x3', 'DSCR10');
INSERT IGNORE INTO Genes (Nombre) VALUES ('DSCR4');
INSERT INTO Enfermedad_has_Genes (Enfermedad_idEnfermedad, Genes_Nombre) VALUES ('GRCh38/hg38 21p11.2-q22.3(chr21:7749532-46670405)x3', 'DSCR4');
INSERT IGNORE INTO Genes (Nombre) VALUES ('DSCR8');
INSERT INTO Enfermedad_has_Genes (Enfermedad_idEnfermedad, Genes_Nombre) VALUES ('GRCh38/hg38 21p11.2-q22.3(chr21:7749532-46670405)x3', 'DSCR8');
INSERT IGNORE INTO Genes (Nombre) VALUES ('DSCR9');
INSERT INTO Enfermedad_has_Genes (Enfermedad_idEnfermedad, Genes_Nombre) VALUES ('GRCh38/hg38 21p11.2-q22.3(chr21:7749532-46670405)x3', 'DSCR9');
INSERT IGNORE INTO Genes (Nombre) VALUES ('DYRK1A');
INSERT INTO Enfermedad_has_Genes (Enfermedad_idEnfermedad, Genes_Nombre) VALUES ('GRCh38/hg38 21p11.2-q22.3(chr21:7749532-46670405)x3', 'DYRK1A');
INSERT IGNORE INTO Genes (Nombre) VALUES ('ERG');
INSERT INTO Enfermedad_has_Genes (Enfermedad_idEnfermedad, Genes_Nombre) VALUES ('GRCh38/hg38 21p11.2-q22.3(chr21:7749532-46670405)x3', 'ERG');
INSERT IGNORE INTO Genes (Nombre) VALUES ('ERVH48-1');
INSERT INTO Enfermedad_has_Genes (Enfermedad_idEnfermedad, Genes_Nombre) VALUES ('GRCh38/hg38 21p11.2-q22.3(chr21:7749532-46670405)x3', 'ERVH48-1');
INSERT IGNORE INTO Genes (Nombre) VALUES ('ETS2');
INSERT INTO Enfermedad_has_Genes (Enfermedad_idEnfermedad, Genes_Nombre) VALUES ('GRCh38/hg38 21p11.2-q22.3(chr21:7749532-46670405)x3', 'ETS2');
INSERT IGNORE INTO Genes (Nombre) VALUES ('EVA1C');
INSERT INTO Enfermedad_has_Genes (Enfermedad_idEnfermedad, Genes_Nombre) VALUES ('GRCh38/hg38 21p11.2-q22.3(chr21:7749532-46670405)x3', 'EVA1C');
INSERT IGNORE INTO Genes (Nombre) VALUES ('FAM3B');
INSERT INTO Enfermedad_has_Genes (Enfermedad_idEnfermedad, Genes_Nombre) VALUES ('GRCh38/hg38 21p11.2-q22.3(chr21:7749532-46670405)x3', 'FAM3B');
INSERT IGNORE INTO Genes (Nombre) VALUES ('FRGCA');
INSERT INTO Enfermedad_has_Genes (Enfermedad_idEnfermedad, Genes_Nombre) VALUES ('GRCh38/hg38 21p11.2-q22.3(chr21:7749532-46670405)x3', 'FRGCA');
INSERT IGNORE INTO Genes (Nombre) VALUES ('FTCD');
INSERT INTO Enfermedad_has_Genes (Enfermedad_idEnfermedad, Genes_Nombre) VALUES ('GRCh38/hg38 21p11.2-q22.3(chr21:7749532-46670405)x3', 'FTCD');
INSERT IGNORE INTO Genes (Nombre) VALUES ('FTCD-AS1');
INSERT INTO Enfermedad_has_Genes (Enfermedad_idEnfermedad, Genes_Nombre) VALUES ('GRCh38/hg38 21p11.2-q22.3(chr21:7749532-46670405)x3', 'FTCD-AS1');
INSERT IGNORE INTO Genes (Nombre) VALUES ('GABPA');
INSERT INTO Enfermedad_has_Genes (Enfermedad_idEnfermedad, Genes_Nombre) VALUES ('GRCh38/hg38 21p11.2-q22.3(chr21:7749532-46670405)x3', 'GABPA');
INSERT IGNORE INTO Genes (Nombre) VALUES ('GART');
INSERT INTO Enfermedad_has_Genes (Enfermedad_idEnfermedad, Genes_Nombre) VALUES ('GRCh38/hg38 21p11.2-q22.3(chr21:7749532-46670405)x3', 'GART');
INSERT IGNORE INTO Genes (Nombre) VALUES ('GATD3');
INSERT INTO Enfermedad_has_Genes (Enfermedad_idEnfermedad, Genes_Nombre) VALUES ('GRCh38/hg38 21p11.2-q22.3(chr21:7749532-46670405)x3', 'GATD3');
INSERT IGNORE INTO Genes (Nombre) VALUES ('GET1');
INSERT INTO Enfermedad_has_Genes (Enfermedad_idEnfermedad, Genes_Nombre) VALUES ('GRCh38/hg38 21p11.2-q22.3(chr21:7749532-46670405)x3', 'GET1');
INSERT IGNORE INTO Genes (Nombre) VALUES ('GET1-SH3BGR');
INSERT INTO Enfermedad_has_Genes (Enfermedad_idEnfermedad, Genes_Nombre) VALUES ('GRCh38/hg38 21p11.2-q22.3(chr21:7749532-46670405)x3', 'GET1-SH3BGR');
INSERT IGNORE INTO Genes (Nombre) VALUES ('GRIK1');
INSERT INTO Enfermedad_has_Genes (Enfermedad_idEnfermedad, Genes_Nombre) VALUES ('GRCh38/hg38 21p11.2-q22.3(chr21:7749532-46670405)x3', 'GRIK1');
INSERT IGNORE INTO Genes (Nombre) VALUES ('GRIK1-AS1');
INSERT INTO Enfermedad_has_Genes (Enfermedad_idEnfermedad, Genes_Nombre) VALUES ('GRCh38/hg38 21p11.2-q22.3(chr21:7749532-46670405)x3', 'GRIK1-AS1');
INSERT IGNORE INTO Genes (Nombre) VALUES ('GRIK1-AS2');
INSERT INTO Enfermedad_has_Genes (Enfermedad_idEnfermedad, Genes_Nombre) VALUES ('GRCh38/hg38 21p11.2-q22.3(chr21:7749532-46670405)x3', 'GRIK1-AS2');
INSERT IGNORE INTO Genes (Nombre) VALUES ('H2BC12L');
INSERT INTO Enfermedad_has_Genes (Enfermedad_idEnfermedad, Genes_Nombre) VALUES ('GRCh38/hg38 21p11.2-q22.3(chr21:7749532-46670405)x3', 'H2BC12L');
INSERT IGNORE INTO Genes (Nombre) VALUES ('HLCS');
INSERT INTO Enfermedad_has_Genes (Enfermedad_idEnfermedad, Genes_Nombre) VALUES ('GRCh38/hg38 21p11.2-q22.3(chr21:7749532-46670405)x3', 'HLCS');
INSERT IGNORE INTO Genes (Nombre) VALUES ('HLCS-AS1');
INSERT INTO Enfermedad_has_Genes (Enfermedad_idEnfermedad, Genes_Nombre) VALUES ('GRCh38/hg38 21p11.2-q22.3(chr21:7749532-46670405)x3', 'HLCS-AS1');
INSERT IGNORE INTO Genes (Nombre) VALUES ('HMGN1');
INSERT INTO Enfermedad_has_Genes (Enfermedad_idEnfermedad, Genes_Nombre) VALUES ('GRCh38/hg38 21p11.2-q22.3(chr21:7749532-46670405)x3', 'HMGN1');
INSERT IGNORE INTO Genes (Nombre) VALUES ('HSF2BP');
INSERT INTO Enfermedad_has_Genes (Enfermedad_idEnfermedad, Genes_Nombre) VALUES ('GRCh38/hg38 21p11.2-q22.3(chr21:7749532-46670405)x3', 'HSF2BP');
INSERT IGNORE INTO Genes (Nombre) VALUES ('HSPA13');
INSERT INTO Enfermedad_has_Genes (Enfermedad_idEnfermedad, Genes_Nombre) VALUES ('GRCh38/hg38 21p11.2-q22.3(chr21:7749532-46670405)x3', 'HSPA13');
INSERT IGNORE INTO Genes (Nombre) VALUES ('HUNK');
INSERT INTO Enfermedad_has_Genes (Enfermedad_idEnfermedad, Genes_Nombre) VALUES ('GRCh38/hg38 21p11.2-q22.3(chr21:7749532-46670405)x3', 'HUNK');
INSERT IGNORE INTO Genes (Nombre) VALUES ('ICOSLG');
INSERT INTO Enfermedad_has_Genes (Enfermedad_idEnfermedad, Genes_Nombre) VALUES ('GRCh38/hg38 21p11.2-q22.3(chr21:7749532-46670405)x3', 'ICOSLG');
INSERT IGNORE INTO Genes (Nombre) VALUES ('IFNAR1');
INSERT INTO Enfermedad_has_Genes (Enfermedad_idEnfermedad, Genes_Nombre) VALUES ('GRCh38/hg38 21p11.2-q22.3(chr21:7749532-46670405)x3', 'IFNAR1');
INSERT IGNORE INTO Genes (Nombre) VALUES ('IFNAR2');
INSERT INTO Enfermedad_has_Genes (Enfermedad_idEnfermedad, Genes_Nombre) VALUES ('GRCh38/hg38 21p11.2-q22.3(chr21:7749532-46670405)x3', 'IFNAR2');
INSERT IGNORE INTO Genes (Nombre) VALUES ('IFNGR2');
INSERT INTO Enfermedad_has_Genes (Enfermedad_idEnfermedad, Genes_Nombre) VALUES ('GRCh38/hg38 21p11.2-q22.3(chr21:7749532-46670405)x3', 'IFNGR2');
INSERT IGNORE INTO Genes (Nombre) VALUES ('IGSF5');
INSERT INTO Enfermedad_has_Genes (Enfermedad_idEnfermedad, Genes_Nombre) VALUES ('GRCh38/hg38 21p11.2-q22.3(chr21:7749532-46670405)x3', 'IGSF5');
INSERT IGNORE INTO Genes (Nombre) VALUES ('IL10RB');
INSERT INTO Enfermedad_has_Genes (Enfermedad_idEnfermedad, Genes_Nombre) VALUES ('GRCh38/hg38 21p11.2-q22.3(chr21:7749532-46670405)x3', 'IL10RB');
INSERT IGNORE INTO Genes (Nombre) VALUES ('IL10RB-DT');
INSERT INTO Enfermedad_has_Genes (Enfermedad_idEnfermedad, Genes_Nombre) VALUES ('GRCh38/hg38 21p11.2-q22.3(chr21:7749532-46670405)x3', 'IL10RB-DT');
INSERT IGNORE INTO Genes (Nombre) VALUES ('ITGB2');
INSERT INTO Enfermedad_has_Genes (Enfermedad_idEnfermedad, Genes_Nombre) VALUES ('GRCh38/hg38 21p11.2-q22.3(chr21:7749532-46670405)x3', 'ITGB2');
INSERT IGNORE INTO Genes (Nombre) VALUES ('ITGB2-AS1');
INSERT INTO Enfermedad_has_Genes (Enfermedad_idEnfermedad, Genes_Nombre) VALUES ('GRCh38/hg38 21p11.2-q22.3(chr21:7749532-46670405)x3', 'ITGB2-AS1');
INSERT IGNORE INTO Genes (Nombre) VALUES ('ITSN1');
INSERT INTO Enfermedad_has_Genes (Enfermedad_idEnfermedad, Genes_Nombre) VALUES ('GRCh38/hg38 21p11.2-q22.3(chr21:7749532-46670405)x3', 'ITSN1');
INSERT IGNORE INTO Genes (Nombre) VALUES ('JAM2');
INSERT INTO Enfermedad_has_Genes (Enfermedad_idEnfermedad, Genes_Nombre) VALUES ('GRCh38/hg38 21p11.2-q22.3(chr21:7749532-46670405)x3', 'JAM2');
INSERT IGNORE INTO Genes (Nombre) VALUES ('KCNE1');
INSERT INTO Enfermedad_has_Genes (Enfermedad_idEnfermedad, Genes_Nombre) VALUES ('GRCh38/hg38 21p11.2-q22.3(chr21:7749532-46670405)x3', 'KCNE1');
INSERT IGNORE INTO Genes (Nombre) VALUES ('KCNE2');
INSERT INTO Enfermedad_has_Genes (Enfermedad_idEnfermedad, Genes_Nombre) VALUES ('GRCh38/hg38 21p11.2-q22.3(chr21:7749532-46670405)x3', 'KCNE2');
INSERT IGNORE INTO Genes (Nombre) VALUES ('KCNJ15');
INSERT INTO Enfermedad_has_Genes (Enfermedad_idEnfermedad, Genes_Nombre) VALUES ('GRCh38/hg38 21p11.2-q22.3(chr21:7749532-46670405)x3', 'KCNJ15');
INSERT IGNORE INTO Genes (Nombre) VALUES ('KCNJ6');
INSERT INTO Enfermedad_has_Genes (Enfermedad_idEnfermedad, Genes_Nombre) VALUES ('GRCh38/hg38 21p11.2-q22.3(chr21:7749532-46670405)x3', 'KCNJ6');
INSERT IGNORE INTO Genes (Nombre) VALUES ('KCNJ6-AS1');
INSERT INTO Enfermedad_has_Genes (Enfermedad_idEnfermedad, Genes_Nombre) VALUES ('GRCh38/hg38 21p11.2-q22.3(chr21:7749532-46670405)x3', 'KCNJ6-AS1');
INSERT IGNORE INTO Genes (Nombre) VALUES ('KRTAP10-1');
INSERT INTO Enfermedad_has_Genes (Enfermedad_idEnfermedad, Genes_Nombre) VALUES ('GRCh38/hg38 21p11.2-q22.3(chr21:7749532-46670405)x3', 'KRTAP10-1');
INSERT IGNORE INTO Genes (Nombre) VALUES ('KRTAP10-10');
INSERT INTO Enfermedad_has_Genes (Enfermedad_idEnfermedad, Genes_Nombre) VALUES ('GRCh38/hg38 21p11.2-q22.3(chr21:7749532-46670405)x3', 'KRTAP10-10');
INSERT IGNORE INTO Genes (Nombre) VALUES ('KRTAP10-11');
INSERT INTO Enfermedad_has_Genes (Enfermedad_idEnfermedad, Genes_Nombre) VALUES ('GRCh38/hg38 21p11.2-q22.3(chr21:7749532-46670405)x3', 'KRTAP10-11');
INSERT IGNORE INTO Genes (Nombre) VALUES ('KRTAP10-12');
INSERT INTO Enfermedad_has_Genes (Enfermedad_idEnfermedad, Genes_Nombre) VALUES ('GRCh38/hg38 21p11.2-q22.3(chr21:7749532-46670405)x3', 'KRTAP10-12');
INSERT IGNORE INTO Genes (Nombre) VALUES ('KRTAP10-2');
INSERT INTO Enfermedad_has_Genes (Enfermedad_idEnfermedad, Genes_Nombre) VALUES ('GRCh38/hg38 21p11.2-q22.3(chr21:7749532-46670405)x3', 'KRTAP10-2');
INSERT IGNORE INTO Genes (Nombre) VALUES ('KRTAP10-3');
INSERT INTO Enfermedad_has_Genes (Enfermedad_idEnfermedad, Genes_Nombre) VALUES ('GRCh38/hg38 21p11.2-q22.3(chr21:7749532-46670405)x3', 'KRTAP10-3');
INSERT IGNORE INTO Genes (Nombre) VALUES ('KRTAP10-4');
INSERT INTO Enfermedad_has_Genes (Enfermedad_idEnfermedad, Genes_Nombre) VALUES ('GRCh38/hg38 21p11.2-q22.3(chr21:7749532-46670405)x3', 'KRTAP10-4');
INSERT IGNORE INTO Genes (Nombre) VALUES ('KRTAP10-5');
INSERT INTO Enfermedad_has_Genes (Enfermedad_idEnfermedad, Genes_Nombre) VALUES ('GRCh38/hg38 21p11.2-q22.3(chr21:7749532-46670405)x3', 'KRTAP10-5');
INSERT IGNORE INTO Genes (Nombre) VALUES ('KRTAP10-6');
INSERT INTO Enfermedad_has_Genes (Enfermedad_idEnfermedad, Genes_Nombre) VALUES ('GRCh38/hg38 21p11.2-q22.3(chr21:7749532-46670405)x3', 'KRTAP10-6');
INSERT IGNORE INTO Genes (Nombre) VALUES ('KRTAP10-7');
INSERT INTO Enfermedad_has_Genes (Enfermedad_idEnfermedad, Genes_Nombre) VALUES ('GRCh38/hg38 21p11.2-q22.3(chr21:7749532-46670405)x3', 'KRTAP10-7');
INSERT IGNORE INTO Genes (Nombre) VALUES ('KRTAP10-8');
INSERT INTO Enfermedad_has_Genes (Enfermedad_idEnfermedad, Genes_Nombre) VALUES ('GRCh38/hg38 21p11.2-q22.3(chr21:7749532-46670405)x3', 'KRTAP10-8');
INSERT IGNORE INTO Genes (Nombre) VALUES ('KRTAP10-9');
INSERT INTO Enfermedad_has_Genes (Enfermedad_idEnfermedad, Genes_Nombre) VALUES ('GRCh38/hg38 21p11.2-q22.3(chr21:7749532-46670405)x3', 'KRTAP10-9');
INSERT IGNORE INTO Genes (Nombre) VALUES ('KRTAP11-1');
INSERT INTO Enfermedad_has_Genes (Enfermedad_idEnfermedad, Genes_Nombre) VALUES ('GRCh38/hg38 21p11.2-q22.3(chr21:7749532-46670405)x3', 'KRTAP11-1');
INSERT IGNORE INTO Genes (Nombre) VALUES ('KRTAP12-1');
INSERT INTO Enfermedad_has_Genes (Enfermedad_idEnfermedad, Genes_Nombre) VALUES ('GRCh38/hg38 21p11.2-q22.3(chr21:7749532-46670405)x3', 'KRTAP12-1');
INSERT IGNORE INTO Genes (Nombre) VALUES ('KRTAP12-2');
INSERT INTO Enfermedad_has_Genes (Enfermedad_idEnfermedad, Genes_Nombre) VALUES ('GRCh38/hg38 21p11.2-q22.3(chr21:7749532-46670405)x3', 'KRTAP12-2');
INSERT IGNORE INTO Genes (Nombre) VALUES ('KRTAP12-3');
INSERT INTO Enfermedad_has_Genes (Enfermedad_idEnfermedad, Genes_Nombre) VALUES ('GRCh38/hg38 21p11.2-q22.3(chr21:7749532-46670405)x3', 'KRTAP12-3');
INSERT IGNORE INTO Genes (Nombre) VALUES ('KRTAP12-4');
INSERT INTO Enfermedad_has_Genes (Enfermedad_idEnfermedad, Genes_Nombre) VALUES ('GRCh38/hg38 21p11.2-q22.3(chr21:7749532-46670405)x3', 'KRTAP12-4');
INSERT IGNORE INTO Genes (Nombre) VALUES ('KRTAP13-1');
INSERT INTO Enfermedad_has_Genes (Enfermedad_idEnfermedad, Genes_Nombre) VALUES ('GRCh38/hg38 21p11.2-q22.3(chr21:7749532-46670405)x3', 'KRTAP13-1');
INSERT IGNORE INTO Genes (Nombre) VALUES ('KRTAP13-2');
INSERT INTO Enfermedad_has_Genes (Enfermedad_idEnfermedad, Genes_Nombre) VALUES ('GRCh38/hg38 21p11.2-q22.3(chr21:7749532-46670405)x3', 'KRTAP13-2');
INSERT IGNORE INTO Genes (Nombre) VALUES ('KRTAP13-3');
INSERT INTO Enfermedad_has_Genes (Enfermedad_idEnfermedad, Genes_Nombre) VALUES ('GRCh38/hg38 21p11.2-q22.3(chr21:7749532-46670405)x3', 'KRTAP13-3');
INSERT IGNORE INTO Genes (Nombre) VALUES ('KRTAP13-4');
INSERT INTO Enfermedad_has_Genes (Enfermedad_idEnfermedad, Genes_Nombre) VALUES ('GRCh38/hg38 21p11.2-q22.3(chr21:7749532-46670405)x3', 'KRTAP13-4');
INSERT IGNORE INTO Genes (Nombre) VALUES ('KRTAP15-1');
INSERT INTO Enfermedad_has_Genes (Enfermedad_idEnfermedad, Genes_Nombre) VALUES ('GRCh38/hg38 21p11.2-q22.3(chr21:7749532-46670405)x3', 'KRTAP15-1');
INSERT IGNORE INTO Genes (Nombre) VALUES ('KRTAP19-1');
INSERT INTO Enfermedad_has_Genes (Enfermedad_idEnfermedad, Genes_Nombre) VALUES ('GRCh38/hg38 21p11.2-q22.3(chr21:7749532-46670405)x3', 'KRTAP19-1');
INSERT IGNORE INTO Genes (Nombre) VALUES ('KRTAP19-2');
INSERT INTO Enfermedad_has_Genes (Enfermedad_idEnfermedad, Genes_Nombre) VALUES ('GRCh38/hg38 21p11.2-q22.3(chr21:7749532-46670405)x3', 'KRTAP19-2');
INSERT IGNORE INTO Genes (Nombre) VALUES ('KRTAP19-3');
INSERT INTO Enfermedad_has_Genes (Enfermedad_idEnfermedad, Genes_Nombre) VALUES ('GRCh38/hg38 21p11.2-q22.3(chr21:7749532-46670405)x3', 'KRTAP19-3');
INSERT IGNORE INTO Genes (Nombre) VALUES ('KRTAP19-4');
INSERT INTO Enfermedad_has_Genes (Enfermedad_idEnfermedad, Genes_Nombre) VALUES ('GRCh38/hg38 21p11.2-q22.3(chr21:7749532-46670405)x3', 'KRTAP19-4');
INSERT IGNORE INTO Genes (Nombre) VALUES ('KRTAP19-5');
INSERT INTO Enfermedad_has_Genes (Enfermedad_idEnfermedad, Genes_Nombre) VALUES ('GRCh38/hg38 21p11.2-q22.3(chr21:7749532-46670405)x3', 'KRTAP19-5');
INSERT IGNORE INTO Genes (Nombre) VALUES ('KRTAP19-6');
INSERT INTO Enfermedad_has_Genes (Enfermedad_idEnfermedad, Genes_Nombre) VALUES ('GRCh38/hg38 21p11.2-q22.3(chr21:7749532-46670405)x3', 'KRTAP19-6');
INSERT IGNORE INTO Genes (Nombre) VALUES ('KRTAP19-7');
INSERT INTO Enfermedad_has_Genes (Enfermedad_idEnfermedad, Genes_Nombre) VALUES ('GRCh38/hg38 21p11.2-q22.3(chr21:7749532-46670405)x3', 'KRTAP19-7');
INSERT IGNORE INTO Genes (Nombre) VALUES ('KRTAP19-8');
INSERT INTO Enfermedad_has_Genes (Enfermedad_idEnfermedad, Genes_Nombre) VALUES ('GRCh38/hg38 21p11.2-q22.3(chr21:7749532-46670405)x3', 'KRTAP19-8');
INSERT IGNORE INTO Genes (Nombre) VALUES ('KRTAP20-1');
INSERT INTO Enfermedad_has_Genes (Enfermedad_idEnfermedad, Genes_Nombre) VALUES ('GRCh38/hg38 21p11.2-q22.3(chr21:7749532-46670405)x3', 'KRTAP20-1');
INSERT IGNORE INTO Genes (Nombre) VALUES ('KRTAP20-2');
INSERT INTO Enfermedad_has_Genes (Enfermedad_idEnfermedad, Genes_Nombre) VALUES ('GRCh38/hg38 21p11.2-q22.3(chr21:7749532-46670405)x3', 'KRTAP20-2');
INSERT IGNORE INTO Genes (Nombre) VALUES ('KRTAP20-3');
INSERT INTO Enfermedad_has_Genes (Enfermedad_idEnfermedad, Genes_Nombre) VALUES ('GRCh38/hg38 21p11.2-q22.3(chr21:7749532-46670405)x3', 'KRTAP20-3');
INSERT IGNORE INTO Genes (Nombre) VALUES ('KRTAP20-4');
INSERT INTO Enfermedad_has_Genes (Enfermedad_idEnfermedad, Genes_Nombre) VALUES ('GRCh38/hg38 21p11.2-q22.3(chr21:7749532-46670405)x3', 'KRTAP20-4');
INSERT IGNORE INTO Genes (Nombre) VALUES ('KRTAP21-1');
INSERT INTO Enfermedad_has_Genes (Enfermedad_idEnfermedad, Genes_Nombre) VALUES ('GRCh38/hg38 21p11.2-q22.3(chr21:7749532-46670405)x3', 'KRTAP21-1');
INSERT IGNORE INTO Genes (Nombre) VALUES ('KRTAP21-2');
INSERT INTO Enfermedad_has_Genes (Enfermedad_idEnfermedad, Genes_Nombre) VALUES ('GRCh38/hg38 21p11.2-q22.3(chr21:7749532-46670405)x3', 'KRTAP21-2');
INSERT IGNORE INTO Genes (Nombre) VALUES ('KRTAP21-3');
INSERT INTO Enfermedad_has_Genes (Enfermedad_idEnfermedad, Genes_Nombre) VALUES ('GRCh38/hg38 21p11.2-q22.3(chr21:7749532-46670405)x3', 'KRTAP21-3');
INSERT IGNORE INTO Genes (Nombre) VALUES ('KRTAP22-1');
INSERT INTO Enfermedad_has_Genes (Enfermedad_idEnfermedad, Genes_Nombre) VALUES ('GRCh38/hg38 21p11.2-q22.3(chr21:7749532-46670405)x3', 'KRTAP22-1');
INSERT IGNORE INTO Genes (Nombre) VALUES ('KRTAP22-2');
INSERT INTO Enfermedad_has_Genes (Enfermedad_idEnfermedad, Genes_Nombre) VALUES ('GRCh38/hg38 21p11.2-q22.3(chr21:7749532-46670405)x3', 'KRTAP22-2');
INSERT IGNORE INTO Genes (Nombre) VALUES ('KRTAP23-1');
INSERT INTO Enfermedad_has_Genes (Enfermedad_idEnfermedad, Genes_Nombre) VALUES ('GRCh38/hg38 21p11.2-q22.3(chr21:7749532-46670405)x3', 'KRTAP23-1');
INSERT IGNORE INTO Genes (Nombre) VALUES ('KRTAP24-1');
INSERT INTO Enfermedad_has_Genes (Enfermedad_idEnfermedad, Genes_Nombre) VALUES ('GRCh38/hg38 21p11.2-q22.3(chr21:7749532-46670405)x3', 'KRTAP24-1');
INSERT IGNORE INTO Genes (Nombre) VALUES ('KRTAP25-1');
INSERT INTO Enfermedad_has_Genes (Enfermedad_idEnfermedad, Genes_Nombre) VALUES ('GRCh38/hg38 21p11.2-q22.3(chr21:7749532-46670405)x3', 'KRTAP25-1');
INSERT IGNORE INTO Genes (Nombre) VALUES ('KRTAP26-1');
INSERT INTO Enfermedad_has_Genes (Enfermedad_idEnfermedad, Genes_Nombre) VALUES ('GRCh38/hg38 21p11.2-q22.3(chr21:7749532-46670405)x3', 'KRTAP26-1');
INSERT IGNORE INTO Genes (Nombre) VALUES ('KRTAP27-1');
INSERT INTO Enfermedad_has_Genes (Enfermedad_idEnfermedad, Genes_Nombre) VALUES ('GRCh38/hg38 21p11.2-q22.3(chr21:7749532-46670405)x3', 'KRTAP27-1');
INSERT IGNORE INTO Genes (Nombre) VALUES ('KRTAP6-1');
INSERT INTO Enfermedad_has_Genes (Enfermedad_idEnfermedad, Genes_Nombre) VALUES ('GRCh38/hg38 21p11.2-q22.3(chr21:7749532-46670405)x3', 'KRTAP6-1');
INSERT IGNORE INTO Genes (Nombre) VALUES ('KRTAP6-2');
INSERT INTO Enfermedad_has_Genes (Enfermedad_idEnfermedad, Genes_Nombre) VALUES ('GRCh38/hg38 21p11.2-q22.3(chr21:7749532-46670405)x3', 'KRTAP6-2');
INSERT IGNORE INTO Genes (Nombre) VALUES ('KRTAP6-3');
INSERT INTO Enfermedad_has_Genes (Enfermedad_idEnfermedad, Genes_Nombre) VALUES ('GRCh38/hg38 21p11.2-q22.3(chr21:7749532-46670405)x3', 'KRTAP6-3');
INSERT IGNORE INTO Genes (Nombre) VALUES ('KRTAP7-1');
INSERT INTO Enfermedad_has_Genes (Enfermedad_idEnfermedad, Genes_Nombre) VALUES ('GRCh38/hg38 21p11.2-q22.3(chr21:7749532-46670405)x3', 'KRTAP7-1');
INSERT IGNORE INTO Genes (Nombre) VALUES ('KRTAP8-1');
INSERT INTO Enfermedad_has_Genes (Enfermedad_idEnfermedad, Genes_Nombre) VALUES ('GRCh38/hg38 21p11.2-q22.3(chr21:7749532-46670405)x3', 'KRTAP8-1');
INSERT IGNORE INTO Genes (Nombre) VALUES ('LCA5L');
INSERT INTO Enfermedad_has_Genes (Enfermedad_idEnfermedad, Genes_Nombre) VALUES ('GRCh38/hg38 21p11.2-q22.3(chr21:7749532-46670405)x3', 'LCA5L');
INSERT IGNORE INTO Genes (Nombre) VALUES ('LINC00111');
INSERT INTO Enfermedad_has_Genes (Enfermedad_idEnfermedad, Genes_Nombre) VALUES ('GRCh38/hg38 21p11.2-q22.3(chr21:7749532-46670405)x3', 'LINC00111');
INSERT IGNORE INTO Genes (Nombre) VALUES ('LINC00112');
INSERT INTO Enfermedad_has_Genes (Enfermedad_idEnfermedad, Genes_Nombre) VALUES ('GRCh38/hg38 21p11.2-q22.3(chr21:7749532-46670405)x3', 'LINC00112');
INSERT IGNORE INTO Genes (Nombre) VALUES ('LINC00113');
INSERT INTO Enfermedad_has_Genes (Enfermedad_idEnfermedad, Genes_Nombre) VALUES ('GRCh38/hg38 21p11.2-q22.3(chr21:7749532-46670405)x3', 'LINC00113');
INSERT IGNORE INTO Genes (Nombre) VALUES ('LINC00114');
INSERT INTO Enfermedad_has_Genes (Enfermedad_idEnfermedad, Genes_Nombre) VALUES ('GRCh38/hg38 21p11.2-q22.3(chr21:7749532-46670405)x3', 'LINC00114');
INSERT IGNORE INTO Genes (Nombre) VALUES ('LINC00158');
INSERT INTO Enfermedad_has_Genes (Enfermedad_idEnfermedad, Genes_Nombre) VALUES ('GRCh38/hg38 21p11.2-q22.3(chr21:7749532-46670405)x3', 'LINC00158');
INSERT IGNORE INTO Genes (Nombre) VALUES ('LINC00159');
INSERT INTO Enfermedad_has_Genes (Enfermedad_idEnfermedad, Genes_Nombre) VALUES ('GRCh38/hg38 21p11.2-q22.3(chr21:7749532-46670405)x3', 'LINC00159');
INSERT IGNORE INTO Genes (Nombre) VALUES ('LINC00160');
INSERT INTO Enfermedad_has_Genes (Enfermedad_idEnfermedad, Genes_Nombre) VALUES ('GRCh38/hg38 21p11.2-q22.3(chr21:7749532-46670405)x3', 'LINC00160');
INSERT IGNORE INTO Genes (Nombre) VALUES ('LINC00161');
INSERT INTO Enfermedad_has_Genes (Enfermedad_idEnfermedad, Genes_Nombre) VALUES ('GRCh38/hg38 21p11.2-q22.3(chr21:7749532-46670405)x3', 'LINC00161');
INSERT IGNORE INTO Genes (Nombre) VALUES ('LINC00163');
INSERT INTO Enfermedad_has_Genes (Enfermedad_idEnfermedad, Genes_Nombre) VALUES ('GRCh38/hg38 21p11.2-q22.3(chr21:7749532-46670405)x3', 'LINC00163');
INSERT IGNORE INTO Genes (Nombre) VALUES ('LINC00165');
INSERT INTO Enfermedad_has_Genes (Enfermedad_idEnfermedad, Genes_Nombre) VALUES ('GRCh38/hg38 21p11.2-q22.3(chr21:7749532-46670405)x3', 'LINC00165');
INSERT IGNORE INTO Genes (Nombre) VALUES ('LINC00189');
INSERT INTO Enfermedad_has_Genes (Enfermedad_idEnfermedad, Genes_Nombre) VALUES ('GRCh38/hg38 21p11.2-q22.3(chr21:7749532-46670405)x3', 'LINC00189');
INSERT IGNORE INTO Genes (Nombre) VALUES ('LINC00205');
INSERT INTO Enfermedad_has_Genes (Enfermedad_idEnfermedad, Genes_Nombre) VALUES ('GRCh38/hg38 21p11.2-q22.3(chr21:7749532-46670405)x3', 'LINC00205');
INSERT IGNORE INTO Genes (Nombre) VALUES ('LINC00307');
INSERT INTO Enfermedad_has_Genes (Enfermedad_idEnfermedad, Genes_Nombre) VALUES ('GRCh38/hg38 21p11.2-q22.3(chr21:7749532-46670405)x3', 'LINC00307');
INSERT IGNORE INTO Genes (Nombre) VALUES ('LINC00308');
INSERT INTO Enfermedad_has_Genes (Enfermedad_idEnfermedad, Genes_Nombre) VALUES ('GRCh38/hg38 21p11.2-q22.3(chr21:7749532-46670405)x3', 'LINC00308');
INSERT IGNORE INTO Genes (Nombre) VALUES ('LINC00310');
INSERT INTO Enfermedad_has_Genes (Enfermedad_idEnfermedad, Genes_Nombre) VALUES ('GRCh38/hg38 21p11.2-q22.3(chr21:7749532-46670405)x3', 'LINC00310');
INSERT IGNORE INTO Genes (Nombre) VALUES ('LINC00313');
INSERT INTO Enfermedad_has_Genes (Enfermedad_idEnfermedad, Genes_Nombre) VALUES ('GRCh38/hg38 21p11.2-q22.3(chr21:7749532-46670405)x3', 'LINC00313');
INSERT IGNORE INTO Genes (Nombre) VALUES ('LINC00314');
INSERT INTO Enfermedad_has_Genes (Enfermedad_idEnfermedad, Genes_Nombre) VALUES ('GRCh38/hg38 21p11.2-q22.3(chr21:7749532-46670405)x3', 'LINC00314');
INSERT IGNORE INTO Genes (Nombre) VALUES ('LINC00315');
INSERT INTO Enfermedad_has_Genes (Enfermedad_idEnfermedad, Genes_Nombre) VALUES ('GRCh38/hg38 21p11.2-q22.3(chr21:7749532-46670405)x3', 'LINC00315');
INSERT IGNORE INTO Genes (Nombre) VALUES ('LINC00316');
INSERT INTO Enfermedad_has_Genes (Enfermedad_idEnfermedad, Genes_Nombre) VALUES ('GRCh38/hg38 21p11.2-q22.3(chr21:7749532-46670405)x3', 'LINC00316');
INSERT IGNORE INTO Genes (Nombre) VALUES ('LINC00317');
INSERT INTO Enfermedad_has_Genes (Enfermedad_idEnfermedad, Genes_Nombre) VALUES ('GRCh38/hg38 21p11.2-q22.3(chr21:7749532-46670405)x3', 'LINC00317');
INSERT IGNORE INTO Genes (Nombre) VALUES ('LINC00319');
INSERT INTO Enfermedad_has_Genes (Enfermedad_idEnfermedad, Genes_Nombre) VALUES ('GRCh38/hg38 21p11.2-q22.3(chr21:7749532-46670405)x3', 'LINC00319');
INSERT IGNORE INTO Genes (Nombre) VALUES ('LINC00320');
INSERT INTO Enfermedad_has_Genes (Enfermedad_idEnfermedad, Genes_Nombre) VALUES ('GRCh38/hg38 21p11.2-q22.3(chr21:7749532-46670405)x3', 'LINC00320');
INSERT IGNORE INTO Genes (Nombre) VALUES ('LINC00322');
INSERT INTO Enfermedad_has_Genes (Enfermedad_idEnfermedad, Genes_Nombre) VALUES ('GRCh38/hg38 21p11.2-q22.3(chr21:7749532-46670405)x3', 'LINC00322');
INSERT IGNORE INTO Genes (Nombre) VALUES ('LINC00323');
INSERT INTO Enfermedad_has_Genes (Enfermedad_idEnfermedad, Genes_Nombre) VALUES ('GRCh38/hg38 21p11.2-q22.3(chr21:7749532-46670405)x3', 'LINC00323');
INSERT IGNORE INTO Genes (Nombre) VALUES ('LINC00334');
INSERT INTO Enfermedad_has_Genes (Enfermedad_idEnfermedad, Genes_Nombre) VALUES ('GRCh38/hg38 21p11.2-q22.3(chr21:7749532-46670405)x3', 'LINC00334');
INSERT IGNORE INTO Genes (Nombre) VALUES ('LINC00479');
INSERT INTO Enfermedad_has_Genes (Enfermedad_idEnfermedad, Genes_Nombre) VALUES ('GRCh38/hg38 21p11.2-q22.3(chr21:7749532-46670405)x3', 'LINC00479');
INSERT IGNORE INTO Genes (Nombre) VALUES ('LINC00515');
INSERT INTO Enfermedad_has_Genes (Enfermedad_idEnfermedad, Genes_Nombre) VALUES ('GRCh38/hg38 21p11.2-q22.3(chr21:7749532-46670405)x3', 'LINC00515');
INSERT IGNORE INTO Genes (Nombre) VALUES ('LINC00649');
INSERT INTO Enfermedad_has_Genes (Enfermedad_idEnfermedad, Genes_Nombre) VALUES ('GRCh38/hg38 21p11.2-q22.3(chr21:7749532-46670405)x3', 'LINC00649');
INSERT IGNORE INTO Genes (Nombre) VALUES ('LINC00945');
INSERT INTO Enfermedad_has_Genes (Enfermedad_idEnfermedad, Genes_Nombre) VALUES ('GRCh38/hg38 21p11.2-q22.3(chr21:7749532-46670405)x3', 'LINC00945');
INSERT IGNORE INTO Genes (Nombre) VALUES ('LINC01423');
INSERT INTO Enfermedad_has_Genes (Enfermedad_idEnfermedad, Genes_Nombre) VALUES ('GRCh38/hg38 21p11.2-q22.3(chr21:7749532-46670405)x3', 'LINC01423');
INSERT IGNORE INTO Genes (Nombre) VALUES ('LINC01424');
INSERT INTO Enfermedad_has_Genes (Enfermedad_idEnfermedad, Genes_Nombre) VALUES ('GRCh38/hg38 21p11.2-q22.3(chr21:7749532-46670405)x3', 'LINC01424');
INSERT IGNORE INTO Genes (Nombre) VALUES ('LINC01425');
INSERT INTO Enfermedad_has_Genes (Enfermedad_idEnfermedad, Genes_Nombre) VALUES ('GRCh38/hg38 21p11.2-q22.3(chr21:7749532-46670405)x3', 'LINC01425');
INSERT IGNORE INTO Genes (Nombre) VALUES ('LINC01426');
INSERT INTO Enfermedad_has_Genes (Enfermedad_idEnfermedad, Genes_Nombre) VALUES ('GRCh38/hg38 21p11.2-q22.3(chr21:7749532-46670405)x3', 'LINC01426');
INSERT IGNORE INTO Genes (Nombre) VALUES ('LINC01436');
INSERT INTO Enfermedad_has_Genes (Enfermedad_idEnfermedad, Genes_Nombre) VALUES ('GRCh38/hg38 21p11.2-q22.3(chr21:7749532-46670405)x3', 'LINC01436');
INSERT IGNORE INTO Genes (Nombre) VALUES ('LINC01547');
INSERT INTO Enfermedad_has_Genes (Enfermedad_idEnfermedad, Genes_Nombre) VALUES ('GRCh38/hg38 21p11.2-q22.3(chr21:7749532-46670405)x3', 'LINC01547');
INSERT IGNORE INTO Genes (Nombre) VALUES ('LINC01548');
INSERT INTO Enfermedad_has_Genes (Enfermedad_idEnfermedad, Genes_Nombre) VALUES ('GRCh38/hg38 21p11.2-q22.3(chr21:7749532-46670405)x3', 'LINC01548');
INSERT IGNORE INTO Genes (Nombre) VALUES ('LINC01549');
INSERT INTO Enfermedad_has_Genes (Enfermedad_idEnfermedad, Genes_Nombre) VALUES ('GRCh38/hg38 21p11.2-q22.3(chr21:7749532-46670405)x3', 'LINC01549');
INSERT IGNORE INTO Genes (Nombre) VALUES ('LINC01666');
INSERT INTO Enfermedad_has_Genes (Enfermedad_idEnfermedad, Genes_Nombre) VALUES ('GRCh38/hg38 21p11.2-q22.3(chr21:7749532-46670405)x3', 'LINC01666');
INSERT IGNORE INTO Genes (Nombre) VALUES ('LINC01667');
INSERT INTO Enfermedad_has_Genes (Enfermedad_idEnfermedad, Genes_Nombre) VALUES ('GRCh38/hg38 21p11.2-q22.3(chr21:7749532-46670405)x3', 'LINC01667');
INSERT IGNORE INTO Genes (Nombre) VALUES ('LINC01668');
INSERT INTO Enfermedad_has_Genes (Enfermedad_idEnfermedad, Genes_Nombre) VALUES ('GRCh38/hg38 21p11.2-q22.3(chr21:7749532-46670405)x3', 'LINC01668');
INSERT IGNORE INTO Genes (Nombre) VALUES ('LINC01671');
INSERT INTO Enfermedad_has_Genes (Enfermedad_idEnfermedad, Genes_Nombre) VALUES ('GRCh38/hg38 21p11.2-q22.3(chr21:7749532-46670405)x3', 'LINC01671');
INSERT IGNORE INTO Genes (Nombre) VALUES ('LINC01673');
INSERT INTO Enfermedad_has_Genes (Enfermedad_idEnfermedad, Genes_Nombre) VALUES ('GRCh38/hg38 21p11.2-q22.3(chr21:7749532-46670405)x3', 'LINC01673');
INSERT IGNORE INTO Genes (Nombre) VALUES ('LINC01674');
INSERT INTO Enfermedad_has_Genes (Enfermedad_idEnfermedad, Genes_Nombre) VALUES ('GRCh38/hg38 21p11.2-q22.3(chr21:7749532-46670405)x3', 'LINC01674');
INSERT IGNORE INTO Genes (Nombre) VALUES ('LINC01678');
INSERT INTO Enfermedad_has_Genes (Enfermedad_idEnfermedad, Genes_Nombre) VALUES ('GRCh38/hg38 21p11.2-q22.3(chr21:7749532-46670405)x3', 'LINC01678');
INSERT IGNORE INTO Genes (Nombre) VALUES ('LINC01679');
INSERT INTO Enfermedad_has_Genes (Enfermedad_idEnfermedad, Genes_Nombre) VALUES ('GRCh38/hg38 21p11.2-q22.3(chr21:7749532-46670405)x3', 'LINC01679');
INSERT IGNORE INTO Genes (Nombre) VALUES ('LINC01683');
INSERT INTO Enfermedad_has_Genes (Enfermedad_idEnfermedad, Genes_Nombre) VALUES ('GRCh38/hg38 21p11.2-q22.3(chr21:7749532-46670405)x3', 'LINC01683');
INSERT IGNORE INTO Genes (Nombre) VALUES ('LINC01684');
INSERT INTO Enfermedad_has_Genes (Enfermedad_idEnfermedad, Genes_Nombre) VALUES ('GRCh38/hg38 21p11.2-q22.3(chr21:7749532-46670405)x3', 'LINC01684');
INSERT IGNORE INTO Genes (Nombre) VALUES ('LINC01687');
INSERT INTO Enfermedad_has_Genes (Enfermedad_idEnfermedad, Genes_Nombre) VALUES ('GRCh38/hg38 21p11.2-q22.3(chr21:7749532-46670405)x3', 'LINC01687');
INSERT IGNORE INTO Genes (Nombre) VALUES ('LINC01689');
INSERT INTO Enfermedad_has_Genes (Enfermedad_idEnfermedad, Genes_Nombre) VALUES ('GRCh38/hg38 21p11.2-q22.3(chr21:7749532-46670405)x3', 'LINC01689');
INSERT IGNORE INTO Genes (Nombre) VALUES ('LINC01690');
INSERT INTO Enfermedad_has_Genes (Enfermedad_idEnfermedad, Genes_Nombre) VALUES ('GRCh38/hg38 21p11.2-q22.3(chr21:7749532-46670405)x3', 'LINC01690');
INSERT IGNORE INTO Genes (Nombre) VALUES ('LINC01692');
INSERT INTO Enfermedad_has_Genes (Enfermedad_idEnfermedad, Genes_Nombre) VALUES ('GRCh38/hg38 21p11.2-q22.3(chr21:7749532-46670405)x3', 'LINC01692');
INSERT IGNORE INTO Genes (Nombre) VALUES ('LINC01694');
INSERT INTO Enfermedad_has_Genes (Enfermedad_idEnfermedad, Genes_Nombre) VALUES ('GRCh38/hg38 21p11.2-q22.3(chr21:7749532-46670405)x3', 'LINC01694');
INSERT IGNORE INTO Genes (Nombre) VALUES ('LINC01695');
INSERT INTO Enfermedad_has_Genes (Enfermedad_idEnfermedad, Genes_Nombre) VALUES ('GRCh38/hg38 21p11.2-q22.3(chr21:7749532-46670405)x3', 'LINC01695');
INSERT IGNORE INTO Genes (Nombre) VALUES ('LINC01697');
INSERT INTO Enfermedad_has_Genes (Enfermedad_idEnfermedad, Genes_Nombre) VALUES ('GRCh38/hg38 21p11.2-q22.3(chr21:7749532-46670405)x3', 'LINC01697');
INSERT IGNORE INTO Genes (Nombre) VALUES ('LINC01700');
INSERT INTO Enfermedad_has_Genes (Enfermedad_idEnfermedad, Genes_Nombre) VALUES ('GRCh38/hg38 21p11.2-q22.3(chr21:7749532-46670405)x3', 'LINC01700');
INSERT IGNORE INTO Genes (Nombre) VALUES ('LINC02246');
INSERT INTO Enfermedad_has_Genes (Enfermedad_idEnfermedad, Genes_Nombre) VALUES ('GRCh38/hg38 21p11.2-q22.3(chr21:7749532-46670405)x3', 'LINC02246');
INSERT IGNORE INTO Genes (Nombre) VALUES ('LINC02573');
INSERT INTO Enfermedad_has_Genes (Enfermedad_idEnfermedad, Genes_Nombre) VALUES ('GRCh38/hg38 21p11.2-q22.3(chr21:7749532-46670405)x3', 'LINC02573');
INSERT IGNORE INTO Genes (Nombre) VALUES ('LINC02575');
INSERT INTO Enfermedad_has_Genes (Enfermedad_idEnfermedad, Genes_Nombre) VALUES ('GRCh38/hg38 21p11.2-q22.3(chr21:7749532-46670405)x3', 'LINC02575');
INSERT IGNORE INTO Genes (Nombre) VALUES ('LINC02940');
INSERT INTO Enfermedad_has_Genes (Enfermedad_idEnfermedad, Genes_Nombre) VALUES ('GRCh38/hg38 21p11.2-q22.3(chr21:7749532-46670405)x3', 'LINC02940');
INSERT IGNORE INTO Genes (Nombre) VALUES ('LINC02943');
INSERT INTO Enfermedad_has_Genes (Enfermedad_idEnfermedad, Genes_Nombre) VALUES ('GRCh38/hg38 21p11.2-q22.3(chr21:7749532-46670405)x3', 'LINC02943');
INSERT IGNORE INTO Genes (Nombre) VALUES ('LIPI');
INSERT INTO Enfermedad_has_Genes (Enfermedad_idEnfermedad, Genes_Nombre) VALUES ('GRCh38/hg38 21p11.2-q22.3(chr21:7749532-46670405)x3', 'LIPI');
INSERT IGNORE INTO Genes (Nombre) VALUES ('LNCSIK1');
INSERT INTO Enfermedad_has_Genes (Enfermedad_idEnfermedad, Genes_Nombre) VALUES ('GRCh38/hg38 21p11.2-q22.3(chr21:7749532-46670405)x3', 'LNCSIK1');
INSERT IGNORE INTO Genes (Nombre) VALUES ('LOC100506403');
INSERT INTO Enfermedad_has_Genes (Enfermedad_idEnfermedad, Genes_Nombre) VALUES ('GRCh38/hg38 21p11.2-q22.3(chr21:7749532-46670405)x3', 'LOC100506403');
INSERT IGNORE INTO Genes (Nombre) VALUES ('LOC101928107');
INSERT INTO Enfermedad_has_Genes (Enfermedad_idEnfermedad, Genes_Nombre) VALUES ('GRCh38/hg38 21p11.2-q22.3(chr21:7749532-46670405)x3', 'LOC101928107');
INSERT IGNORE INTO Genes (Nombre) VALUES ('LOC101928126');
INSERT INTO Enfermedad_has_Genes (Enfermedad_idEnfermedad, Genes_Nombre) VALUES ('GRCh38/hg38 21p11.2-q22.3(chr21:7749532-46670405)x3', 'LOC101928126');
INSERT IGNORE INTO Genes (Nombre) VALUES ('LOC101928212');
INSERT INTO Enfermedad_has_Genes (Enfermedad_idEnfermedad, Genes_Nombre) VALUES ('GRCh38/hg38 21p11.2-q22.3(chr21:7749532-46670405)x3', 'LOC101928212');
INSERT IGNORE INTO Genes (Nombre) VALUES ('LOC101928269');
INSERT INTO Enfermedad_has_Genes (Enfermedad_idEnfermedad, Genes_Nombre) VALUES ('GRCh38/hg38 21p11.2-q22.3(chr21:7749532-46670405)x3', 'LOC101928269');
INSERT IGNORE INTO Genes (Nombre) VALUES ('LOC101928398');
INSERT INTO Enfermedad_has_Genes (Enfermedad_idEnfermedad, Genes_Nombre) VALUES ('GRCh38/hg38 21p11.2-q22.3(chr21:7749532-46670405)x3', 'LOC101928398');
INSERT IGNORE INTO Genes (Nombre) VALUES ('LOC101928796');
INSERT INTO Enfermedad_has_Genes (Enfermedad_idEnfermedad, Genes_Nombre) VALUES ('GRCh38/hg38 21p11.2-q22.3(chr21:7749532-46670405)x3', 'LOC101928796');
INSERT IGNORE INTO Genes (Nombre) VALUES ('LOC102723451');
INSERT INTO Enfermedad_has_Genes (Enfermedad_idEnfermedad, Genes_Nombre) VALUES ('GRCh38/hg38 21p11.2-q22.3(chr21:7749532-46670405)x3', 'LOC102723451');
INSERT IGNORE INTO Genes (Nombre) VALUES ('LOC102723475');
INSERT INTO Enfermedad_has_Genes (Enfermedad_idEnfermedad, Genes_Nombre) VALUES ('GRCh38/hg38 21p11.2-q22.3(chr21:7749532-46670405)x3', 'LOC102723475');
INSERT IGNORE INTO Genes (Nombre) VALUES ('LOC102723553');
INSERT INTO Enfermedad_has_Genes (Enfermedad_idEnfermedad, Genes_Nombre) VALUES ('GRCh38/hg38 21p11.2-q22.3(chr21:7749532-46670405)x3', 'LOC102723553');
INSERT IGNORE INTO Genes (Nombre) VALUES ('LOC105369306');
INSERT INTO Enfermedad_has_Genes (Enfermedad_idEnfermedad, Genes_Nombre) VALUES ('GRCh38/hg38 21p11.2-q22.3(chr21:7749532-46670405)x3', 'LOC105369306');
INSERT IGNORE INTO Genes (Nombre) VALUES ('LOC105372795');
INSERT INTO Enfermedad_has_Genes (Enfermedad_idEnfermedad, Genes_Nombre) VALUES ('GRCh38/hg38 21p11.2-q22.3(chr21:7749532-46670405)x3', 'LOC105372795');
INSERT IGNORE INTO Genes (Nombre) VALUES ('LOC105377134');
INSERT INTO Enfermedad_has_Genes (Enfermedad_idEnfermedad, Genes_Nombre) VALUES ('GRCh38/hg38 21p11.2-q22.3(chr21:7749532-46670405)x3', 'LOC105377134');
INSERT IGNORE INTO Genes (Nombre) VALUES ('LOC105379514');
INSERT INTO Enfermedad_has_Genes (Enfermedad_idEnfermedad, Genes_Nombre) VALUES ('GRCh38/hg38 21p11.2-q22.3(chr21:7749532-46670405)x3', 'LOC105379514');
INSERT IGNORE INTO Genes (Nombre) VALUES ('LOC107403075');
INSERT INTO Enfermedad_has_Genes (Enfermedad_idEnfermedad, Genes_Nombre) VALUES ('GRCh38/hg38 21p11.2-q22.3(chr21:7749532-46670405)x3', 'LOC107403075');
INSERT IGNORE INTO Genes (Nombre) VALUES ('LOC107403153');
INSERT INTO Enfermedad_has_Genes (Enfermedad_idEnfermedad, Genes_Nombre) VALUES ('GRCh38/hg38 21p11.2-q22.3(chr21:7749532-46670405)x3', 'LOC107403153');
INSERT IGNORE INTO Genes (Nombre) VALUES ('LOC107548109');
INSERT INTO Enfermedad_has_Genes (Enfermedad_idEnfermedad, Genes_Nombre) VALUES ('GRCh38/hg38 21p11.2-q22.3(chr21:7749532-46670405)x3', 'LOC107548109');
INSERT IGNORE INTO Genes (Nombre) VALUES ('LOC107548111');
INSERT INTO Enfermedad_has_Genes (Enfermedad_idEnfermedad, Genes_Nombre) VALUES ('GRCh38/hg38 21p11.2-q22.3(chr21:7749532-46670405)x3', 'LOC107548111');
INSERT IGNORE INTO Genes (Nombre) VALUES ('LOC107983987');
INSERT INTO Enfermedad_has_Genes (Enfermedad_idEnfermedad, Genes_Nombre) VALUES ('GRCh38/hg38 21p11.2-q22.3(chr21:7749532-46670405)x3', 'LOC107983987');
INSERT IGNORE INTO Genes (Nombre) VALUES ('LOC108251799');
INSERT INTO Enfermedad_has_Genes (Enfermedad_idEnfermedad, Genes_Nombre) VALUES ('GRCh38/hg38 21p11.2-q22.3(chr21:7749532-46670405)x3', 'LOC108251799');
INSERT IGNORE INTO Genes (Nombre) VALUES ('LOC108254685');
INSERT INTO Enfermedad_has_Genes (Enfermedad_idEnfermedad, Genes_Nombre) VALUES ('GRCh38/hg38 21p11.2-q22.3(chr21:7749532-46670405)x3', 'LOC108254685');
INSERT IGNORE INTO Genes (Nombre) VALUES ('LOC108281139');
INSERT INTO Enfermedad_has_Genes (Enfermedad_idEnfermedad, Genes_Nombre) VALUES ('GRCh38/hg38 21p11.2-q22.3(chr21:7749532-46670405)x3', 'LOC108281139');
INSERT IGNORE INTO Genes (Nombre) VALUES ('LOC108281150');
INSERT INTO Enfermedad_has_Genes (Enfermedad_idEnfermedad, Genes_Nombre) VALUES ('GRCh38/hg38 21p11.2-q22.3(chr21:7749532-46670405)x3', 'LOC108281150');
INSERT IGNORE INTO Genes (Nombre) VALUES ('LOC108281151');
INSERT INTO Enfermedad_has_Genes (Enfermedad_idEnfermedad, Genes_Nombre) VALUES ('GRCh38/hg38 21p11.2-q22.3(chr21:7749532-46670405)x3', 'LOC108281151');
INSERT IGNORE INTO Genes (Nombre) VALUES ('LOC108281168');
INSERT INTO Enfermedad_has_Genes (Enfermedad_idEnfermedad, Genes_Nombre) VALUES ('GRCh38/hg38 21p11.2-q22.3(chr21:7749532-46670405)x3', 'LOC108281168');
INSERT IGNORE INTO Genes (Nombre) VALUES ('LOC109029533');
INSERT INTO Enfermedad_has_Genes (Enfermedad_idEnfermedad, Genes_Nombre) VALUES ('GRCh38/hg38 21p11.2-q22.3(chr21:7749532-46670405)x3', 'LOC109029533');
INSERT IGNORE INTO Genes (Nombre) VALUES ('LOC109648314');
INSERT INTO Enfermedad_has_Genes (Enfermedad_idEnfermedad, Genes_Nombre) VALUES ('GRCh38/hg38 21p11.2-q22.3(chr21:7749532-46670405)x3', 'LOC109648314');
INSERT IGNORE INTO Genes (Nombre) VALUES ('LOC109648316');
INSERT INTO Enfermedad_has_Genes (Enfermedad_idEnfermedad, Genes_Nombre) VALUES ('GRCh38/hg38 21p11.2-q22.3(chr21:7749532-46670405)x3', 'LOC109648316');
INSERT IGNORE INTO Genes (Nombre) VALUES ('LOC109648317');
INSERT INTO Enfermedad_has_Genes (Enfermedad_idEnfermedad, Genes_Nombre) VALUES ('GRCh38/hg38 21p11.2-q22.3(chr21:7749532-46670405)x3', 'LOC109648317');
INSERT IGNORE INTO Genes (Nombre) VALUES ('LOC110121331');
INSERT INTO Enfermedad_has_Genes (Enfermedad_idEnfermedad, Genes_Nombre) VALUES ('GRCh38/hg38 21p11.2-q22.3(chr21:7749532-46670405)x3', 'LOC110121331');
INSERT IGNORE INTO Genes (Nombre) VALUES ('LOC110121341');
INSERT INTO Enfermedad_has_Genes (Enfermedad_idEnfermedad, Genes_Nombre) VALUES ('GRCh38/hg38 21p11.2-q22.3(chr21:7749532-46670405)x3', 'LOC110121341');
INSERT IGNORE INTO Genes (Nombre) VALUES ('LOC110121350');
INSERT INTO Enfermedad_has_Genes (Enfermedad_idEnfermedad, Genes_Nombre) VALUES ('GRCh38/hg38 21p11.2-q22.3(chr21:7749532-46670405)x3', 'LOC110121350');
INSERT IGNORE INTO Genes (Nombre) VALUES ('LOC110121368');
INSERT INTO Enfermedad_has_Genes (Enfermedad_idEnfermedad, Genes_Nombre) VALUES ('GRCh38/hg38 21p11.2-q22.3(chr21:7749532-46670405)x3', 'LOC110121368');
INSERT IGNORE INTO Genes (Nombre) VALUES ('LOC110121385');
INSERT INTO Enfermedad_has_Genes (Enfermedad_idEnfermedad, Genes_Nombre) VALUES ('GRCh38/hg38 21p11.2-q22.3(chr21:7749532-46670405)x3', 'LOC110121385');
INSERT IGNORE INTO Genes (Nombre) VALUES ('LOC110121395');
INSERT INTO Enfermedad_has_Genes (Enfermedad_idEnfermedad, Genes_Nombre) VALUES ('GRCh38/hg38 21p11.2-q22.3(chr21:7749532-46670405)x3', 'LOC110121395');
INSERT IGNORE INTO Genes (Nombre) VALUES ('LOC110121429');
INSERT INTO Enfermedad_has_Genes (Enfermedad_idEnfermedad, Genes_Nombre) VALUES ('GRCh38/hg38 21p11.2-q22.3(chr21:7749532-46670405)x3', 'LOC110121429');
INSERT IGNORE INTO Genes (Nombre) VALUES ('LOC110121448');
INSERT INTO Enfermedad_has_Genes (Enfermedad_idEnfermedad, Genes_Nombre) VALUES ('GRCh38/hg38 21p11.2-q22.3(chr21:7749532-46670405)x3', 'LOC110121448');
INSERT IGNORE INTO Genes (Nombre) VALUES ('LOC110121481');
INSERT INTO Enfermedad_has_Genes (Enfermedad_idEnfermedad, Genes_Nombre) VALUES ('GRCh38/hg38 21p11.2-q22.3(chr21:7749532-46670405)x3', 'LOC110121481');
INSERT IGNORE INTO Genes (Nombre) VALUES ('LOC110121495');
INSERT INTO Enfermedad_has_Genes (Enfermedad_idEnfermedad, Genes_Nombre) VALUES ('GRCh38/hg38 21p11.2-q22.3(chr21:7749532-46670405)x3', 'LOC110121495');
INSERT IGNORE INTO Genes (Nombre) VALUES ('LOC110121500');
INSERT INTO Enfermedad_has_Genes (Enfermedad_idEnfermedad, Genes_Nombre) VALUES ('GRCh38/hg38 21p11.2-q22.3(chr21:7749532-46670405)x3', 'LOC110121500');
INSERT IGNORE INTO Genes (Nombre) VALUES ('LOC111099027');
INSERT INTO Enfermedad_has_Genes (Enfermedad_idEnfermedad, Genes_Nombre) VALUES ('GRCh38/hg38 21p11.2-q22.3(chr21:7749532-46670405)x3', 'LOC111099027');
INSERT IGNORE INTO Genes (Nombre) VALUES ('LOC111099028');
INSERT INTO Enfermedad_has_Genes (Enfermedad_idEnfermedad, Genes_Nombre) VALUES ('GRCh38/hg38 21p11.2-q22.3(chr21:7749532-46670405)x3', 'LOC111099028');
INSERT IGNORE INTO Genes (Nombre) VALUES ('LOC111188161');
INSERT INTO Enfermedad_has_Genes (Enfermedad_idEnfermedad, Genes_Nombre) VALUES ('GRCh38/hg38 21p11.2-q22.3(chr21:7749532-46670405)x3', 'LOC111188161');
INSERT IGNORE INTO Genes (Nombre) VALUES ('LOC111556145');
INSERT INTO Enfermedad_has_Genes (Enfermedad_idEnfermedad, Genes_Nombre) VALUES ('GRCh38/hg38 21p11.2-q22.3(chr21:7749532-46670405)x3', 'LOC111556145');
INSERT IGNORE INTO Genes (Nombre) VALUES ('LOC112694732');
INSERT INTO Enfermedad_has_Genes (Enfermedad_idEnfermedad, Genes_Nombre) VALUES ('GRCh38/hg38 21p11.2-q22.3(chr21:7749532-46670405)x3', 'LOC112694732');
INSERT IGNORE INTO Genes (Nombre) VALUES ('LOC112694733');
INSERT INTO Enfermedad_has_Genes (Enfermedad_idEnfermedad, Genes_Nombre) VALUES ('GRCh38/hg38 21p11.2-q22.3(chr21:7749532-46670405)x3', 'LOC112694733');
INSERT IGNORE INTO Genes (Nombre) VALUES ('LOC112694734');
INSERT INTO Enfermedad_has_Genes (Enfermedad_idEnfermedad, Genes_Nombre) VALUES ('GRCh38/hg38 21p11.2-q22.3(chr21:7749532-46670405)x3', 'LOC112694734');
INSERT IGNORE INTO Genes (Nombre) VALUES ('LOC112694735');
INSERT INTO Enfermedad_has_Genes (Enfermedad_idEnfermedad, Genes_Nombre) VALUES ('GRCh38/hg38 21p11.2-q22.3(chr21:7749532-46670405)x3', 'LOC112694735');
INSERT IGNORE INTO Genes (Nombre) VALUES ('LOC112694736');
INSERT INTO Enfermedad_has_Genes (Enfermedad_idEnfermedad, Genes_Nombre) VALUES ('GRCh38/hg38 21p11.2-q22.3(chr21:7749532-46670405)x3', 'LOC112694736');
INSERT IGNORE INTO Genes (Nombre) VALUES ('LOC112694740');
INSERT INTO Enfermedad_has_Genes (Enfermedad_idEnfermedad, Genes_Nombre) VALUES ('GRCh38/hg38 21p11.2-q22.3(chr21:7749532-46670405)x3', 'LOC112694740');
INSERT IGNORE INTO Genes (Nombre) VALUES ('LOC112694741');
INSERT INTO Enfermedad_has_Genes (Enfermedad_idEnfermedad, Genes_Nombre) VALUES ('GRCh38/hg38 21p11.2-q22.3(chr21:7749532-46670405)x3', 'LOC112694741');
INSERT IGNORE INTO Genes (Nombre) VALUES ('LOC112694744');
INSERT INTO Enfermedad_has_Genes (Enfermedad_idEnfermedad, Genes_Nombre) VALUES ('GRCh38/hg38 21p11.2-q22.3(chr21:7749532-46670405)x3', 'LOC112694744');
INSERT IGNORE INTO Genes (Nombre) VALUES ('LOC112694745');
INSERT INTO Enfermedad_has_Genes (Enfermedad_idEnfermedad, Genes_Nombre) VALUES ('GRCh38/hg38 21p11.2-q22.3(chr21:7749532-46670405)x3', 'LOC112694745');
INSERT IGNORE INTO Genes (Nombre) VALUES ('LOC112694746');
INSERT INTO Enfermedad_has_Genes (Enfermedad_idEnfermedad, Genes_Nombre) VALUES ('GRCh38/hg38 21p11.2-q22.3(chr21:7749532-46670405)x3', 'LOC112694746');
INSERT IGNORE INTO Genes (Nombre) VALUES ('LOC112694747');
INSERT INTO Enfermedad_has_Genes (Enfermedad_idEnfermedad, Genes_Nombre) VALUES ('GRCh38/hg38 21p11.2-q22.3(chr21:7749532-46670405)x3', 'LOC112694747');
INSERT IGNORE INTO Genes (Nombre) VALUES ('LOC112694748');
INSERT INTO Enfermedad_has_Genes (Enfermedad_idEnfermedad, Genes_Nombre) VALUES ('GRCh38/hg38 21p11.2-q22.3(chr21:7749532-46670405)x3', 'LOC112694748');
INSERT IGNORE INTO Genes (Nombre) VALUES ('LOC112694749');
INSERT INTO Enfermedad_has_Genes (Enfermedad_idEnfermedad, Genes_Nombre) VALUES ('GRCh38/hg38 21p11.2-q22.3(chr21:7749532-46670405)x3', 'LOC112694749');
INSERT IGNORE INTO Genes (Nombre) VALUES ('LOC112694750');
INSERT INTO Enfermedad_has_Genes (Enfermedad_idEnfermedad, Genes_Nombre) VALUES ('GRCh38/hg38 21p11.2-q22.3(chr21:7749532-46670405)x3', 'LOC112694750');
INSERT IGNORE INTO Genes (Nombre) VALUES ('LOC112694751');
INSERT INTO Enfermedad_has_Genes (Enfermedad_idEnfermedad, Genes_Nombre) VALUES ('GRCh38/hg38 21p11.2-q22.3(chr21:7749532-46670405)x3', 'LOC112694751');
INSERT IGNORE INTO Genes (Nombre) VALUES ('LOC112694752');
INSERT INTO Enfermedad_has_Genes (Enfermedad_idEnfermedad, Genes_Nombre) VALUES ('GRCh38/hg38 21p11.2-q22.3(chr21:7749532-46670405)x3', 'LOC112694752');
INSERT IGNORE INTO Genes (Nombre) VALUES ('LOC112694753');
INSERT INTO Enfermedad_has_Genes (Enfermedad_idEnfermedad, Genes_Nombre) VALUES ('GRCh38/hg38 21p11.2-q22.3(chr21:7749532-46670405)x3', 'LOC112694753');
INSERT IGNORE INTO Genes (Nombre) VALUES ('LOC112694754');
INSERT INTO Enfermedad_has_Genes (Enfermedad_idEnfermedad, Genes_Nombre) VALUES ('GRCh38/hg38 21p11.2-q22.3(chr21:7749532-46670405)x3', 'LOC112694754');
INSERT IGNORE INTO Genes (Nombre) VALUES ('LOC114004360');
INSERT INTO Enfermedad_has_Genes (Enfermedad_idEnfermedad, Genes_Nombre) VALUES ('GRCh38/hg38 21p11.2-q22.3(chr21:7749532-46670405)x3', 'LOC114004360');
INSERT IGNORE INTO Genes (Nombre) VALUES ('LOC114827853');
INSERT INTO Enfermedad_has_Genes (Enfermedad_idEnfermedad, Genes_Nombre) VALUES ('GRCh38/hg38 21p11.2-q22.3(chr21:7749532-46670405)x3', 'LOC114827853');
INSERT IGNORE INTO Genes (Nombre) VALUES ('LOC116309120');
INSERT INTO Enfermedad_has_Genes (Enfermedad_idEnfermedad, Genes_Nombre) VALUES ('GRCh38/hg38 21p11.2-q22.3(chr21:7749532-46670405)x3', 'LOC116309120');
INSERT IGNORE INTO Genes (Nombre) VALUES ('LOC116309121');
INSERT INTO Enfermedad_has_Genes (Enfermedad_idEnfermedad, Genes_Nombre) VALUES ('GRCh38/hg38 21p11.2-q22.3(chr21:7749532-46670405)x3', 'LOC116309121');
INSERT IGNORE INTO Genes (Nombre) VALUES ('LOC116309122');
INSERT INTO Enfermedad_has_Genes (Enfermedad_idEnfermedad, Genes_Nombre) VALUES ('GRCh38/hg38 21p11.2-q22.3(chr21:7749532-46670405)x3', 'LOC116309122');
INSERT IGNORE INTO Genes (Nombre) VALUES ('LOC116309123');
INSERT INTO Enfermedad_has_Genes (Enfermedad_idEnfermedad, Genes_Nombre) VALUES ('GRCh38/hg38 21p11.2-q22.3(chr21:7749532-46670405)x3', 'LOC116309123');
INSERT IGNORE INTO Genes (Nombre) VALUES ('LOC116309124');
INSERT INTO Enfermedad_has_Genes (Enfermedad_idEnfermedad, Genes_Nombre) VALUES ('GRCh38/hg38 21p11.2-q22.3(chr21:7749532-46670405)x3', 'LOC116309124');
INSERT IGNORE INTO Genes (Nombre) VALUES ('LOC116309125');
INSERT INTO Enfermedad_has_Genes (Enfermedad_idEnfermedad, Genes_Nombre) VALUES ('GRCh38/hg38 21p11.2-q22.3(chr21:7749532-46670405)x3', 'LOC116309125');
INSERT IGNORE INTO Genes (Nombre) VALUES ('LOC117134604');
INSERT INTO Enfermedad_has_Genes (Enfermedad_idEnfermedad, Genes_Nombre) VALUES ('GRCh38/hg38 21p11.2-q22.3(chr21:7749532-46670405)x3', 'LOC117134604');
INSERT IGNORE INTO Genes (Nombre) VALUES ('LOC117134605');
INSERT INTO Enfermedad_has_Genes (Enfermedad_idEnfermedad, Genes_Nombre) VALUES ('GRCh38/hg38 21p11.2-q22.3(chr21:7749532-46670405)x3', 'LOC117134605');
INSERT IGNORE INTO Genes (Nombre) VALUES ('LOC117134606');
INSERT INTO Enfermedad_has_Genes (Enfermedad_idEnfermedad, Genes_Nombre) VALUES ('GRCh38/hg38 21p11.2-q22.3(chr21:7749532-46670405)x3', 'LOC117134606');
INSERT IGNORE INTO Genes (Nombre) VALUES ('LOC117134607');
INSERT INTO Enfermedad_has_Genes (Enfermedad_idEnfermedad, Genes_Nombre) VALUES ('GRCh38/hg38 21p11.2-q22.3(chr21:7749532-46670405)x3', 'LOC117134607');
INSERT IGNORE INTO Genes (Nombre) VALUES ('LOC117134608');
INSERT INTO Enfermedad_has_Genes (Enfermedad_idEnfermedad, Genes_Nombre) VALUES ('GRCh38/hg38 21p11.2-q22.3(chr21:7749532-46670405)x3', 'LOC117134608');
INSERT IGNORE INTO Genes (Nombre) VALUES ('LOC117134611');
INSERT INTO Enfermedad_has_Genes (Enfermedad_idEnfermedad, Genes_Nombre) VALUES ('GRCh38/hg38 21p11.2-q22.3(chr21:7749532-46670405)x3', 'LOC117134611');
INSERT IGNORE INTO Genes (Nombre) VALUES ('LOC117135104');
INSERT INTO Enfermedad_has_Genes (Enfermedad_idEnfermedad, Genes_Nombre) VALUES ('GRCh38/hg38 21p11.2-q22.3(chr21:7749532-46670405)x3', 'LOC117135104');
INSERT IGNORE INTO Genes (Nombre) VALUES ('LOC117135105');
INSERT INTO Enfermedad_has_Genes (Enfermedad_idEnfermedad, Genes_Nombre) VALUES ('GRCh38/hg38 21p11.2-q22.3(chr21:7749532-46670405)x3', 'LOC117135105');
INSERT IGNORE INTO Genes (Nombre) VALUES ('LOC117135106');
INSERT INTO Enfermedad_has_Genes (Enfermedad_idEnfermedad, Genes_Nombre) VALUES ('GRCh38/hg38 21p11.2-q22.3(chr21:7749532-46670405)x3', 'LOC117135106');
INSERT IGNORE INTO Genes (Nombre) VALUES ('LOC119230225');
INSERT INTO Enfermedad_has_Genes (Enfermedad_idEnfermedad, Genes_Nombre) VALUES ('GRCh38/hg38 21p11.2-q22.3(chr21:7749532-46670405)x3', 'LOC119230225');
INSERT IGNORE INTO Genes (Nombre) VALUES ('LOC119266102');
INSERT INTO Enfermedad_has_Genes (Enfermedad_idEnfermedad, Genes_Nombre) VALUES ('GRCh38/hg38 21p11.2-q22.3(chr21:7749532-46670405)x3', 'LOC119266102');
INSERT IGNORE INTO Genes (Nombre) VALUES ('LOC120807613');
INSERT INTO Enfermedad_has_Genes (Enfermedad_idEnfermedad, Genes_Nombre) VALUES ('GRCh38/hg38 21p11.2-q22.3(chr21:7749532-46670405)x3', 'LOC120807613');
INSERT IGNORE INTO Genes (Nombre) VALUES ('LOC121627918');
INSERT INTO Enfermedad_has_Genes (Enfermedad_idEnfermedad, Genes_Nombre) VALUES ('GRCh38/hg38 21p11.2-q22.3(chr21:7749532-46670405)x3', 'LOC121627918');
INSERT IGNORE INTO Genes (Nombre) VALUES ('LOC121627919');
INSERT INTO Enfermedad_has_Genes (Enfermedad_idEnfermedad, Genes_Nombre) VALUES ('GRCh38/hg38 21p11.2-q22.3(chr21:7749532-46670405)x3', 'LOC121627919');
INSERT IGNORE INTO Genes (Nombre) VALUES ('LOC121627920');
INSERT INTO Enfermedad_has_Genes (Enfermedad_idEnfermedad, Genes_Nombre) VALUES ('GRCh38/hg38 21p11.2-q22.3(chr21:7749532-46670405)x3', 'LOC121627920');
INSERT IGNORE INTO Genes (Nombre) VALUES ('LOC121627921');
INSERT INTO Enfermedad_has_Genes (Enfermedad_idEnfermedad, Genes_Nombre) VALUES ('GRCh38/hg38 21p11.2-q22.3(chr21:7749532-46670405)x3', 'LOC121627921');
INSERT IGNORE INTO Genes (Nombre) VALUES ('LOC121627922');
INSERT INTO Enfermedad_has_Genes (Enfermedad_idEnfermedad, Genes_Nombre) VALUES ('GRCh38/hg38 21p11.2-q22.3(chr21:7749532-46670405)x3', 'LOC121627922');
INSERT IGNORE INTO Genes (Nombre) VALUES ('LOC121627923');
INSERT INTO Enfermedad_has_Genes (Enfermedad_idEnfermedad, Genes_Nombre) VALUES ('GRCh38/hg38 21p11.2-q22.3(chr21:7749532-46670405)x3', 'LOC121627923');
INSERT IGNORE INTO Genes (Nombre) VALUES ('LOC121627924');
INSERT INTO Enfermedad_has_Genes (Enfermedad_idEnfermedad, Genes_Nombre) VALUES ('GRCh38/hg38 21p11.2-q22.3(chr21:7749532-46670405)x3', 'LOC121627924');
INSERT IGNORE INTO Genes (Nombre) VALUES ('LOC121627925');
INSERT INTO Enfermedad_has_Genes (Enfermedad_idEnfermedad, Genes_Nombre) VALUES ('GRCh38/hg38 21p11.2-q22.3(chr21:7749532-46670405)x3', 'LOC121627925');
INSERT IGNORE INTO Genes (Nombre) VALUES ('LOC121627926');
INSERT INTO Enfermedad_has_Genes (Enfermedad_idEnfermedad, Genes_Nombre) VALUES ('GRCh38/hg38 21p11.2-q22.3(chr21:7749532-46670405)x3', 'LOC121627926');
INSERT IGNORE INTO Genes (Nombre) VALUES ('LOC121627927');
INSERT INTO Enfermedad_has_Genes (Enfermedad_idEnfermedad, Genes_Nombre) VALUES ('GRCh38/hg38 21p11.2-q22.3(chr21:7749532-46670405)x3', 'LOC121627927');
INSERT IGNORE INTO Genes (Nombre) VALUES ('LOC121725031');
INSERT INTO Enfermedad_has_Genes (Enfermedad_idEnfermedad, Genes_Nombre) VALUES ('GRCh38/hg38 21p11.2-q22.3(chr21:7749532-46670405)x3', 'LOC121725031');
INSERT IGNORE INTO Genes (Nombre) VALUES ('LOC121853021');
INSERT INTO Enfermedad_has_Genes (Enfermedad_idEnfermedad, Genes_Nombre) VALUES ('GRCh38/hg38 21p11.2-q22.3(chr21:7749532-46670405)x3', 'LOC121853021');
INSERT IGNORE INTO Genes (Nombre) VALUES ('LOC121853022');
INSERT INTO Enfermedad_has_Genes (Enfermedad_idEnfermedad, Genes_Nombre) VALUES ('GRCh38/hg38 21p11.2-q22.3(chr21:7749532-46670405)x3', 'LOC121853022');
INSERT IGNORE INTO Genes (Nombre) VALUES ('LOC121853023');
INSERT INTO Enfermedad_has_Genes (Enfermedad_idEnfermedad, Genes_Nombre) VALUES ('GRCh38/hg38 21p11.2-q22.3(chr21:7749532-46670405)x3', 'LOC121853023');
INSERT IGNORE INTO Genes (Nombre) VALUES ('LOC121853024');
INSERT INTO Enfermedad_has_Genes (Enfermedad_idEnfermedad, Genes_Nombre) VALUES ('GRCh38/hg38 21p11.2-q22.3(chr21:7749532-46670405)x3', 'LOC121853024');
INSERT IGNORE INTO Genes (Nombre) VALUES ('LOC121853025');
INSERT INTO Enfermedad_has_Genes (Enfermedad_idEnfermedad, Genes_Nombre) VALUES ('GRCh38/hg38 21p11.2-q22.3(chr21:7749532-46670405)x3', 'LOC121853025');
INSERT IGNORE INTO Genes (Nombre) VALUES ('LOC121853026');
INSERT INTO Enfermedad_has_Genes (Enfermedad_idEnfermedad, Genes_Nombre) VALUES ('GRCh38/hg38 21p11.2-q22.3(chr21:7749532-46670405)x3', 'LOC121853026');
INSERT IGNORE INTO Genes (Nombre) VALUES ('LOC121853027');
INSERT INTO Enfermedad_has_Genes (Enfermedad_idEnfermedad, Genes_Nombre) VALUES ('GRCh38/hg38 21p11.2-q22.3(chr21:7749532-46670405)x3', 'LOC121853027');
INSERT IGNORE INTO Genes (Nombre) VALUES ('LOC121853028');
INSERT INTO Enfermedad_has_Genes (Enfermedad_idEnfermedad, Genes_Nombre) VALUES ('GRCh38/hg38 21p11.2-q22.3(chr21:7749532-46670405)x3', 'LOC121853028');
INSERT IGNORE INTO Genes (Nombre) VALUES ('LOC121853029');
INSERT INTO Enfermedad_has_Genes (Enfermedad_idEnfermedad, Genes_Nombre) VALUES ('GRCh38/hg38 21p11.2-q22.3(chr21:7749532-46670405)x3', 'LOC121853029');
INSERT IGNORE INTO Genes (Nombre) VALUES ('LOC121853030');
INSERT INTO Enfermedad_has_Genes (Enfermedad_idEnfermedad, Genes_Nombre) VALUES ('GRCh38/hg38 21p11.2-q22.3(chr21:7749532-46670405)x3', 'LOC121853030');
INSERT IGNORE INTO Genes (Nombre) VALUES ('LOC121853031');
INSERT INTO Enfermedad_has_Genes (Enfermedad_idEnfermedad, Genes_Nombre) VALUES ('GRCh38/hg38 21p11.2-q22.3(chr21:7749532-46670405)x3', 'LOC121853031');
INSERT IGNORE INTO Genes (Nombre) VALUES ('LOC121853032');
INSERT INTO Enfermedad_has_Genes (Enfermedad_idEnfermedad, Genes_Nombre) VALUES ('GRCh38/hg38 21p11.2-q22.3(chr21:7749532-46670405)x3', 'LOC121853032');
INSERT IGNORE INTO Genes (Nombre) VALUES ('LOC121853033');
INSERT INTO Enfermedad_has_Genes (Enfermedad_idEnfermedad, Genes_Nombre) VALUES ('GRCh38/hg38 21p11.2-q22.3(chr21:7749532-46670405)x3', 'LOC121853033');
INSERT IGNORE INTO Genes (Nombre) VALUES ('LOC121853034');
INSERT INTO Enfermedad_has_Genes (Enfermedad_idEnfermedad, Genes_Nombre) VALUES ('GRCh38/hg38 21p11.2-q22.3(chr21:7749532-46670405)x3', 'LOC121853034');
INSERT IGNORE INTO Genes (Nombre) VALUES ('LOC388813');
INSERT INTO Enfermedad_has_Genes (Enfermedad_idEnfermedad, Genes_Nombre) VALUES ('GRCh38/hg38 21p11.2-q22.3(chr21:7749532-46670405)x3', 'LOC388813');
INSERT IGNORE INTO Genes (Nombre) VALUES ('LOC400867');
INSERT INTO Enfermedad_has_Genes (Enfermedad_idEnfermedad, Genes_Nombre) VALUES ('GRCh38/hg38 21p11.2-q22.3(chr21:7749532-46670405)x3', 'LOC400867');
INSERT IGNORE INTO Genes (Nombre) VALUES ('LRRC3');
INSERT INTO Enfermedad_has_Genes (Enfermedad_idEnfermedad, Genes_Nombre) VALUES ('GRCh38/hg38 21p11.2-q22.3(chr21:7749532-46670405)x3', 'LRRC3');
INSERT IGNORE INTO Genes (Nombre) VALUES ('LRRC3-DT');
INSERT INTO Enfermedad_has_Genes (Enfermedad_idEnfermedad, Genes_Nombre) VALUES ('GRCh38/hg38 21p11.2-q22.3(chr21:7749532-46670405)x3', 'LRRC3-DT');
INSERT IGNORE INTO Genes (Nombre) VALUES ('LRRC3DN');
INSERT INTO Enfermedad_has_Genes (Enfermedad_idEnfermedad, Genes_Nombre) VALUES ('GRCh38/hg38 21p11.2-q22.3(chr21:7749532-46670405)x3', 'LRRC3DN');
INSERT IGNORE INTO Genes (Nombre) VALUES ('LSS');
INSERT INTO Enfermedad_has_Genes (Enfermedad_idEnfermedad, Genes_Nombre) VALUES ('GRCh38/hg38 21p11.2-q22.3(chr21:7749532-46670405)x3', 'LSS');
INSERT IGNORE INTO Genes (Nombre) VALUES ('LTN1');
INSERT INTO Enfermedad_has_Genes (Enfermedad_idEnfermedad, Genes_Nombre) VALUES ('GRCh38/hg38 21p11.2-q22.3(chr21:7749532-46670405)x3', 'LTN1');
INSERT IGNORE INTO Genes (Nombre) VALUES ('MAP3K7CL');
INSERT INTO Enfermedad_has_Genes (Enfermedad_idEnfermedad, Genes_Nombre) VALUES ('GRCh38/hg38 21p11.2-q22.3(chr21:7749532-46670405)x3', 'MAP3K7CL');
INSERT IGNORE INTO Genes (Nombre) VALUES ('MCM3AP');
INSERT INTO Enfermedad_has_Genes (Enfermedad_idEnfermedad, Genes_Nombre) VALUES ('GRCh38/hg38 21p11.2-q22.3(chr21:7749532-46670405)x3', 'MCM3AP');
INSERT IGNORE INTO Genes (Nombre) VALUES ('MCM3AP-AS1');
INSERT INTO Enfermedad_has_Genes (Enfermedad_idEnfermedad, Genes_Nombre) VALUES ('GRCh38/hg38 21p11.2-q22.3(chr21:7749532-46670405)x3', 'MCM3AP-AS1');
INSERT IGNORE INTO Genes (Nombre) VALUES ('MIR10396A');
INSERT INTO Enfermedad_has_Genes (Enfermedad_idEnfermedad, Genes_Nombre) VALUES ('GRCh38/hg38 21p11.2-q22.3(chr21:7749532-46670405)x3', 'MIR10396A');
INSERT IGNORE INTO Genes (Nombre) VALUES ('MIR10396B');
INSERT INTO Enfermedad_has_Genes (Enfermedad_idEnfermedad, Genes_Nombre) VALUES ('GRCh38/hg38 21p11.2-q22.3(chr21:7749532-46670405)x3', 'MIR10396B');
INSERT IGNORE INTO Genes (Nombre) VALUES ('MIR125B2');
INSERT INTO Enfermedad_has_Genes (Enfermedad_idEnfermedad, Genes_Nombre) VALUES ('GRCh38/hg38 21p11.2-q22.3(chr21:7749532-46670405)x3', 'MIR125B2');
INSERT IGNORE INTO Genes (Nombre) VALUES ('MIR155');
INSERT INTO Enfermedad_has_Genes (Enfermedad_idEnfermedad, Genes_Nombre) VALUES ('GRCh38/hg38 21p11.2-q22.3(chr21:7749532-46670405)x3', 'MIR155');
INSERT IGNORE INTO Genes (Nombre) VALUES ('MIR155HG');
INSERT INTO Enfermedad_has_Genes (Enfermedad_idEnfermedad, Genes_Nombre) VALUES ('GRCh38/hg38 21p11.2-q22.3(chr21:7749532-46670405)x3', 'MIR155HG');
INSERT IGNORE INTO Genes (Nombre) VALUES ('MIR3118-1');
INSERT INTO Enfermedad_has_Genes (Enfermedad_idEnfermedad, Genes_Nombre) VALUES ('GRCh38/hg38 21p11.2-q22.3(chr21:7749532-46670405)x3', 'MIR3118-1');
INSERT IGNORE INTO Genes (Nombre) VALUES ('MIR3156-3');
INSERT INTO Enfermedad_has_Genes (Enfermedad_idEnfermedad, Genes_Nombre) VALUES ('GRCh38/hg38 21p11.2-q22.3(chr21:7749532-46670405)x3', 'MIR3156-3');
INSERT IGNORE INTO Genes (Nombre) VALUES ('MIR3197');
INSERT INTO Enfermedad_has_Genes (Enfermedad_idEnfermedad, Genes_Nombre) VALUES ('GRCh38/hg38 21p11.2-q22.3(chr21:7749532-46670405)x3', 'MIR3197');
INSERT IGNORE INTO Genes (Nombre) VALUES ('MIR3648-1');
INSERT INTO Enfermedad_has_Genes (Enfermedad_idEnfermedad, Genes_Nombre) VALUES ('GRCh38/hg38 21p11.2-q22.3(chr21:7749532-46670405)x3', 'MIR3648-1');
INSERT IGNORE INTO Genes (Nombre) VALUES ('MIR3648-2');
INSERT INTO Enfermedad_has_Genes (Enfermedad_idEnfermedad, Genes_Nombre) VALUES ('GRCh38/hg38 21p11.2-q22.3(chr21:7749532-46670405)x3', 'MIR3648-2');
INSERT IGNORE INTO Genes (Nombre) VALUES ('MIR3687-1');
INSERT INTO Enfermedad_has_Genes (Enfermedad_idEnfermedad, Genes_Nombre) VALUES ('GRCh38/hg38 21p11.2-q22.3(chr21:7749532-46670405)x3', 'MIR3687-1');
INSERT IGNORE INTO Genes (Nombre) VALUES ('MIR3687-2');
INSERT INTO Enfermedad_has_Genes (Enfermedad_idEnfermedad, Genes_Nombre) VALUES ('GRCh38/hg38 21p11.2-q22.3(chr21:7749532-46670405)x3', 'MIR3687-2');
INSERT IGNORE INTO Genes (Nombre) VALUES ('MIR4327');
INSERT INTO Enfermedad_has_Genes (Enfermedad_idEnfermedad, Genes_Nombre) VALUES ('GRCh38/hg38 21p11.2-q22.3(chr21:7749532-46670405)x3', 'MIR4327');
INSERT IGNORE INTO Genes (Nombre) VALUES ('MIR4759');
INSERT INTO Enfermedad_has_Genes (Enfermedad_idEnfermedad, Genes_Nombre) VALUES ('GRCh38/hg38 21p11.2-q22.3(chr21:7749532-46670405)x3', 'MIR4759');
INSERT IGNORE INTO Genes (Nombre) VALUES ('MIR4760');
INSERT INTO Enfermedad_has_Genes (Enfermedad_idEnfermedad, Genes_Nombre) VALUES ('GRCh38/hg38 21p11.2-q22.3(chr21:7749532-46670405)x3', 'MIR4760');
INSERT IGNORE INTO Genes (Nombre) VALUES ('MIR548X');
INSERT INTO Enfermedad_has_Genes (Enfermedad_idEnfermedad, Genes_Nombre) VALUES ('GRCh38/hg38 21p11.2-q22.3(chr21:7749532-46670405)x3', 'MIR548X');
INSERT IGNORE INTO Genes (Nombre) VALUES ('MIR548XHG');
INSERT INTO Enfermedad_has_Genes (Enfermedad_idEnfermedad, Genes_Nombre) VALUES ('GRCh38/hg38 21p11.2-q22.3(chr21:7749532-46670405)x3', 'MIR548XHG');
INSERT IGNORE INTO Genes (Nombre) VALUES ('MIR5692B');
INSERT INTO Enfermedad_has_Genes (Enfermedad_idEnfermedad, Genes_Nombre) VALUES ('GRCh38/hg38 21p11.2-q22.3(chr21:7749532-46670405)x3', 'MIR5692B');
INSERT IGNORE INTO Genes (Nombre) VALUES ('MIR6070');
INSERT INTO Enfermedad_has_Genes (Enfermedad_idEnfermedad, Genes_Nombre) VALUES ('GRCh38/hg38 21p11.2-q22.3(chr21:7749532-46670405)x3', 'MIR6070');
INSERT IGNORE INTO Genes (Nombre) VALUES ('MIR6130');
INSERT INTO Enfermedad_has_Genes (Enfermedad_idEnfermedad, Genes_Nombre) VALUES ('GRCh38/hg38 21p11.2-q22.3(chr21:7749532-46670405)x3', 'MIR6130');
INSERT IGNORE INTO Genes (Nombre) VALUES ('MIR6501');
INSERT INTO Enfermedad_has_Genes (Enfermedad_idEnfermedad, Genes_Nombre) VALUES ('GRCh38/hg38 21p11.2-q22.3(chr21:7749532-46670405)x3', 'MIR6501');
INSERT IGNORE INTO Genes (Nombre) VALUES ('MIR6508');
INSERT INTO Enfermedad_has_Genes (Enfermedad_idEnfermedad, Genes_Nombre) VALUES ('GRCh38/hg38 21p11.2-q22.3(chr21:7749532-46670405)x3', 'MIR6508');
INSERT IGNORE INTO Genes (Nombre) VALUES ('MIR6724-1');
INSERT INTO Enfermedad_has_Genes (Enfermedad_idEnfermedad, Genes_Nombre) VALUES ('GRCh38/hg38 21p11.2-q22.3(chr21:7749532-46670405)x3', 'MIR6724-1');
INSERT IGNORE INTO Genes (Nombre) VALUES ('MIR6724-2');
INSERT INTO Enfermedad_has_Genes (Enfermedad_idEnfermedad, Genes_Nombre) VALUES ('GRCh38/hg38 21p11.2-q22.3(chr21:7749532-46670405)x3', 'MIR6724-2');
INSERT IGNORE INTO Genes (Nombre) VALUES ('MIR6724-3');
INSERT INTO Enfermedad_has_Genes (Enfermedad_idEnfermedad, Genes_Nombre) VALUES ('GRCh38/hg38 21p11.2-q22.3(chr21:7749532-46670405)x3', 'MIR6724-3');
INSERT IGNORE INTO Genes (Nombre) VALUES ('MIR6724-4');
INSERT INTO Enfermedad_has_Genes (Enfermedad_idEnfermedad, Genes_Nombre) VALUES ('GRCh38/hg38 21p11.2-q22.3(chr21:7749532-46670405)x3', 'MIR6724-4');
INSERT IGNORE INTO Genes (Nombre) VALUES ('MIR6814');
INSERT INTO Enfermedad_has_Genes (Enfermedad_idEnfermedad, Genes_Nombre) VALUES ('GRCh38/hg38 21p11.2-q22.3(chr21:7749532-46670405)x3', 'MIR6814');
INSERT IGNORE INTO Genes (Nombre) VALUES ('MIR6815');
INSERT INTO Enfermedad_has_Genes (Enfermedad_idEnfermedad, Genes_Nombre) VALUES ('GRCh38/hg38 21p11.2-q22.3(chr21:7749532-46670405)x3', 'MIR6815');
INSERT IGNORE INTO Genes (Nombre) VALUES ('MIR802');
INSERT INTO Enfermedad_has_Genes (Enfermedad_idEnfermedad, Genes_Nombre) VALUES ('GRCh38/hg38 21p11.2-q22.3(chr21:7749532-46670405)x3', 'MIR802');
INSERT IGNORE INTO Genes (Nombre) VALUES ('MIR8069');
INSERT INTO Enfermedad_has_Genes (Enfermedad_idEnfermedad, Genes_Nombre) VALUES ('GRCh38/hg38 21p11.2-q22.3(chr21:7749532-46670405)x3', 'MIR8069');
INSERT IGNORE INTO Genes (Nombre) VALUES ('MIR99A');
INSERT INTO Enfermedad_has_Genes (Enfermedad_idEnfermedad, Genes_Nombre) VALUES ('GRCh38/hg38 21p11.2-q22.3(chr21:7749532-46670405)x3', 'MIR99A');
INSERT IGNORE INTO Genes (Nombre) VALUES ('MIR99AHG');
INSERT INTO Enfermedad_has_Genes (Enfermedad_idEnfermedad, Genes_Nombre) VALUES ('GRCh38/hg38 21p11.2-q22.3(chr21:7749532-46670405)x3', 'MIR99AHG');
INSERT IGNORE INTO Genes (Nombre) VALUES ('MIRLET7C');
INSERT INTO Enfermedad_has_Genes (Enfermedad_idEnfermedad, Genes_Nombre) VALUES ('GRCh38/hg38 21p11.2-q22.3(chr21:7749532-46670405)x3', 'MIRLET7C');
INSERT IGNORE INTO Genes (Nombre) VALUES ('MIS18A');
INSERT INTO Enfermedad_has_Genes (Enfermedad_idEnfermedad, Genes_Nombre) VALUES ('GRCh38/hg38 21p11.2-q22.3(chr21:7749532-46670405)x3', 'MIS18A');
INSERT IGNORE INTO Genes (Nombre) VALUES ('MIS18A-AS1');
INSERT INTO Enfermedad_has_Genes (Enfermedad_idEnfermedad, Genes_Nombre) VALUES ('GRCh38/hg38 21p11.2-q22.3(chr21:7749532-46670405)x3', 'MIS18A-AS1');
INSERT IGNORE INTO Genes (Nombre) VALUES ('MORC3');
INSERT INTO Enfermedad_has_Genes (Enfermedad_idEnfermedad, Genes_Nombre) VALUES ('GRCh38/hg38 21p11.2-q22.3(chr21:7749532-46670405)x3', 'MORC3');
INSERT IGNORE INTO Genes (Nombre) VALUES ('MRAP');
INSERT INTO Enfermedad_has_Genes (Enfermedad_idEnfermedad, Genes_Nombre) VALUES ('GRCh38/hg38 21p11.2-q22.3(chr21:7749532-46670405)x3', 'MRAP');
INSERT IGNORE INTO Genes (Nombre) VALUES ('MRAP-AS1');
INSERT INTO Enfermedad_has_Genes (Enfermedad_idEnfermedad, Genes_Nombre) VALUES ('GRCh38/hg38 21p11.2-q22.3(chr21:7749532-46670405)x3', 'MRAP-AS1');
INSERT IGNORE INTO Genes (Nombre) VALUES ('MRPL39');
INSERT INTO Enfermedad_has_Genes (Enfermedad_idEnfermedad, Genes_Nombre) VALUES ('GRCh38/hg38 21p11.2-q22.3(chr21:7749532-46670405)x3', 'MRPL39');
INSERT IGNORE INTO Genes (Nombre) VALUES ('MRPS6');
INSERT INTO Enfermedad_has_Genes (Enfermedad_idEnfermedad, Genes_Nombre) VALUES ('GRCh38/hg38 21p11.2-q22.3(chr21:7749532-46670405)x3', 'MRPS6');
INSERT IGNORE INTO Genes (Nombre) VALUES ('MX1');
INSERT INTO Enfermedad_has_Genes (Enfermedad_idEnfermedad, Genes_Nombre) VALUES ('GRCh38/hg38 21p11.2-q22.3(chr21:7749532-46670405)x3', 'MX1');
INSERT IGNORE INTO Genes (Nombre) VALUES ('MX2');
INSERT INTO Enfermedad_has_Genes (Enfermedad_idEnfermedad, Genes_Nombre) VALUES ('GRCh38/hg38 21p11.2-q22.3(chr21:7749532-46670405)x3', 'MX2');
INSERT IGNORE INTO Genes (Nombre) VALUES ('N6AMT1');
INSERT INTO Enfermedad_has_Genes (Enfermedad_idEnfermedad, Genes_Nombre) VALUES ('GRCh38/hg38 21p11.2-q22.3(chr21:7749532-46670405)x3', 'N6AMT1');
INSERT IGNORE INTO Genes (Nombre) VALUES ('NCAM2');
INSERT INTO Enfermedad_has_Genes (Enfermedad_idEnfermedad, Genes_Nombre) VALUES ('GRCh38/hg38 21p11.2-q22.3(chr21:7749532-46670405)x3', 'NCAM2');
INSERT IGNORE INTO Genes (Nombre) VALUES ('NDUFV3');
INSERT INTO Enfermedad_has_Genes (Enfermedad_idEnfermedad, Genes_Nombre) VALUES ('GRCh38/hg38 21p11.2-q22.3(chr21:7749532-46670405)x3', 'NDUFV3');
INSERT IGNORE INTO Genes (Nombre) VALUES ('NRIP1');
INSERT INTO Enfermedad_has_Genes (Enfermedad_idEnfermedad, Genes_Nombre) VALUES ('GRCh38/hg38 21p11.2-q22.3(chr21:7749532-46670405)x3', 'NRIP1');
INSERT IGNORE INTO Genes (Nombre) VALUES ('OLIG1');
INSERT INTO Enfermedad_has_Genes (Enfermedad_idEnfermedad, Genes_Nombre) VALUES ('GRCh38/hg38 21p11.2-q22.3(chr21:7749532-46670405)x3', 'OLIG1');
INSERT IGNORE INTO Genes (Nombre) VALUES ('OLIG2');
INSERT INTO Enfermedad_has_Genes (Enfermedad_idEnfermedad, Genes_Nombre) VALUES ('GRCh38/hg38 21p11.2-q22.3(chr21:7749532-46670405)x3', 'OLIG2');
INSERT IGNORE INTO Genes (Nombre) VALUES ('PAXBP1');
INSERT INTO Enfermedad_has_Genes (Enfermedad_idEnfermedad, Genes_Nombre) VALUES ('GRCh38/hg38 21p11.2-q22.3(chr21:7749532-46670405)x3', 'PAXBP1');
INSERT IGNORE INTO Genes (Nombre) VALUES ('PAXBP1-AS1');
INSERT INTO Enfermedad_has_Genes (Enfermedad_idEnfermedad, Genes_Nombre) VALUES ('GRCh38/hg38 21p11.2-q22.3(chr21:7749532-46670405)x3', 'PAXBP1-AS1');
INSERT IGNORE INTO Genes (Nombre) VALUES ('PCBP3');
INSERT INTO Enfermedad_has_Genes (Enfermedad_idEnfermedad, Genes_Nombre) VALUES ('GRCh38/hg38 21p11.2-q22.3(chr21:7749532-46670405)x3', 'PCBP3');
INSERT IGNORE INTO Genes (Nombre) VALUES ('PCBP3-AS1');
INSERT INTO Enfermedad_has_Genes (Enfermedad_idEnfermedad, Genes_Nombre) VALUES ('GRCh38/hg38 21p11.2-q22.3(chr21:7749532-46670405)x3', 'PCBP3-AS1');
INSERT IGNORE INTO Genes (Nombre) VALUES ('PCNT');
INSERT INTO Enfermedad_has_Genes (Enfermedad_idEnfermedad, Genes_Nombre) VALUES ('GRCh38/hg38 21p11.2-q22.3(chr21:7749532-46670405)x3', 'PCNT');
INSERT IGNORE INTO Genes (Nombre) VALUES ('PCP4');
INSERT INTO Enfermedad_has_Genes (Enfermedad_idEnfermedad, Genes_Nombre) VALUES ('GRCh38/hg38 21p11.2-q22.3(chr21:7749532-46670405)x3', 'PCP4');
INSERT IGNORE INTO Genes (Nombre) VALUES ('PCSEAT');
INSERT INTO Enfermedad_has_Genes (Enfermedad_idEnfermedad, Genes_Nombre) VALUES ('GRCh38/hg38 21p11.2-q22.3(chr21:7749532-46670405)x3', 'PCSEAT');
INSERT IGNORE INTO Genes (Nombre) VALUES ('PDE9A');
INSERT INTO Enfermedad_has_Genes (Enfermedad_idEnfermedad, Genes_Nombre) VALUES ('GRCh38/hg38 21p11.2-q22.3(chr21:7749532-46670405)x3', 'PDE9A');
INSERT IGNORE INTO Genes (Nombre) VALUES ('PDE9A-AS1');
INSERT INTO Enfermedad_has_Genes (Enfermedad_idEnfermedad, Genes_Nombre) VALUES ('GRCh38/hg38 21p11.2-q22.3(chr21:7749532-46670405)x3', 'PDE9A-AS1');
INSERT IGNORE INTO Genes (Nombre) VALUES ('PDXK');
INSERT INTO Enfermedad_has_Genes (Enfermedad_idEnfermedad, Genes_Nombre) VALUES ('GRCh38/hg38 21p11.2-q22.3(chr21:7749532-46670405)x3', 'PDXK');
INSERT IGNORE INTO Genes (Nombre) VALUES ('PFKL');
INSERT INTO Enfermedad_has_Genes (Enfermedad_idEnfermedad, Genes_Nombre) VALUES ('GRCh38/hg38 21p11.2-q22.3(chr21:7749532-46670405)x3', 'PFKL');
INSERT IGNORE INTO Genes (Nombre) VALUES ('PICSAR');
INSERT INTO Enfermedad_has_Genes (Enfermedad_idEnfermedad, Genes_Nombre) VALUES ('GRCh38/hg38 21p11.2-q22.3(chr21:7749532-46670405)x3', 'PICSAR');
INSERT IGNORE INTO Genes (Nombre) VALUES ('PIGP');
INSERT INTO Enfermedad_has_Genes (Enfermedad_idEnfermedad, Genes_Nombre) VALUES ('GRCh38/hg38 21p11.2-q22.3(chr21:7749532-46670405)x3', 'PIGP');
INSERT IGNORE INTO Genes (Nombre) VALUES ('PKNOX1');
INSERT INTO Enfermedad_has_Genes (Enfermedad_idEnfermedad, Genes_Nombre) VALUES ('GRCh38/hg38 21p11.2-q22.3(chr21:7749532-46670405)x3', 'PKNOX1');
INSERT IGNORE INTO Genes (Nombre) VALUES ('PLAC4');
INSERT INTO Enfermedad_has_Genes (Enfermedad_idEnfermedad, Genes_Nombre) VALUES ('GRCh38/hg38 21p11.2-q22.3(chr21:7749532-46670405)x3', 'PLAC4');
INSERT IGNORE INTO Genes (Nombre) VALUES ('POFUT2');
INSERT INTO Enfermedad_has_Genes (Enfermedad_idEnfermedad, Genes_Nombre) VALUES ('GRCh38/hg38 21p11.2-q22.3(chr21:7749532-46670405)x3', 'POFUT2');
INSERT IGNORE INTO Genes (Nombre) VALUES ('POTED');
INSERT INTO Enfermedad_has_Genes (Enfermedad_idEnfermedad, Genes_Nombre) VALUES ('GRCh38/hg38 21p11.2-q22.3(chr21:7749532-46670405)x3', 'POTED');
INSERT IGNORE INTO Genes (Nombre) VALUES ('PRDM15');
INSERT INTO Enfermedad_has_Genes (Enfermedad_idEnfermedad, Genes_Nombre) VALUES ('GRCh38/hg38 21p11.2-q22.3(chr21:7749532-46670405)x3', 'PRDM15');
INSERT IGNORE INTO Genes (Nombre) VALUES ('PRMT2');
INSERT INTO Enfermedad_has_Genes (Enfermedad_idEnfermedad, Genes_Nombre) VALUES ('GRCh38/hg38 21p11.2-q22.3(chr21:7749532-46670405)x3', 'PRMT2');
INSERT IGNORE INTO Genes (Nombre) VALUES ('PSMG1');
INSERT INTO Enfermedad_has_Genes (Enfermedad_idEnfermedad, Genes_Nombre) VALUES ('GRCh38/hg38 21p11.2-q22.3(chr21:7749532-46670405)x3', 'PSMG1');
INSERT IGNORE INTO Genes (Nombre) VALUES ('PTTG1IP');
INSERT INTO Enfermedad_has_Genes (Enfermedad_idEnfermedad, Genes_Nombre) VALUES ('GRCh38/hg38 21p11.2-q22.3(chr21:7749532-46670405)x3', 'PTTG1IP');
INSERT IGNORE INTO Genes (Nombre) VALUES ('PWP2');
INSERT INTO Enfermedad_has_Genes (Enfermedad_idEnfermedad, Genes_Nombre) VALUES ('GRCh38/hg38 21p11.2-q22.3(chr21:7749532-46670405)x3', 'PWP2');
INSERT IGNORE INTO Genes (Nombre) VALUES ('RBM11');
INSERT INTO Enfermedad_has_Genes (Enfermedad_idEnfermedad, Genes_Nombre) VALUES ('GRCh38/hg38 21p11.2-q22.3(chr21:7749532-46670405)x3', 'RBM11');
INSERT IGNORE INTO Genes (Nombre) VALUES ('RCAN1');
INSERT INTO Enfermedad_has_Genes (Enfermedad_idEnfermedad, Genes_Nombre) VALUES ('GRCh38/hg38 21p11.2-q22.3(chr21:7749532-46670405)x3', 'RCAN1');
INSERT IGNORE INTO Genes (Nombre) VALUES ('RIPK4');
INSERT INTO Enfermedad_has_Genes (Enfermedad_idEnfermedad, Genes_Nombre) VALUES ('GRCh38/hg38 21p11.2-q22.3(chr21:7749532-46670405)x3', 'RIPK4');
INSERT IGNORE INTO Genes (Nombre) VALUES ('RIPPLY3');
INSERT INTO Enfermedad_has_Genes (Enfermedad_idEnfermedad, Genes_Nombre) VALUES ('GRCh38/hg38 21p11.2-q22.3(chr21:7749532-46670405)x3', 'RIPPLY3');
INSERT IGNORE INTO Genes (Nombre) VALUES ('RNA18SN1');
INSERT INTO Enfermedad_has_Genes (Enfermedad_idEnfermedad, Genes_Nombre) VALUES ('GRCh38/hg38 21p11.2-q22.3(chr21:7749532-46670405)x3', 'RNA18SN1');
INSERT IGNORE INTO Genes (Nombre) VALUES ('RNA18SN2');
INSERT INTO Enfermedad_has_Genes (Enfermedad_idEnfermedad, Genes_Nombre) VALUES ('GRCh38/hg38 21p11.2-q22.3(chr21:7749532-46670405)x3', 'RNA18SN2');
INSERT IGNORE INTO Genes (Nombre) VALUES ('RNA18SN3');
INSERT INTO Enfermedad_has_Genes (Enfermedad_idEnfermedad, Genes_Nombre) VALUES ('GRCh38/hg38 21p11.2-q22.3(chr21:7749532-46670405)x3', 'RNA18SN3');
INSERT IGNORE INTO Genes (Nombre) VALUES ('RNA28SN1');
INSERT INTO Enfermedad_has_Genes (Enfermedad_idEnfermedad, Genes_Nombre) VALUES ('GRCh38/hg38 21p11.2-q22.3(chr21:7749532-46670405)x3', 'RNA28SN1');
INSERT IGNORE INTO Genes (Nombre) VALUES ('RNA28SN2');
INSERT INTO Enfermedad_has_Genes (Enfermedad_idEnfermedad, Genes_Nombre) VALUES ('GRCh38/hg38 21p11.2-q22.3(chr21:7749532-46670405)x3', 'RNA28SN2');
INSERT IGNORE INTO Genes (Nombre) VALUES ('RNA28SN3');
INSERT INTO Enfermedad_has_Genes (Enfermedad_idEnfermedad, Genes_Nombre) VALUES ('GRCh38/hg38 21p11.2-q22.3(chr21:7749532-46670405)x3', 'RNA28SN3');
INSERT IGNORE INTO Genes (Nombre) VALUES ('RNA45SN1');
INSERT INTO Enfermedad_has_Genes (Enfermedad_idEnfermedad, Genes_Nombre) VALUES ('GRCh38/hg38 21p11.2-q22.3(chr21:7749532-46670405)x3', 'RNA45SN1');
INSERT IGNORE INTO Genes (Nombre) VALUES ('RNA45SN2');
INSERT INTO Enfermedad_has_Genes (Enfermedad_idEnfermedad, Genes_Nombre) VALUES ('GRCh38/hg38 21p11.2-q22.3(chr21:7749532-46670405)x3', 'RNA45SN2');
INSERT IGNORE INTO Genes (Nombre) VALUES ('RNA45SN3');
INSERT INTO Enfermedad_has_Genes (Enfermedad_idEnfermedad, Genes_Nombre) VALUES ('GRCh38/hg38 21p11.2-q22.3(chr21:7749532-46670405)x3', 'RNA45SN3');
INSERT IGNORE INTO Genes (Nombre) VALUES ('RNA5-8SN1');
INSERT INTO Enfermedad_has_Genes (Enfermedad_idEnfermedad, Genes_Nombre) VALUES ('GRCh38/hg38 21p11.2-q22.3(chr21:7749532-46670405)x3', 'RNA5-8SN1');
INSERT IGNORE INTO Genes (Nombre) VALUES ('RNA5-8SN2');
INSERT INTO Enfermedad_has_Genes (Enfermedad_idEnfermedad, Genes_Nombre) VALUES ('GRCh38/hg38 21p11.2-q22.3(chr21:7749532-46670405)x3', 'RNA5-8SN2');
INSERT IGNORE INTO Genes (Nombre) VALUES ('RNA5-8SN3');
INSERT INTO Enfermedad_has_Genes (Enfermedad_idEnfermedad, Genes_Nombre) VALUES ('GRCh38/hg38 21p11.2-q22.3(chr21:7749532-46670405)x3', 'RNA5-8SN3');
INSERT IGNORE INTO Genes (Nombre) VALUES ('RRP1');
INSERT INTO Enfermedad_has_Genes (Enfermedad_idEnfermedad, Genes_Nombre) VALUES ('GRCh38/hg38 21p11.2-q22.3(chr21:7749532-46670405)x3', 'RRP1');
INSERT IGNORE INTO Genes (Nombre) VALUES ('RRP1B');
INSERT INTO Enfermedad_has_Genes (Enfermedad_idEnfermedad, Genes_Nombre) VALUES ('GRCh38/hg38 21p11.2-q22.3(chr21:7749532-46670405)x3', 'RRP1B');
INSERT IGNORE INTO Genes (Nombre) VALUES ('RSPH1');
INSERT INTO Enfermedad_has_Genes (Enfermedad_idEnfermedad, Genes_Nombre) VALUES ('GRCh38/hg38 21p11.2-q22.3(chr21:7749532-46670405)x3', 'RSPH1');
INSERT IGNORE INTO Genes (Nombre) VALUES ('RSPH1-DT');
INSERT INTO Enfermedad_has_Genes (Enfermedad_idEnfermedad, Genes_Nombre) VALUES ('GRCh38/hg38 21p11.2-q22.3(chr21:7749532-46670405)x3', 'RSPH1-DT');
INSERT IGNORE INTO Genes (Nombre) VALUES ('RUNX1');
INSERT INTO Enfermedad_has_Genes (Enfermedad_idEnfermedad, Genes_Nombre) VALUES ('GRCh38/hg38 21p11.2-q22.3(chr21:7749532-46670405)x3', 'RUNX1');
INSERT IGNORE INTO Genes (Nombre) VALUES ('RUNX1-IT1');
INSERT INTO Enfermedad_has_Genes (Enfermedad_idEnfermedad, Genes_Nombre) VALUES ('GRCh38/hg38 21p11.2-q22.3(chr21:7749532-46670405)x3', 'RUNX1-IT1');
INSERT IGNORE INTO Genes (Nombre) VALUES ('RWDD2B');
INSERT INTO Enfermedad_has_Genes (Enfermedad_idEnfermedad, Genes_Nombre) VALUES ('GRCh38/hg38 21p11.2-q22.3(chr21:7749532-46670405)x3', 'RWDD2B');
INSERT IGNORE INTO Genes (Nombre) VALUES ('S100B');
INSERT INTO Enfermedad_has_Genes (Enfermedad_idEnfermedad, Genes_Nombre) VALUES ('GRCh38/hg38 21p11.2-q22.3(chr21:7749532-46670405)x3', 'S100B');
INSERT IGNORE INTO Genes (Nombre) VALUES ('SAMSN1');
INSERT INTO Enfermedad_has_Genes (Enfermedad_idEnfermedad, Genes_Nombre) VALUES ('GRCh38/hg38 21p11.2-q22.3(chr21:7749532-46670405)x3', 'SAMSN1');
INSERT IGNORE INTO Genes (Nombre) VALUES ('SAMSN1-AS1');
INSERT INTO Enfermedad_has_Genes (Enfermedad_idEnfermedad, Genes_Nombre) VALUES ('GRCh38/hg38 21p11.2-q22.3(chr21:7749532-46670405)x3', 'SAMSN1-AS1');
INSERT IGNORE INTO Genes (Nombre) VALUES ('SCAF4');
INSERT INTO Enfermedad_has_Genes (Enfermedad_idEnfermedad, Genes_Nombre) VALUES ('GRCh38/hg38 21p11.2-q22.3(chr21:7749532-46670405)x3', 'SCAF4');
INSERT IGNORE INTO Genes (Nombre) VALUES ('SETD4');
INSERT INTO Enfermedad_has_Genes (Enfermedad_idEnfermedad, Genes_Nombre) VALUES ('GRCh38/hg38 21p11.2-q22.3(chr21:7749532-46670405)x3', 'SETD4');
INSERT IGNORE INTO Genes (Nombre) VALUES ('SETD4-AS1');
INSERT INTO Enfermedad_has_Genes (Enfermedad_idEnfermedad, Genes_Nombre) VALUES ('GRCh38/hg38 21p11.2-q22.3(chr21:7749532-46670405)x3', 'SETD4-AS1');
INSERT IGNORE INTO Genes (Nombre) VALUES ('SH3BGR');
INSERT INTO Enfermedad_has_Genes (Enfermedad_idEnfermedad, Genes_Nombre) VALUES ('GRCh38/hg38 21p11.2-q22.3(chr21:7749532-46670405)x3', 'SH3BGR');
INSERT IGNORE INTO Genes (Nombre) VALUES ('SIK1');
INSERT INTO Enfermedad_has_Genes (Enfermedad_idEnfermedad, Genes_Nombre) VALUES ('GRCh38/hg38 21p11.2-q22.3(chr21:7749532-46670405)x3', 'SIK1');
INSERT IGNORE INTO Genes (Nombre) VALUES ('SIM2');
INSERT INTO Enfermedad_has_Genes (Enfermedad_idEnfermedad, Genes_Nombre) VALUES ('GRCh38/hg38 21p11.2-q22.3(chr21:7749532-46670405)x3', 'SIM2');
INSERT IGNORE INTO Genes (Nombre) VALUES ('SLC19A1');
INSERT INTO Enfermedad_has_Genes (Enfermedad_idEnfermedad, Genes_Nombre) VALUES ('GRCh38/hg38 21p11.2-q22.3(chr21:7749532-46670405)x3', 'SLC19A1');
INSERT IGNORE INTO Genes (Nombre) VALUES ('SLC37A1');
INSERT INTO Enfermedad_has_Genes (Enfermedad_idEnfermedad, Genes_Nombre) VALUES ('GRCh38/hg38 21p11.2-q22.3(chr21:7749532-46670405)x3', 'SLC37A1');
INSERT IGNORE INTO Genes (Nombre) VALUES ('SLC5A3');
INSERT INTO Enfermedad_has_Genes (Enfermedad_idEnfermedad, Genes_Nombre) VALUES ('GRCh38/hg38 21p11.2-q22.3(chr21:7749532-46670405)x3', 'SLC5A3');
INSERT IGNORE INTO Genes (Nombre) VALUES ('SLX9');
INSERT INTO Enfermedad_has_Genes (Enfermedad_idEnfermedad, Genes_Nombre) VALUES ('GRCh38/hg38 21p11.2-q22.3(chr21:7749532-46670405)x3', 'SLX9');
INSERT IGNORE INTO Genes (Nombre) VALUES ('SMIM11');
INSERT INTO Enfermedad_has_Genes (Enfermedad_idEnfermedad, Genes_Nombre) VALUES ('GRCh38/hg38 21p11.2-q22.3(chr21:7749532-46670405)x3', 'SMIM11');
INSERT IGNORE INTO Genes (Nombre) VALUES ('SMIM34');
INSERT INTO Enfermedad_has_Genes (Enfermedad_idEnfermedad, Genes_Nombre) VALUES ('GRCh38/hg38 21p11.2-q22.3(chr21:7749532-46670405)x3', 'SMIM34');
INSERT IGNORE INTO Genes (Nombre) VALUES ('SNORA80A');
INSERT INTO Enfermedad_has_Genes (Enfermedad_idEnfermedad, Genes_Nombre) VALUES ('GRCh38/hg38 21p11.2-q22.3(chr21:7749532-46670405)x3', 'SNORA80A');
INSERT IGNORE INTO Genes (Nombre) VALUES ('SNORA91');
INSERT INTO Enfermedad_has_Genes (Enfermedad_idEnfermedad, Genes_Nombre) VALUES ('GRCh38/hg38 21p11.2-q22.3(chr21:7749532-46670405)x3', 'SNORA91');
INSERT IGNORE INTO Genes (Nombre) VALUES ('SNORD159');
INSERT INTO Enfermedad_has_Genes (Enfermedad_idEnfermedad, Genes_Nombre) VALUES ('GRCh38/hg38 21p11.2-q22.3(chr21:7749532-46670405)x3', 'SNORD159');
INSERT IGNORE INTO Genes (Nombre) VALUES ('SNORD74B');
INSERT INTO Enfermedad_has_Genes (Enfermedad_idEnfermedad, Genes_Nombre) VALUES ('GRCh38/hg38 21p11.2-q22.3(chr21:7749532-46670405)x3', 'SNORD74B');
INSERT IGNORE INTO Genes (Nombre) VALUES ('SOD1');
INSERT INTO Enfermedad_has_Genes (Enfermedad_idEnfermedad, Genes_Nombre) VALUES ('GRCh38/hg38 21p11.2-q22.3(chr21:7749532-46670405)x3', 'SOD1');
INSERT IGNORE INTO Genes (Nombre) VALUES ('SOD1-DT');
INSERT INTO Enfermedad_has_Genes (Enfermedad_idEnfermedad, Genes_Nombre) VALUES ('GRCh38/hg38 21p11.2-q22.3(chr21:7749532-46670405)x3', 'SOD1-DT');
INSERT IGNORE INTO Genes (Nombre) VALUES ('SON');
INSERT INTO Enfermedad_has_Genes (Enfermedad_idEnfermedad, Genes_Nombre) VALUES ('GRCh38/hg38 21p11.2-q22.3(chr21:7749532-46670405)x3', 'SON');
INSERT IGNORE INTO Genes (Nombre) VALUES ('SPATC1L');
INSERT INTO Enfermedad_has_Genes (Enfermedad_idEnfermedad, Genes_Nombre) VALUES ('GRCh38/hg38 21p11.2-q22.3(chr21:7749532-46670405)x3', 'SPATC1L');
INSERT IGNORE INTO Genes (Nombre) VALUES ('SUMO3');
INSERT INTO Enfermedad_has_Genes (Enfermedad_idEnfermedad, Genes_Nombre) VALUES ('GRCh38/hg38 21p11.2-q22.3(chr21:7749532-46670405)x3', 'SUMO3');
INSERT IGNORE INTO Genes (Nombre) VALUES ('SYNJ1');
INSERT INTO Enfermedad_has_Genes (Enfermedad_idEnfermedad, Genes_Nombre) VALUES ('GRCh38/hg38 21p11.2-q22.3(chr21:7749532-46670405)x3', 'SYNJ1');
INSERT IGNORE INTO Genes (Nombre) VALUES ('TCP10L');
INSERT INTO Enfermedad_has_Genes (Enfermedad_idEnfermedad, Genes_Nombre) VALUES ('GRCh38/hg38 21p11.2-q22.3(chr21:7749532-46670405)x3', 'TCP10L');
INSERT IGNORE INTO Genes (Nombre) VALUES ('TFF1');
INSERT INTO Enfermedad_has_Genes (Enfermedad_idEnfermedad, Genes_Nombre) VALUES ('GRCh38/hg38 21p11.2-q22.3(chr21:7749532-46670405)x3', 'TFF1');
INSERT IGNORE INTO Genes (Nombre) VALUES ('TFF2');
INSERT INTO Enfermedad_has_Genes (Enfermedad_idEnfermedad, Genes_Nombre) VALUES ('GRCh38/hg38 21p11.2-q22.3(chr21:7749532-46670405)x3', 'TFF2');
INSERT IGNORE INTO Genes (Nombre) VALUES ('TFF3');
INSERT INTO Enfermedad_has_Genes (Enfermedad_idEnfermedad, Genes_Nombre) VALUES ('GRCh38/hg38 21p11.2-q22.3(chr21:7749532-46670405)x3', 'TFF3');
INSERT IGNORE INTO Genes (Nombre) VALUES ('TIAM1');
INSERT INTO Enfermedad_has_Genes (Enfermedad_idEnfermedad, Genes_Nombre) VALUES ('GRCh38/hg38 21p11.2-q22.3(chr21:7749532-46670405)x3', 'TIAM1');
INSERT IGNORE INTO Genes (Nombre) VALUES ('TIAM1-AS1');
INSERT INTO Enfermedad_has_Genes (Enfermedad_idEnfermedad, Genes_Nombre) VALUES ('GRCh38/hg38 21p11.2-q22.3(chr21:7749532-46670405)x3', 'TIAM1-AS1');
INSERT IGNORE INTO Genes (Nombre) VALUES ('TMEM50B');
INSERT INTO Enfermedad_has_Genes (Enfermedad_idEnfermedad, Genes_Nombre) VALUES ('GRCh38/hg38 21p11.2-q22.3(chr21:7749532-46670405)x3', 'TMEM50B');
INSERT IGNORE INTO Genes (Nombre) VALUES ('TMPRSS15');
INSERT INTO Enfermedad_has_Genes (Enfermedad_idEnfermedad, Genes_Nombre) VALUES ('GRCh38/hg38 21p11.2-q22.3(chr21:7749532-46670405)x3', 'TMPRSS15');
INSERT IGNORE INTO Genes (Nombre) VALUES ('TMPRSS2');
INSERT INTO Enfermedad_has_Genes (Enfermedad_idEnfermedad, Genes_Nombre) VALUES ('GRCh38/hg38 21p11.2-q22.3(chr21:7749532-46670405)x3', 'TMPRSS2');
INSERT IGNORE INTO Genes (Nombre) VALUES ('TMPRSS3');
INSERT INTO Enfermedad_has_Genes (Enfermedad_idEnfermedad, Genes_Nombre) VALUES ('GRCh38/hg38 21p11.2-q22.3(chr21:7749532-46670405)x3', 'TMPRSS3');
INSERT IGNORE INTO Genes (Nombre) VALUES ('TPTE');
INSERT INTO Enfermedad_has_Genes (Enfermedad_idEnfermedad, Genes_Nombre) VALUES ('GRCh38/hg38 21p11.2-q22.3(chr21:7749532-46670405)x3', 'TPTE');
INSERT IGNORE INTO Genes (Nombre) VALUES ('TRAPPC10');
INSERT INTO Enfermedad_has_Genes (Enfermedad_idEnfermedad, Genes_Nombre) VALUES ('GRCh38/hg38 21p11.2-q22.3(chr21:7749532-46670405)x3', 'TRAPPC10');
INSERT IGNORE INTO Genes (Nombre) VALUES ('TRG-GCC1-5');
INSERT INTO Enfermedad_has_Genes (Enfermedad_idEnfermedad, Genes_Nombre) VALUES ('GRCh38/hg38 21p11.2-q22.3(chr21:7749532-46670405)x3', 'TRG-GCC1-5');
INSERT IGNORE INTO Genes (Nombre) VALUES ('TRPM2');
INSERT INTO Enfermedad_has_Genes (Enfermedad_idEnfermedad, Genes_Nombre) VALUES ('GRCh38/hg38 21p11.2-q22.3(chr21:7749532-46670405)x3', 'TRPM2');
INSERT IGNORE INTO Genes (Nombre) VALUES ('TRPM2-AS');
INSERT INTO Enfermedad_has_Genes (Enfermedad_idEnfermedad, Genes_Nombre) VALUES ('GRCh38/hg38 21p11.2-q22.3(chr21:7749532-46670405)x3', 'TRPM2-AS');
INSERT IGNORE INTO Genes (Nombre) VALUES ('TSPEAR');
INSERT INTO Enfermedad_has_Genes (Enfermedad_idEnfermedad, Genes_Nombre) VALUES ('GRCh38/hg38 21p11.2-q22.3(chr21:7749532-46670405)x3', 'TSPEAR');
INSERT IGNORE INTO Genes (Nombre) VALUES ('TSPEAR-AS1');
INSERT INTO Enfermedad_has_Genes (Enfermedad_idEnfermedad, Genes_Nombre) VALUES ('GRCh38/hg38 21p11.2-q22.3(chr21:7749532-46670405)x3', 'TSPEAR-AS1');
INSERT IGNORE INTO Genes (Nombre) VALUES ('TSPEAR-AS2');
INSERT INTO Enfermedad_has_Genes (Enfermedad_idEnfermedad, Genes_Nombre) VALUES ('GRCh38/hg38 21p11.2-q22.3(chr21:7749532-46670405)x3', 'TSPEAR-AS2');
INSERT IGNORE INTO Genes (Nombre) VALUES ('TTC3');
INSERT INTO Enfermedad_has_Genes (Enfermedad_idEnfermedad, Genes_Nombre) VALUES ('GRCh38/hg38 21p11.2-q22.3(chr21:7749532-46670405)x3', 'TTC3');
INSERT IGNORE INTO Genes (Nombre) VALUES ('TTC3-AS1');
INSERT INTO Enfermedad_has_Genes (Enfermedad_idEnfermedad, Genes_Nombre) VALUES ('GRCh38/hg38 21p11.2-q22.3(chr21:7749532-46670405)x3', 'TTC3-AS1');
INSERT IGNORE INTO Genes (Nombre) VALUES ('U2AF1');
INSERT INTO Enfermedad_has_Genes (Enfermedad_idEnfermedad, Genes_Nombre) VALUES ('GRCh38/hg38 21p11.2-q22.3(chr21:7749532-46670405)x3', 'U2AF1');
INSERT IGNORE INTO Genes (Nombre) VALUES ('UBASH3A');
INSERT INTO Enfermedad_has_Genes (Enfermedad_idEnfermedad, Genes_Nombre) VALUES ('GRCh38/hg38 21p11.2-q22.3(chr21:7749532-46670405)x3', 'UBASH3A');
INSERT IGNORE INTO Genes (Nombre) VALUES ('UBE2G2');
INSERT INTO Enfermedad_has_Genes (Enfermedad_idEnfermedad, Genes_Nombre) VALUES ('GRCh38/hg38 21p11.2-q22.3(chr21:7749532-46670405)x3', 'UBE2G2');
INSERT IGNORE INTO Genes (Nombre) VALUES ('UMODL1');
INSERT INTO Enfermedad_has_Genes (Enfermedad_idEnfermedad, Genes_Nombre) VALUES ('GRCh38/hg38 21p11.2-q22.3(chr21:7749532-46670405)x3', 'UMODL1');
INSERT IGNORE INTO Genes (Nombre) VALUES ('UMODL1-AS1');
INSERT INTO Enfermedad_has_Genes (Enfermedad_idEnfermedad, Genes_Nombre) VALUES ('GRCh38/hg38 21p11.2-q22.3(chr21:7749532-46670405)x3', 'UMODL1-AS1');
INSERT IGNORE INTO Genes (Nombre) VALUES ('URB1');
INSERT INTO Enfermedad_has_Genes (Enfermedad_idEnfermedad, Genes_Nombre) VALUES ('GRCh38/hg38 21p11.2-q22.3(chr21:7749532-46670405)x3', 'URB1');
INSERT IGNORE INTO Genes (Nombre) VALUES ('URB1-AS1');
INSERT INTO Enfermedad_has_Genes (Enfermedad_idEnfermedad, Genes_Nombre) VALUES ('GRCh38/hg38 21p11.2-q22.3(chr21:7749532-46670405)x3', 'URB1-AS1');
INSERT IGNORE INTO Genes (Nombre) VALUES ('USP16');
INSERT INTO Enfermedad_has_Genes (Enfermedad_idEnfermedad, Genes_Nombre) VALUES ('GRCh38/hg38 21p11.2-q22.3(chr21:7749532-46670405)x3', 'USP16');
INSERT IGNORE INTO Genes (Nombre) VALUES ('USP25');
INSERT INTO Enfermedad_has_Genes (Enfermedad_idEnfermedad, Genes_Nombre) VALUES ('GRCh38/hg38 21p11.2-q22.3(chr21:7749532-46670405)x3', 'USP25');
INSERT IGNORE INTO Genes (Nombre) VALUES ('VPS26C');
INSERT INTO Enfermedad_has_Genes (Enfermedad_idEnfermedad, Genes_Nombre) VALUES ('GRCh38/hg38 21p11.2-q22.3(chr21:7749532-46670405)x3', 'VPS26C');
INSERT IGNORE INTO Genes (Nombre) VALUES ('WDR4');
INSERT INTO Enfermedad_has_Genes (Enfermedad_idEnfermedad, Genes_Nombre) VALUES ('GRCh38/hg38 21p11.2-q22.3(chr21:7749532-46670405)x3', 'WDR4');
INSERT IGNORE INTO Genes (Nombre) VALUES ('YBEY');
INSERT INTO Enfermedad_has_Genes (Enfermedad_idEnfermedad, Genes_Nombre) VALUES ('GRCh38/hg38 21p11.2-q22.3(chr21:7749532-46670405)x3', 'YBEY');
INSERT IGNORE INTO Genes (Nombre) VALUES ('ZBTB21');
INSERT INTO Enfermedad_has_Genes (Enfermedad_idEnfermedad, Genes_Nombre) VALUES ('GRCh38/hg38 21p11.2-q22.3(chr21:7749532-46670405)x3', 'ZBTB21');
INSERT IGNORE INTO Genes (Nombre) VALUES ('ZNF295-AS1');
INSERT INTO Enfermedad_has_Genes (Enfermedad_idEnfermedad, Genes_Nombre) VALUES ('GRCh38/hg38 21p11.2-q22.3(chr21:7749532-46670405)x3', 'ZNF295-AS1');
INSERT IGNORE INTO Sintomas (Descripcion) VALUES ('See cases');
INSERT INTO Sintomas_has_Enfermedad (Sintomas_Descripcion, Enfermedad_idEnfermedad) VALUES ('See cases', 'GRCh38/hg38 21p11.2-q22.3(chr21:7749532-46670405)x3');
INSERT INTO Enfermedad (idEnfermedad, CambioProteina, SignificanciaClinica) VALUES ('GRCh38/hg38 21q11.2-22.3(chr21:7749532-46677460)x3', '', 'Pathogenic  (Last reviewed: Feb 11, 2016)');
INSERT INTO Proteina_has_Enfermedad (Proteina_idProteina, Enfermedad_idEnfermedad) VALUES ('A2VEY9', 'GRCh38/hg38 21q11.2-22.3(chr21:7749532-46677460)x3');
INSERT IGNORE INTO Genes (Nombre) VALUES ('KRTAP19-4');
INSERT INTO Enfermedad_has_Genes (Enfermedad_idEnfermedad, Genes_Nombre) VALUES ('GRCh38/hg38 21q11.2-22.3(chr21:7749532-46677460)x3', 'KRTAP19-4');
INSERT IGNORE INTO Genes (Nombre) VALUES ('KRTAP19-5');
INSERT INTO Enfermedad_has_Genes (Enfermedad_idEnfermedad, Genes_Nombre) VALUES ('GRCh38/hg38 21q11.2-22.3(chr21:7749532-46677460)x3', 'KRTAP19-5');
INSERT IGNORE INTO Genes (Nombre) VALUES ('KRTAP19-6');
INSERT INTO Enfermedad_has_Genes (Enfermedad_idEnfermedad, Genes_Nombre) VALUES ('GRCh38/hg38 21q11.2-22.3(chr21:7749532-46677460)x3', 'KRTAP19-6');
INSERT IGNORE INTO Genes (Nombre) VALUES ('KRTAP19-7');
INSERT INTO Enfermedad_has_Genes (Enfermedad_idEnfermedad, Genes_Nombre) VALUES ('GRCh38/hg38 21q11.2-22.3(chr21:7749532-46677460)x3', 'KRTAP19-7');
INSERT IGNORE INTO Genes (Nombre) VALUES ('KRTAP19-8');
INSERT INTO Enfermedad_has_Genes (Enfermedad_idEnfermedad, Genes_Nombre) VALUES ('GRCh38/hg38 21q11.2-22.3(chr21:7749532-46677460)x3', 'KRTAP19-8');
INSERT IGNORE INTO Genes (Nombre) VALUES ('KRTAP20-1');
INSERT INTO Enfermedad_has_Genes (Enfermedad_idEnfermedad, Genes_Nombre) VALUES ('GRCh38/hg38 21q11.2-22.3(chr21:7749532-46677460)x3', 'KRTAP20-1');
INSERT IGNORE INTO Genes (Nombre) VALUES ('KRTAP20-2');
INSERT INTO Enfermedad_has_Genes (Enfermedad_idEnfermedad, Genes_Nombre) VALUES ('GRCh38/hg38 21q11.2-22.3(chr21:7749532-46677460)x3', 'KRTAP20-2');
INSERT IGNORE INTO Genes (Nombre) VALUES ('KRTAP20-3');
INSERT INTO Enfermedad_has_Genes (Enfermedad_idEnfermedad, Genes_Nombre) VALUES ('GRCh38/hg38 21q11.2-22.3(chr21:7749532-46677460)x3', 'KRTAP20-3');
INSERT IGNORE INTO Genes (Nombre) VALUES ('KRTAP20-4');
INSERT INTO Enfermedad_has_Genes (Enfermedad_idEnfermedad, Genes_Nombre) VALUES ('GRCh38/hg38 21q11.2-22.3(chr21:7749532-46677460)x3', 'KRTAP20-4');
INSERT IGNORE INTO Genes (Nombre) VALUES ('KRTAP21-1');
INSERT INTO Enfermedad_has_Genes (Enfermedad_idEnfermedad, Genes_Nombre) VALUES ('GRCh38/hg38 21q11.2-22.3(chr21:7749532-46677460)x3', 'KRTAP21-1');
INSERT IGNORE INTO Genes (Nombre) VALUES ('KRTAP21-2');
INSERT INTO Enfermedad_has_Genes (Enfermedad_idEnfermedad, Genes_Nombre) VALUES ('GRCh38/hg38 21q11.2-22.3(chr21:7749532-46677460)x3', 'KRTAP21-2');
INSERT IGNORE INTO Genes (Nombre) VALUES ('KRTAP21-3');
INSERT INTO Enfermedad_has_Genes (Enfermedad_idEnfermedad, Genes_Nombre) VALUES ('GRCh38/hg38 21q11.2-22.3(chr21:7749532-46677460)x3', 'KRTAP21-3');
INSERT IGNORE INTO Genes (Nombre) VALUES ('KRTAP22-1');
INSERT INTO Enfermedad_has_Genes (Enfermedad_idEnfermedad, Genes_Nombre) VALUES ('GRCh38/hg38 21q11.2-22.3(chr21:7749532-46677460)x3', 'KRTAP22-1');
INSERT IGNORE INTO Genes (Nombre) VALUES ('KRTAP22-2');
INSERT INTO Enfermedad_has_Genes (Enfermedad_idEnfermedad, Genes_Nombre) VALUES ('GRCh38/hg38 21q11.2-22.3(chr21:7749532-46677460)x3', 'KRTAP22-2');
INSERT IGNORE INTO Genes (Nombre) VALUES ('KRTAP23-1');
INSERT INTO Enfermedad_has_Genes (Enfermedad_idEnfermedad, Genes_Nombre) VALUES ('GRCh38/hg38 21q11.2-22.3(chr21:7749532-46677460)x3', 'KRTAP23-1');
INSERT IGNORE INTO Genes (Nombre) VALUES ('KRTAP24-1');
INSERT INTO Enfermedad_has_Genes (Enfermedad_idEnfermedad, Genes_Nombre) VALUES ('GRCh38/hg38 21q11.2-22.3(chr21:7749532-46677460)x3', 'KRTAP24-1');
INSERT IGNORE INTO Genes (Nombre) VALUES ('KRTAP25-1');
INSERT INTO Enfermedad_has_Genes (Enfermedad_idEnfermedad, Genes_Nombre) VALUES ('GRCh38/hg38 21q11.2-22.3(chr21:7749532-46677460)x3', 'KRTAP25-1');
INSERT IGNORE INTO Genes (Nombre) VALUES ('KRTAP26-1');
INSERT INTO Enfermedad_has_Genes (Enfermedad_idEnfermedad, Genes_Nombre) VALUES ('GRCh38/hg38 21q11.2-22.3(chr21:7749532-46677460)x3', 'KRTAP26-1');
INSERT IGNORE INTO Genes (Nombre) VALUES ('KRTAP27-1');
INSERT INTO Enfermedad_has_Genes (Enfermedad_idEnfermedad, Genes_Nombre) VALUES ('GRCh38/hg38 21q11.2-22.3(chr21:7749532-46677460)x3', 'KRTAP27-1');
INSERT IGNORE INTO Genes (Nombre) VALUES ('KRTAP6-1');
INSERT INTO Enfermedad_has_Genes (Enfermedad_idEnfermedad, Genes_Nombre) VALUES ('GRCh38/hg38 21q11.2-22.3(chr21:7749532-46677460)x3', 'KRTAP6-1');
INSERT IGNORE INTO Genes (Nombre) VALUES ('KRTAP6-2');
INSERT INTO Enfermedad_has_Genes (Enfermedad_idEnfermedad, Genes_Nombre) VALUES ('GRCh38/hg38 21q11.2-22.3(chr21:7749532-46677460)x3', 'KRTAP6-2');
INSERT IGNORE INTO Genes (Nombre) VALUES ('KRTAP6-3');
INSERT INTO Enfermedad_has_Genes (Enfermedad_idEnfermedad, Genes_Nombre) VALUES ('GRCh38/hg38 21q11.2-22.3(chr21:7749532-46677460)x3', 'KRTAP6-3');
INSERT IGNORE INTO Genes (Nombre) VALUES ('KRTAP7-1');
INSERT INTO Enfermedad_has_Genes (Enfermedad_idEnfermedad, Genes_Nombre) VALUES ('GRCh38/hg38 21q11.2-22.3(chr21:7749532-46677460)x3', 'KRTAP7-1');
INSERT IGNORE INTO Genes (Nombre) VALUES ('KRTAP8-1');
INSERT INTO Enfermedad_has_Genes (Enfermedad_idEnfermedad, Genes_Nombre) VALUES ('GRCh38/hg38 21q11.2-22.3(chr21:7749532-46677460)x3', 'KRTAP8-1');
INSERT IGNORE INTO Genes (Nombre) VALUES ('LCA5L');
INSERT INTO Enfermedad_has_Genes (Enfermedad_idEnfermedad, Genes_Nombre) VALUES ('GRCh38/hg38 21q11.2-22.3(chr21:7749532-46677460)x3', 'LCA5L');
INSERT IGNORE INTO Genes (Nombre) VALUES ('LINC00111');
INSERT INTO Enfermedad_has_Genes (Enfermedad_idEnfermedad, Genes_Nombre) VALUES ('GRCh38/hg38 21q11.2-22.3(chr21:7749532-46677460)x3', 'LINC00111');
INSERT IGNORE INTO Genes (Nombre) VALUES ('LINC00112');
INSERT INTO Enfermedad_has_Genes (Enfermedad_idEnfermedad, Genes_Nombre) VALUES ('GRCh38/hg38 21q11.2-22.3(chr21:7749532-46677460)x3', 'LINC00112');
INSERT IGNORE INTO Genes (Nombre) VALUES ('LINC00113');
INSERT INTO Enfermedad_has_Genes (Enfermedad_idEnfermedad, Genes_Nombre) VALUES ('GRCh38/hg38 21q11.2-22.3(chr21:7749532-46677460)x3', 'LINC00113');
INSERT IGNORE INTO Genes (Nombre) VALUES ('LINC00114');
INSERT INTO Enfermedad_has_Genes (Enfermedad_idEnfermedad, Genes_Nombre) VALUES ('GRCh38/hg38 21q11.2-22.3(chr21:7749532-46677460)x3', 'LINC00114');
INSERT IGNORE INTO Genes (Nombre) VALUES ('LINC00158');
INSERT INTO Enfermedad_has_Genes (Enfermedad_idEnfermedad, Genes_Nombre) VALUES ('GRCh38/hg38 21q11.2-22.3(chr21:7749532-46677460)x3', 'LINC00158');
INSERT IGNORE INTO Genes (Nombre) VALUES ('LINC00159');
INSERT INTO Enfermedad_has_Genes (Enfermedad_idEnfermedad, Genes_Nombre) VALUES ('GRCh38/hg38 21q11.2-22.3(chr21:7749532-46677460)x3', 'LINC00159');
INSERT IGNORE INTO Genes (Nombre) VALUES ('LINC00160');
INSERT INTO Enfermedad_has_Genes (Enfermedad_idEnfermedad, Genes_Nombre) VALUES ('GRCh38/hg38 21q11.2-22.3(chr21:7749532-46677460)x3', 'LINC00160');
INSERT IGNORE INTO Genes (Nombre) VALUES ('LINC00161');
INSERT INTO Enfermedad_has_Genes (Enfermedad_idEnfermedad, Genes_Nombre) VALUES ('GRCh38/hg38 21q11.2-22.3(chr21:7749532-46677460)x3', 'LINC00161');
INSERT IGNORE INTO Genes (Nombre) VALUES ('LINC00163');
INSERT INTO Enfermedad_has_Genes (Enfermedad_idEnfermedad, Genes_Nombre) VALUES ('GRCh38/hg38 21q11.2-22.3(chr21:7749532-46677460)x3', 'LINC00163');
INSERT IGNORE INTO Genes (Nombre) VALUES ('LINC00165');
INSERT INTO Enfermedad_has_Genes (Enfermedad_idEnfermedad, Genes_Nombre) VALUES ('GRCh38/hg38 21q11.2-22.3(chr21:7749532-46677460)x3', 'LINC00165');
INSERT IGNORE INTO Genes (Nombre) VALUES ('LINC00189');
INSERT INTO Enfermedad_has_Genes (Enfermedad_idEnfermedad, Genes_Nombre) VALUES ('GRCh38/hg38 21q11.2-22.3(chr21:7749532-46677460)x3', 'LINC00189');
INSERT IGNORE INTO Genes (Nombre) VALUES ('LINC00205');
INSERT INTO Enfermedad_has_Genes (Enfermedad_idEnfermedad, Genes_Nombre) VALUES ('GRCh38/hg38 21q11.2-22.3(chr21:7749532-46677460)x3', 'LINC00205');
INSERT IGNORE INTO Genes (Nombre) VALUES ('LINC00307');
INSERT INTO Enfermedad_has_Genes (Enfermedad_idEnfermedad, Genes_Nombre) VALUES ('GRCh38/hg38 21q11.2-22.3(chr21:7749532-46677460)x3', 'LINC00307');
INSERT IGNORE INTO Genes (Nombre) VALUES ('LINC00308');
INSERT INTO Enfermedad_has_Genes (Enfermedad_idEnfermedad, Genes_Nombre) VALUES ('GRCh38/hg38 21q11.2-22.3(chr21:7749532-46677460)x3', 'LINC00308');
INSERT IGNORE INTO Genes (Nombre) VALUES ('LINC00310');
INSERT INTO Enfermedad_has_Genes (Enfermedad_idEnfermedad, Genes_Nombre) VALUES ('GRCh38/hg38 21q11.2-22.3(chr21:7749532-46677460)x3', 'LINC00310');
INSERT IGNORE INTO Genes (Nombre) VALUES ('LINC00313');
INSERT INTO Enfermedad_has_Genes (Enfermedad_idEnfermedad, Genes_Nombre) VALUES ('GRCh38/hg38 21q11.2-22.3(chr21:7749532-46677460)x3', 'LINC00313');
INSERT IGNORE INTO Genes (Nombre) VALUES ('LINC00314');
INSERT INTO Enfermedad_has_Genes (Enfermedad_idEnfermedad, Genes_Nombre) VALUES ('GRCh38/hg38 21q11.2-22.3(chr21:7749532-46677460)x3', 'LINC00314');
INSERT IGNORE INTO Genes (Nombre) VALUES ('LINC00315');
INSERT INTO Enfermedad_has_Genes (Enfermedad_idEnfermedad, Genes_Nombre) VALUES ('GRCh38/hg38 21q11.2-22.3(chr21:7749532-46677460)x3', 'LINC00315');
INSERT IGNORE INTO Genes (Nombre) VALUES ('LINC00316');
INSERT INTO Enfermedad_has_Genes (Enfermedad_idEnfermedad, Genes_Nombre) VALUES ('GRCh38/hg38 21q11.2-22.3(chr21:7749532-46677460)x3', 'LINC00316');
INSERT IGNORE INTO Genes (Nombre) VALUES ('LINC00317');
INSERT INTO Enfermedad_has_Genes (Enfermedad_idEnfermedad, Genes_Nombre) VALUES ('GRCh38/hg38 21q11.2-22.3(chr21:7749532-46677460)x3', 'LINC00317');
INSERT IGNORE INTO Genes (Nombre) VALUES ('LINC00319');
INSERT INTO Enfermedad_has_Genes (Enfermedad_idEnfermedad, Genes_Nombre) VALUES ('GRCh38/hg38 21q11.2-22.3(chr21:7749532-46677460)x3', 'LINC00319');
INSERT IGNORE INTO Genes (Nombre) VALUES ('LINC00320');
INSERT INTO Enfermedad_has_Genes (Enfermedad_idEnfermedad, Genes_Nombre) VALUES ('GRCh38/hg38 21q11.2-22.3(chr21:7749532-46677460)x3', 'LINC00320');
INSERT IGNORE INTO Genes (Nombre) VALUES ('LINC00322');
INSERT INTO Enfermedad_has_Genes (Enfermedad_idEnfermedad, Genes_Nombre) VALUES ('GRCh38/hg38 21q11.2-22.3(chr21:7749532-46677460)x3', 'LINC00322');
INSERT IGNORE INTO Genes (Nombre) VALUES ('LINC00323');
INSERT INTO Enfermedad_has_Genes (Enfermedad_idEnfermedad, Genes_Nombre) VALUES ('GRCh38/hg38 21q11.2-22.3(chr21:7749532-46677460)x3', 'LINC00323');
INSERT IGNORE INTO Genes (Nombre) VALUES ('LINC00334');
INSERT INTO Enfermedad_has_Genes (Enfermedad_idEnfermedad, Genes_Nombre) VALUES ('GRCh38/hg38 21q11.2-22.3(chr21:7749532-46677460)x3', 'LINC00334');
INSERT IGNORE INTO Genes (Nombre) VALUES ('LINC00479');
INSERT INTO Enfermedad_has_Genes (Enfermedad_idEnfermedad, Genes_Nombre) VALUES ('GRCh38/hg38 21q11.2-22.3(chr21:7749532-46677460)x3', 'LINC00479');
INSERT IGNORE INTO Genes (Nombre) VALUES ('LINC00515');
INSERT INTO Enfermedad_has_Genes (Enfermedad_idEnfermedad, Genes_Nombre) VALUES ('GRCh38/hg38 21q11.2-22.3(chr21:7749532-46677460)x3', 'LINC00515');
INSERT IGNORE INTO Genes (Nombre) VALUES ('LINC00649');
INSERT INTO Enfermedad_has_Genes (Enfermedad_idEnfermedad, Genes_Nombre) VALUES ('GRCh38/hg38 21q11.2-22.3(chr21:7749532-46677460)x3', 'LINC00649');
INSERT IGNORE INTO Genes (Nombre) VALUES ('LINC00945');
INSERT INTO Enfermedad_has_Genes (Enfermedad_idEnfermedad, Genes_Nombre) VALUES ('GRCh38/hg38 21q11.2-22.3(chr21:7749532-46677460)x3', 'LINC00945');
INSERT IGNORE INTO Genes (Nombre) VALUES ('LINC01423');
INSERT INTO Enfermedad_has_Genes (Enfermedad_idEnfermedad, Genes_Nombre) VALUES ('GRCh38/hg38 21q11.2-22.3(chr21:7749532-46677460)x3', 'LINC01423');
INSERT IGNORE INTO Genes (Nombre) VALUES ('LINC01424');
INSERT INTO Enfermedad_has_Genes (Enfermedad_idEnfermedad, Genes_Nombre) VALUES ('GRCh38/hg38 21q11.2-22.3(chr21:7749532-46677460)x3', 'LINC01424');
INSERT IGNORE INTO Genes (Nombre) VALUES ('LINC01425');
INSERT INTO Enfermedad_has_Genes (Enfermedad_idEnfermedad, Genes_Nombre) VALUES ('GRCh38/hg38 21q11.2-22.3(chr21:7749532-46677460)x3', 'LINC01425');
INSERT IGNORE INTO Genes (Nombre) VALUES ('LINC01426');
INSERT INTO Enfermedad_has_Genes (Enfermedad_idEnfermedad, Genes_Nombre) VALUES ('GRCh38/hg38 21q11.2-22.3(chr21:7749532-46677460)x3', 'LINC01426');
INSERT IGNORE INTO Genes (Nombre) VALUES ('LINC01436');
INSERT INTO Enfermedad_has_Genes (Enfermedad_idEnfermedad, Genes_Nombre) VALUES ('GRCh38/hg38 21q11.2-22.3(chr21:7749532-46677460)x3', 'LINC01436');
INSERT IGNORE INTO Genes (Nombre) VALUES ('LINC01547');
INSERT INTO Enfermedad_has_Genes (Enfermedad_idEnfermedad, Genes_Nombre) VALUES ('GRCh38/hg38 21q11.2-22.3(chr21:7749532-46677460)x3', 'LINC01547');
INSERT IGNORE INTO Genes (Nombre) VALUES ('LINC01548');
INSERT INTO Enfermedad_has_Genes (Enfermedad_idEnfermedad, Genes_Nombre) VALUES ('GRCh38/hg38 21q11.2-22.3(chr21:7749532-46677460)x3', 'LINC01548');
INSERT IGNORE INTO Genes (Nombre) VALUES ('LINC01549');
INSERT INTO Enfermedad_has_Genes (Enfermedad_idEnfermedad, Genes_Nombre) VALUES ('GRCh38/hg38 21q11.2-22.3(chr21:7749532-46677460)x3', 'LINC01549');
INSERT IGNORE INTO Genes (Nombre) VALUES ('LINC01666');
INSERT INTO Enfermedad_has_Genes (Enfermedad_idEnfermedad, Genes_Nombre) VALUES ('GRCh38/hg38 21q11.2-22.3(chr21:7749532-46677460)x3', 'LINC01666');
INSERT IGNORE INTO Genes (Nombre) VALUES ('LINC01667');
INSERT INTO Enfermedad_has_Genes (Enfermedad_idEnfermedad, Genes_Nombre) VALUES ('GRCh38/hg38 21q11.2-22.3(chr21:7749532-46677460)x3', 'LINC01667');
INSERT IGNORE INTO Genes (Nombre) VALUES ('LINC01668');
INSERT INTO Enfermedad_has_Genes (Enfermedad_idEnfermedad, Genes_Nombre) VALUES ('GRCh38/hg38 21q11.2-22.3(chr21:7749532-46677460)x3', 'LINC01668');
INSERT IGNORE INTO Genes (Nombre) VALUES ('LINC01671');
INSERT INTO Enfermedad_has_Genes (Enfermedad_idEnfermedad, Genes_Nombre) VALUES ('GRCh38/hg38 21q11.2-22.3(chr21:7749532-46677460)x3', 'LINC01671');
INSERT IGNORE INTO Genes (Nombre) VALUES ('LINC01673');
INSERT INTO Enfermedad_has_Genes (Enfermedad_idEnfermedad, Genes_Nombre) VALUES ('GRCh38/hg38 21q11.2-22.3(chr21:7749532-46677460)x3', 'LINC01673');
INSERT IGNORE INTO Genes (Nombre) VALUES ('LINC01674');
INSERT INTO Enfermedad_has_Genes (Enfermedad_idEnfermedad, Genes_Nombre) VALUES ('GRCh38/hg38 21q11.2-22.3(chr21:7749532-46677460)x3', 'LINC01674');
INSERT IGNORE INTO Genes (Nombre) VALUES ('LINC01678');
INSERT INTO Enfermedad_has_Genes (Enfermedad_idEnfermedad, Genes_Nombre) VALUES ('GRCh38/hg38 21q11.2-22.3(chr21:7749532-46677460)x3', 'LINC01678');
INSERT IGNORE INTO Genes (Nombre) VALUES ('LINC01679');
INSERT INTO Enfermedad_has_Genes (Enfermedad_idEnfermedad, Genes_Nombre) VALUES ('GRCh38/hg38 21q11.2-22.3(chr21:7749532-46677460)x3', 'LINC01679');
INSERT IGNORE INTO Genes (Nombre) VALUES ('LINC01683');
INSERT INTO Enfermedad_has_Genes (Enfermedad_idEnfermedad, Genes_Nombre) VALUES ('GRCh38/hg38 21q11.2-22.3(chr21:7749532-46677460)x3', 'LINC01683');
INSERT IGNORE INTO Genes (Nombre) VALUES ('LINC01684');
INSERT INTO Enfermedad_has_Genes (Enfermedad_idEnfermedad, Genes_Nombre) VALUES ('GRCh38/hg38 21q11.2-22.3(chr21:7749532-46677460)x3', 'LINC01684');
INSERT IGNORE INTO Genes (Nombre) VALUES ('LINC01687');
INSERT INTO Enfermedad_has_Genes (Enfermedad_idEnfermedad, Genes_Nombre) VALUES ('GRCh38/hg38 21q11.2-22.3(chr21:7749532-46677460)x3', 'LINC01687');
INSERT IGNORE INTO Genes (Nombre) VALUES ('LINC01689');
INSERT INTO Enfermedad_has_Genes (Enfermedad_idEnfermedad, Genes_Nombre) VALUES ('GRCh38/hg38 21q11.2-22.3(chr21:7749532-46677460)x3', 'LINC01689');
INSERT IGNORE INTO Genes (Nombre) VALUES ('LINC01690');
INSERT INTO Enfermedad_has_Genes (Enfermedad_idEnfermedad, Genes_Nombre) VALUES ('GRCh38/hg38 21q11.2-22.3(chr21:7749532-46677460)x3', 'LINC01690');
INSERT IGNORE INTO Genes (Nombre) VALUES ('LINC01692');
INSERT INTO Enfermedad_has_Genes (Enfermedad_idEnfermedad, Genes_Nombre) VALUES ('GRCh38/hg38 21q11.2-22.3(chr21:7749532-46677460)x3', 'LINC01692');
INSERT IGNORE INTO Genes (Nombre) VALUES ('LINC01694');
INSERT INTO Enfermedad_has_Genes (Enfermedad_idEnfermedad, Genes_Nombre) VALUES ('GRCh38/hg38 21q11.2-22.3(chr21:7749532-46677460)x3', 'LINC01694');
INSERT IGNORE INTO Genes (Nombre) VALUES ('LINC01695');
INSERT INTO Enfermedad_has_Genes (Enfermedad_idEnfermedad, Genes_Nombre) VALUES ('GRCh38/hg38 21q11.2-22.3(chr21:7749532-46677460)x3', 'LINC01695');
INSERT IGNORE INTO Genes (Nombre) VALUES ('LINC01697');
INSERT INTO Enfermedad_has_Genes (Enfermedad_idEnfermedad, Genes_Nombre) VALUES ('GRCh38/hg38 21q11.2-22.3(chr21:7749532-46677460)x3', 'LINC01697');
INSERT IGNORE INTO Genes (Nombre) VALUES ('LINC01700');
INSERT INTO Enfermedad_has_Genes (Enfermedad_idEnfermedad, Genes_Nombre) VALUES ('GRCh38/hg38 21q11.2-22.3(chr21:7749532-46677460)x3', 'LINC01700');
INSERT IGNORE INTO Genes (Nombre) VALUES ('LINC02246');
INSERT INTO Enfermedad_has_Genes (Enfermedad_idEnfermedad, Genes_Nombre) VALUES ('GRCh38/hg38 21q11.2-22.3(chr21:7749532-46677460)x3', 'LINC02246');
INSERT IGNORE INTO Genes (Nombre) VALUES ('LINC02573');
INSERT INTO Enfermedad_has_Genes (Enfermedad_idEnfermedad, Genes_Nombre) VALUES ('GRCh38/hg38 21q11.2-22.3(chr21:7749532-46677460)x3', 'LINC02573');
INSERT IGNORE INTO Genes (Nombre) VALUES ('LINC02575');
INSERT INTO Enfermedad_has_Genes (Enfermedad_idEnfermedad, Genes_Nombre) VALUES ('GRCh38/hg38 21q11.2-22.3(chr21:7749532-46677460)x3', 'LINC02575');
INSERT IGNORE INTO Genes (Nombre) VALUES ('LINC02940');
INSERT INTO Enfermedad_has_Genes (Enfermedad_idEnfermedad, Genes_Nombre) VALUES ('GRCh38/hg38 21q11.2-22.3(chr21:7749532-46677460)x3', 'LINC02940');
INSERT IGNORE INTO Genes (Nombre) VALUES ('LINC02943');
INSERT INTO Enfermedad_has_Genes (Enfermedad_idEnfermedad, Genes_Nombre) VALUES ('GRCh38/hg38 21q11.2-22.3(chr21:7749532-46677460)x3', 'LINC02943');
INSERT IGNORE INTO Genes (Nombre) VALUES ('LIPI');
INSERT INTO Enfermedad_has_Genes (Enfermedad_idEnfermedad, Genes_Nombre) VALUES ('GRCh38/hg38 21q11.2-22.3(chr21:7749532-46677460)x3', 'LIPI');
INSERT IGNORE INTO Genes (Nombre) VALUES ('LNCSIK1');
INSERT INTO Enfermedad_has_Genes (Enfermedad_idEnfermedad, Genes_Nombre) VALUES ('GRCh38/hg38 21q11.2-22.3(chr21:7749532-46677460)x3', 'LNCSIK1');
INSERT IGNORE INTO Genes (Nombre) VALUES ('LOC100506403');
INSERT INTO Enfermedad_has_Genes (Enfermedad_idEnfermedad, Genes_Nombre) VALUES ('GRCh38/hg38 21q11.2-22.3(chr21:7749532-46677460)x3', 'LOC100506403');
INSERT IGNORE INTO Genes (Nombre) VALUES ('LOC101928107');
INSERT INTO Enfermedad_has_Genes (Enfermedad_idEnfermedad, Genes_Nombre) VALUES ('GRCh38/hg38 21q11.2-22.3(chr21:7749532-46677460)x3', 'LOC101928107');
INSERT IGNORE INTO Genes (Nombre) VALUES ('LOC101928126');
INSERT INTO Enfermedad_has_Genes (Enfermedad_idEnfermedad, Genes_Nombre) VALUES ('GRCh38/hg38 21q11.2-22.3(chr21:7749532-46677460)x3', 'LOC101928126');
INSERT IGNORE INTO Genes (Nombre) VALUES ('LOC101928212');
INSERT INTO Enfermedad_has_Genes (Enfermedad_idEnfermedad, Genes_Nombre) VALUES ('GRCh38/hg38 21q11.2-22.3(chr21:7749532-46677460)x3', 'LOC101928212');
INSERT IGNORE INTO Genes (Nombre) VALUES ('LOC101928269');
INSERT INTO Enfermedad_has_Genes (Enfermedad_idEnfermedad, Genes_Nombre) VALUES ('GRCh38/hg38 21q11.2-22.3(chr21:7749532-46677460)x3', 'LOC101928269');
INSERT IGNORE INTO Genes (Nombre) VALUES ('LOC101928398');
INSERT INTO Enfermedad_has_Genes (Enfermedad_idEnfermedad, Genes_Nombre) VALUES ('GRCh38/hg38 21q11.2-22.3(chr21:7749532-46677460)x3', 'LOC101928398');
INSERT IGNORE INTO Genes (Nombre) VALUES ('LOC101928796');
INSERT INTO Enfermedad_has_Genes (Enfermedad_idEnfermedad, Genes_Nombre) VALUES ('GRCh38/hg38 21q11.2-22.3(chr21:7749532-46677460)x3', 'LOC101928796');
INSERT IGNORE INTO Genes (Nombre) VALUES ('LOC102723451');
INSERT INTO Enfermedad_has_Genes (Enfermedad_idEnfermedad, Genes_Nombre) VALUES ('GRCh38/hg38 21q11.2-22.3(chr21:7749532-46677460)x3', 'LOC102723451');
INSERT IGNORE INTO Genes (Nombre) VALUES ('LOC102723475');
INSERT INTO Enfermedad_has_Genes (Enfermedad_idEnfermedad, Genes_Nombre) VALUES ('GRCh38/hg38 21q11.2-22.3(chr21:7749532-46677460)x3', 'LOC102723475');
INSERT IGNORE INTO Genes (Nombre) VALUES ('LOC102723553');
INSERT INTO Enfermedad_has_Genes (Enfermedad_idEnfermedad, Genes_Nombre) VALUES ('GRCh38/hg38 21q11.2-22.3(chr21:7749532-46677460)x3', 'LOC102723553');
INSERT IGNORE INTO Genes (Nombre) VALUES ('LOC105369306');
INSERT INTO Enfermedad_has_Genes (Enfermedad_idEnfermedad, Genes_Nombre) VALUES ('GRCh38/hg38 21q11.2-22.3(chr21:7749532-46677460)x3', 'LOC105369306');
INSERT IGNORE INTO Genes (Nombre) VALUES ('LOC105372795');
INSERT INTO Enfermedad_has_Genes (Enfermedad_idEnfermedad, Genes_Nombre) VALUES ('GRCh38/hg38 21q11.2-22.3(chr21:7749532-46677460)x3', 'LOC105372795');
INSERT IGNORE INTO Genes (Nombre) VALUES ('LOC105377134');
INSERT INTO Enfermedad_has_Genes (Enfermedad_idEnfermedad, Genes_Nombre) VALUES ('GRCh38/hg38 21q11.2-22.3(chr21:7749532-46677460)x3', 'LOC105377134');
INSERT IGNORE INTO Genes (Nombre) VALUES ('LOC105379514');
INSERT INTO Enfermedad_has_Genes (Enfermedad_idEnfermedad, Genes_Nombre) VALUES ('GRCh38/hg38 21q11.2-22.3(chr21:7749532-46677460)x3', 'LOC105379514');
INSERT IGNORE INTO Genes (Nombre) VALUES ('LOC107403075');
INSERT INTO Enfermedad_has_Genes (Enfermedad_idEnfermedad, Genes_Nombre) VALUES ('GRCh38/hg38 21q11.2-22.3(chr21:7749532-46677460)x3', 'LOC107403075');
INSERT IGNORE INTO Genes (Nombre) VALUES ('LOC107403153');
INSERT INTO Enfermedad_has_Genes (Enfermedad_idEnfermedad, Genes_Nombre) VALUES ('GRCh38/hg38 21q11.2-22.3(chr21:7749532-46677460)x3', 'LOC107403153');
INSERT IGNORE INTO Genes (Nombre) VALUES ('LOC107548109');
INSERT INTO Enfermedad_has_Genes (Enfermedad_idEnfermedad, Genes_Nombre) VALUES ('GRCh38/hg38 21q11.2-22.3(chr21:7749532-46677460)x3', 'LOC107548109');
INSERT IGNORE INTO Genes (Nombre) VALUES ('LOC107548111');
INSERT INTO Enfermedad_has_Genes (Enfermedad_idEnfermedad, Genes_Nombre) VALUES ('GRCh38/hg38 21q11.2-22.3(chr21:7749532-46677460)x3', 'LOC107548111');
INSERT IGNORE INTO Genes (Nombre) VALUES ('LOC107983987');
INSERT INTO Enfermedad_has_Genes (Enfermedad_idEnfermedad, Genes_Nombre) VALUES ('GRCh38/hg38 21q11.2-22.3(chr21:7749532-46677460)x3', 'LOC107983987');
INSERT IGNORE INTO Genes (Nombre) VALUES ('LOC108251799');
INSERT INTO Enfermedad_has_Genes (Enfermedad_idEnfermedad, Genes_Nombre) VALUES ('GRCh38/hg38 21q11.2-22.3(chr21:7749532-46677460)x3', 'LOC108251799');
INSERT IGNORE INTO Genes (Nombre) VALUES ('LOC108254685');
INSERT INTO Enfermedad_has_Genes (Enfermedad_idEnfermedad, Genes_Nombre) VALUES ('GRCh38/hg38 21q11.2-22.3(chr21:7749532-46677460)x3', 'LOC108254685');
INSERT IGNORE INTO Genes (Nombre) VALUES ('LOC108281139');
INSERT INTO Enfermedad_has_Genes (Enfermedad_idEnfermedad, Genes_Nombre) VALUES ('GRCh38/hg38 21q11.2-22.3(chr21:7749532-46677460)x3', 'LOC108281139');
INSERT IGNORE INTO Genes (Nombre) VALUES ('LOC108281150');
INSERT INTO Enfermedad_has_Genes (Enfermedad_idEnfermedad, Genes_Nombre) VALUES ('GRCh38/hg38 21q11.2-22.3(chr21:7749532-46677460)x3', 'LOC108281150');
INSERT IGNORE INTO Genes (Nombre) VALUES ('LOC108281151');
INSERT INTO Enfermedad_has_Genes (Enfermedad_idEnfermedad, Genes_Nombre) VALUES ('GRCh38/hg38 21q11.2-22.3(chr21:7749532-46677460)x3', 'LOC108281151');
INSERT IGNORE INTO Genes (Nombre) VALUES ('LOC108281168');
INSERT INTO Enfermedad_has_Genes (Enfermedad_idEnfermedad, Genes_Nombre) VALUES ('GRCh38/hg38 21q11.2-22.3(chr21:7749532-46677460)x3', 'LOC108281168');
INSERT IGNORE INTO Genes (Nombre) VALUES ('LOC109029533');
INSERT INTO Enfermedad_has_Genes (Enfermedad_idEnfermedad, Genes_Nombre) VALUES ('GRCh38/hg38 21q11.2-22.3(chr21:7749532-46677460)x3', 'LOC109029533');
INSERT IGNORE INTO Genes (Nombre) VALUES ('LOC109648314');
INSERT INTO Enfermedad_has_Genes (Enfermedad_idEnfermedad, Genes_Nombre) VALUES ('GRCh38/hg38 21q11.2-22.3(chr21:7749532-46677460)x3', 'LOC109648314');
INSERT IGNORE INTO Genes (Nombre) VALUES ('LOC109648316');
INSERT INTO Enfermedad_has_Genes (Enfermedad_idEnfermedad, Genes_Nombre) VALUES ('GRCh38/hg38 21q11.2-22.3(chr21:7749532-46677460)x3', 'LOC109648316');
INSERT IGNORE INTO Genes (Nombre) VALUES ('LOC109648317');
INSERT INTO Enfermedad_has_Genes (Enfermedad_idEnfermedad, Genes_Nombre) VALUES ('GRCh38/hg38 21q11.2-22.3(chr21:7749532-46677460)x3', 'LOC109648317');
INSERT IGNORE INTO Genes (Nombre) VALUES ('LOC110121331');
INSERT INTO Enfermedad_has_Genes (Enfermedad_idEnfermedad, Genes_Nombre) VALUES ('GRCh38/hg38 21q11.2-22.3(chr21:7749532-46677460)x3', 'LOC110121331');
INSERT IGNORE INTO Genes (Nombre) VALUES ('LOC110121341');
INSERT INTO Enfermedad_has_Genes (Enfermedad_idEnfermedad, Genes_Nombre) VALUES ('GRCh38/hg38 21q11.2-22.3(chr21:7749532-46677460)x3', 'LOC110121341');
INSERT IGNORE INTO Genes (Nombre) VALUES ('LOC110121350');
INSERT INTO Enfermedad_has_Genes (Enfermedad_idEnfermedad, Genes_Nombre) VALUES ('GRCh38/hg38 21q11.2-22.3(chr21:7749532-46677460)x3', 'LOC110121350');
INSERT IGNORE INTO Genes (Nombre) VALUES ('LOC110121368');
INSERT INTO Enfermedad_has_Genes (Enfermedad_idEnfermedad, Genes_Nombre) VALUES ('GRCh38/hg38 21q11.2-22.3(chr21:7749532-46677460)x3', 'LOC110121368');
INSERT IGNORE INTO Genes (Nombre) VALUES ('LOC110121385');
INSERT INTO Enfermedad_has_Genes (Enfermedad_idEnfermedad, Genes_Nombre) VALUES ('GRCh38/hg38 21q11.2-22.3(chr21:7749532-46677460)x3', 'LOC110121385');
INSERT IGNORE INTO Genes (Nombre) VALUES ('LOC110121395');
INSERT INTO Enfermedad_has_Genes (Enfermedad_idEnfermedad, Genes_Nombre) VALUES ('GRCh38/hg38 21q11.2-22.3(chr21:7749532-46677460)x3', 'LOC110121395');
INSERT IGNORE INTO Genes (Nombre) VALUES ('LOC110121429');
INSERT INTO Enfermedad_has_Genes (Enfermedad_idEnfermedad, Genes_Nombre) VALUES ('GRCh38/hg38 21q11.2-22.3(chr21:7749532-46677460)x3', 'LOC110121429');
INSERT IGNORE INTO Genes (Nombre) VALUES ('LOC110121448');
INSERT INTO Enfermedad_has_Genes (Enfermedad_idEnfermedad, Genes_Nombre) VALUES ('GRCh38/hg38 21q11.2-22.3(chr21:7749532-46677460)x3', 'LOC110121448');
INSERT IGNORE INTO Genes (Nombre) VALUES ('LOC110121481');
INSERT INTO Enfermedad_has_Genes (Enfermedad_idEnfermedad, Genes_Nombre) VALUES ('GRCh38/hg38 21q11.2-22.3(chr21:7749532-46677460)x3', 'LOC110121481');
INSERT IGNORE INTO Genes (Nombre) VALUES ('LOC110121495');
INSERT INTO Enfermedad_has_Genes (Enfermedad_idEnfermedad, Genes_Nombre) VALUES ('GRCh38/hg38 21q11.2-22.3(chr21:7749532-46677460)x3', 'LOC110121495');
INSERT IGNORE INTO Genes (Nombre) VALUES ('LOC110121500');
INSERT INTO Enfermedad_has_Genes (Enfermedad_idEnfermedad, Genes_Nombre) VALUES ('GRCh38/hg38 21q11.2-22.3(chr21:7749532-46677460)x3', 'LOC110121500');
INSERT IGNORE INTO Genes (Nombre) VALUES ('LOC111099027');
INSERT INTO Enfermedad_has_Genes (Enfermedad_idEnfermedad, Genes_Nombre) VALUES ('GRCh38/hg38 21q11.2-22.3(chr21:7749532-46677460)x3', 'LOC111099027');
INSERT IGNORE INTO Genes (Nombre) VALUES ('LOC111099028');
INSERT INTO Enfermedad_has_Genes (Enfermedad_idEnfermedad, Genes_Nombre) VALUES ('GRCh38/hg38 21q11.2-22.3(chr21:7749532-46677460)x3', 'LOC111099028');
INSERT IGNORE INTO Genes (Nombre) VALUES ('LOC111188161');
INSERT INTO Enfermedad_has_Genes (Enfermedad_idEnfermedad, Genes_Nombre) VALUES ('GRCh38/hg38 21q11.2-22.3(chr21:7749532-46677460)x3', 'LOC111188161');
INSERT IGNORE INTO Genes (Nombre) VALUES ('LOC111556145');
INSERT INTO Enfermedad_has_Genes (Enfermedad_idEnfermedad, Genes_Nombre) VALUES ('GRCh38/hg38 21q11.2-22.3(chr21:7749532-46677460)x3', 'LOC111556145');
INSERT IGNORE INTO Genes (Nombre) VALUES ('LOC112694732');
INSERT INTO Enfermedad_has_Genes (Enfermedad_idEnfermedad, Genes_Nombre) VALUES ('GRCh38/hg38 21q11.2-22.3(chr21:7749532-46677460)x3', 'LOC112694732');
INSERT IGNORE INTO Genes (Nombre) VALUES ('LOC112694733');
INSERT INTO Enfermedad_has_Genes (Enfermedad_idEnfermedad, Genes_Nombre) VALUES ('GRCh38/hg38 21q11.2-22.3(chr21:7749532-46677460)x3', 'LOC112694733');
INSERT IGNORE INTO Genes (Nombre) VALUES ('LOC112694734');
INSERT INTO Enfermedad_has_Genes (Enfermedad_idEnfermedad, Genes_Nombre) VALUES ('GRCh38/hg38 21q11.2-22.3(chr21:7749532-46677460)x3', 'LOC112694734');
INSERT IGNORE INTO Genes (Nombre) VALUES ('LOC112694735');
INSERT INTO Enfermedad_has_Genes (Enfermedad_idEnfermedad, Genes_Nombre) VALUES ('GRCh38/hg38 21q11.2-22.3(chr21:7749532-46677460)x3', 'LOC112694735');
INSERT IGNORE INTO Genes (Nombre) VALUES ('LOC112694736');
INSERT INTO Enfermedad_has_Genes (Enfermedad_idEnfermedad, Genes_Nombre) VALUES ('GRCh38/hg38 21q11.2-22.3(chr21:7749532-46677460)x3', 'LOC112694736');
INSERT IGNORE INTO Genes (Nombre) VALUES ('LOC112694740');
INSERT INTO Enfermedad_has_Genes (Enfermedad_idEnfermedad, Genes_Nombre) VALUES ('GRCh38/hg38 21q11.2-22.3(chr21:7749532-46677460)x3', 'LOC112694740');
INSERT IGNORE INTO Genes (Nombre) VALUES ('LOC112694741');
INSERT INTO Enfermedad_has_Genes (Enfermedad_idEnfermedad, Genes_Nombre) VALUES ('GRCh38/hg38 21q11.2-22.3(chr21:7749532-46677460)x3', 'LOC112694741');
INSERT IGNORE INTO Genes (Nombre) VALUES ('LOC112694744');
INSERT INTO Enfermedad_has_Genes (Enfermedad_idEnfermedad, Genes_Nombre) VALUES ('GRCh38/hg38 21q11.2-22.3(chr21:7749532-46677460)x3', 'LOC112694744');
INSERT IGNORE INTO Genes (Nombre) VALUES ('LOC112694745');
INSERT INTO Enfermedad_has_Genes (Enfermedad_idEnfermedad, Genes_Nombre) VALUES ('GRCh38/hg38 21q11.2-22.3(chr21:7749532-46677460)x3', 'LOC112694745');
INSERT IGNORE INTO Genes (Nombre) VALUES ('LOC112694746');
INSERT INTO Enfermedad_has_Genes (Enfermedad_idEnfermedad, Genes_Nombre) VALUES ('GRCh38/hg38 21q11.2-22.3(chr21:7749532-46677460)x3', 'LOC112694746');
INSERT IGNORE INTO Genes (Nombre) VALUES ('LOC112694747');
INSERT INTO Enfermedad_has_Genes (Enfermedad_idEnfermedad, Genes_Nombre) VALUES ('GRCh38/hg38 21q11.2-22.3(chr21:7749532-46677460)x3', 'LOC112694747');
INSERT IGNORE INTO Genes (Nombre) VALUES ('LOC112694748');
INSERT INTO Enfermedad_has_Genes (Enfermedad_idEnfermedad, Genes_Nombre) VALUES ('GRCh38/hg38 21q11.2-22.3(chr21:7749532-46677460)x3', 'LOC112694748');
INSERT IGNORE INTO Genes (Nombre) VALUES ('LOC112694749');
INSERT INTO Enfermedad_has_Genes (Enfermedad_idEnfermedad, Genes_Nombre) VALUES ('GRCh38/hg38 21q11.2-22.3(chr21:7749532-46677460)x3', 'LOC112694749');
INSERT IGNORE INTO Genes (Nombre) VALUES ('LOC112694750');
INSERT INTO Enfermedad_has_Genes (Enfermedad_idEnfermedad, Genes_Nombre) VALUES ('GRCh38/hg38 21q11.2-22.3(chr21:7749532-46677460)x3', 'LOC112694750');
INSERT IGNORE INTO Genes (Nombre) VALUES ('LOC112694751');
INSERT INTO Enfermedad_has_Genes (Enfermedad_idEnfermedad, Genes_Nombre) VALUES ('GRCh38/hg38 21q11.2-22.3(chr21:7749532-46677460)x3', 'LOC112694751');
INSERT IGNORE INTO Genes (Nombre) VALUES ('LOC112694752');
INSERT INTO Enfermedad_has_Genes (Enfermedad_idEnfermedad, Genes_Nombre) VALUES ('GRCh38/hg38 21q11.2-22.3(chr21:7749532-46677460)x3', 'LOC112694752');
INSERT IGNORE INTO Genes (Nombre) VALUES ('LOC112694753');
INSERT INTO Enfermedad_has_Genes (Enfermedad_idEnfermedad, Genes_Nombre) VALUES ('GRCh38/hg38 21q11.2-22.3(chr21:7749532-46677460)x3', 'LOC112694753');
INSERT IGNORE INTO Genes (Nombre) VALUES ('LOC112694754');
INSERT INTO Enfermedad_has_Genes (Enfermedad_idEnfermedad, Genes_Nombre) VALUES ('GRCh38/hg38 21q11.2-22.3(chr21:7749532-46677460)x3', 'LOC112694754');
INSERT IGNORE INTO Genes (Nombre) VALUES ('LOC114004360');
INSERT INTO Enfermedad_has_Genes (Enfermedad_idEnfermedad, Genes_Nombre) VALUES ('GRCh38/hg38 21q11.2-22.3(chr21:7749532-46677460)x3', 'LOC114004360');
INSERT IGNORE INTO Genes (Nombre) VALUES ('LOC114827853');
INSERT INTO Enfermedad_has_Genes (Enfermedad_idEnfermedad, Genes_Nombre) VALUES ('GRCh38/hg38 21q11.2-22.3(chr21:7749532-46677460)x3', 'LOC114827853');
INSERT IGNORE INTO Genes (Nombre) VALUES ('LOC116309120');
INSERT INTO Enfermedad_has_Genes (Enfermedad_idEnfermedad, Genes_Nombre) VALUES ('GRCh38/hg38 21q11.2-22.3(chr21:7749532-46677460)x3', 'LOC116309120');
INSERT IGNORE INTO Genes (Nombre) VALUES ('LOC116309121');
INSERT INTO Enfermedad_has_Genes (Enfermedad_idEnfermedad, Genes_Nombre) VALUES ('GRCh38/hg38 21q11.2-22.3(chr21:7749532-46677460)x3', 'LOC116309121');
INSERT IGNORE INTO Genes (Nombre) VALUES ('LOC116309122');
INSERT INTO Enfermedad_has_Genes (Enfermedad_idEnfermedad, Genes_Nombre) VALUES ('GRCh38/hg38 21q11.2-22.3(chr21:7749532-46677460)x3', 'LOC116309122');
INSERT IGNORE INTO Genes (Nombre) VALUES ('LOC116309123');
INSERT INTO Enfermedad_has_Genes (Enfermedad_idEnfermedad, Genes_Nombre) VALUES ('GRCh38/hg38 21q11.2-22.3(chr21:7749532-46677460)x3', 'LOC116309123');
INSERT IGNORE INTO Genes (Nombre) VALUES ('LOC116309124');
INSERT INTO Enfermedad_has_Genes (Enfermedad_idEnfermedad, Genes_Nombre) VALUES ('GRCh38/hg38 21q11.2-22.3(chr21:7749532-46677460)x3', 'LOC116309124');
INSERT IGNORE INTO Genes (Nombre) VALUES ('LOC116309125');
INSERT INTO Enfermedad_has_Genes (Enfermedad_idEnfermedad, Genes_Nombre) VALUES ('GRCh38/hg38 21q11.2-22.3(chr21:7749532-46677460)x3', 'LOC116309125');
INSERT IGNORE INTO Genes (Nombre) VALUES ('LOC117134604');
INSERT INTO Enfermedad_has_Genes (Enfermedad_idEnfermedad, Genes_Nombre) VALUES ('GRCh38/hg38 21q11.2-22.3(chr21:7749532-46677460)x3', 'LOC117134604');
INSERT IGNORE INTO Genes (Nombre) VALUES ('LOC117134605');
INSERT INTO Enfermedad_has_Genes (Enfermedad_idEnfermedad, Genes_Nombre) VALUES ('GRCh38/hg38 21q11.2-22.3(chr21:7749532-46677460)x3', 'LOC117134605');
INSERT IGNORE INTO Genes (Nombre) VALUES ('LOC117134606');
INSERT INTO Enfermedad_has_Genes (Enfermedad_idEnfermedad, Genes_Nombre) VALUES ('GRCh38/hg38 21q11.2-22.3(chr21:7749532-46677460)x3', 'LOC117134606');
INSERT IGNORE INTO Genes (Nombre) VALUES ('LOC117134607');
INSERT INTO Enfermedad_has_Genes (Enfermedad_idEnfermedad, Genes_Nombre) VALUES ('GRCh38/hg38 21q11.2-22.3(chr21:7749532-46677460)x3', 'LOC117134607');
INSERT IGNORE INTO Genes (Nombre) VALUES ('LOC117134608');
INSERT INTO Enfermedad_has_Genes (Enfermedad_idEnfermedad, Genes_Nombre) VALUES ('GRCh38/hg38 21q11.2-22.3(chr21:7749532-46677460)x3', 'LOC117134608');
INSERT IGNORE INTO Genes (Nombre) VALUES ('LOC117134611');
INSERT INTO Enfermedad_has_Genes (Enfermedad_idEnfermedad, Genes_Nombre) VALUES ('GRCh38/hg38 21q11.2-22.3(chr21:7749532-46677460)x3', 'LOC117134611');
INSERT IGNORE INTO Genes (Nombre) VALUES ('LOC117135104');
INSERT INTO Enfermedad_has_Genes (Enfermedad_idEnfermedad, Genes_Nombre) VALUES ('GRCh38/hg38 21q11.2-22.3(chr21:7749532-46677460)x3', 'LOC117135104');
INSERT IGNORE INTO Genes (Nombre) VALUES ('LOC117135105');
INSERT INTO Enfermedad_has_Genes (Enfermedad_idEnfermedad, Genes_Nombre) VALUES ('GRCh38/hg38 21q11.2-22.3(chr21:7749532-46677460)x3', 'LOC117135105');
INSERT IGNORE INTO Genes (Nombre) VALUES ('LOC117135106');
INSERT INTO Enfermedad_has_Genes (Enfermedad_idEnfermedad, Genes_Nombre) VALUES ('GRCh38/hg38 21q11.2-22.3(chr21:7749532-46677460)x3', 'LOC117135106');
INSERT IGNORE INTO Genes (Nombre) VALUES ('LOC119230225');
INSERT INTO Enfermedad_has_Genes (Enfermedad_idEnfermedad, Genes_Nombre) VALUES ('GRCh38/hg38 21q11.2-22.3(chr21:7749532-46677460)x3', 'LOC119230225');
INSERT IGNORE INTO Genes (Nombre) VALUES ('LOC119266102');
INSERT INTO Enfermedad_has_Genes (Enfermedad_idEnfermedad, Genes_Nombre) VALUES ('GRCh38/hg38 21q11.2-22.3(chr21:7749532-46677460)x3', 'LOC119266102');
INSERT IGNORE INTO Genes (Nombre) VALUES ('LOC120807613');
INSERT INTO Enfermedad_has_Genes (Enfermedad_idEnfermedad, Genes_Nombre) VALUES ('GRCh38/hg38 21q11.2-22.3(chr21:7749532-46677460)x3', 'LOC120807613');
INSERT IGNORE INTO Genes (Nombre) VALUES ('LOC121627918');
INSERT INTO Enfermedad_has_Genes (Enfermedad_idEnfermedad, Genes_Nombre) VALUES ('GRCh38/hg38 21q11.2-22.3(chr21:7749532-46677460)x3', 'LOC121627918');
INSERT IGNORE INTO Genes (Nombre) VALUES ('LOC121627919');
INSERT INTO Enfermedad_has_Genes (Enfermedad_idEnfermedad, Genes_Nombre) VALUES ('GRCh38/hg38 21q11.2-22.3(chr21:7749532-46677460)x3', 'LOC121627919');
INSERT IGNORE INTO Genes (Nombre) VALUES ('LOC121627920');
INSERT INTO Enfermedad_has_Genes (Enfermedad_idEnfermedad, Genes_Nombre) VALUES ('GRCh38/hg38 21q11.2-22.3(chr21:7749532-46677460)x3', 'LOC121627920');
INSERT IGNORE INTO Genes (Nombre) VALUES ('LOC121627921');
INSERT INTO Enfermedad_has_Genes (Enfermedad_idEnfermedad, Genes_Nombre) VALUES ('GRCh38/hg38 21q11.2-22.3(chr21:7749532-46677460)x3', 'LOC121627921');
INSERT IGNORE INTO Genes (Nombre) VALUES ('LOC121627922');
INSERT INTO Enfermedad_has_Genes (Enfermedad_idEnfermedad, Genes_Nombre) VALUES ('GRCh38/hg38 21q11.2-22.3(chr21:7749532-46677460)x3', 'LOC121627922');
INSERT IGNORE INTO Genes (Nombre) VALUES ('LOC121627923');
INSERT INTO Enfermedad_has_Genes (Enfermedad_idEnfermedad, Genes_Nombre) VALUES ('GRCh38/hg38 21q11.2-22.3(chr21:7749532-46677460)x3', 'LOC121627923');
INSERT IGNORE INTO Genes (Nombre) VALUES ('LOC121627924');
INSERT INTO Enfermedad_has_Genes (Enfermedad_idEnfermedad, Genes_Nombre) VALUES ('GRCh38/hg38 21q11.2-22.3(chr21:7749532-46677460)x3', 'LOC121627924');
INSERT IGNORE INTO Genes (Nombre) VALUES ('LOC121627925');
INSERT INTO Enfermedad_has_Genes (Enfermedad_idEnfermedad, Genes_Nombre) VALUES ('GRCh38/hg38 21q11.2-22.3(chr21:7749532-46677460)x3', 'LOC121627925');
INSERT IGNORE INTO Genes (Nombre) VALUES ('LOC121627926');
INSERT INTO Enfermedad_has_Genes (Enfermedad_idEnfermedad, Genes_Nombre) VALUES ('GRCh38/hg38 21q11.2-22.3(chr21:7749532-46677460)x3', 'LOC121627926');
INSERT IGNORE INTO Genes (Nombre) VALUES ('LOC121627927');
INSERT INTO Enfermedad_has_Genes (Enfermedad_idEnfermedad, Genes_Nombre) VALUES ('GRCh38/hg38 21q11.2-22.3(chr21:7749532-46677460)x3', 'LOC121627927');
INSERT IGNORE INTO Genes (Nombre) VALUES ('LOC121725031');
INSERT INTO Enfermedad_has_Genes (Enfermedad_idEnfermedad, Genes_Nombre) VALUES ('GRCh38/hg38 21q11.2-22.3(chr21:7749532-46677460)x3', 'LOC121725031');
INSERT IGNORE INTO Genes (Nombre) VALUES ('LOC121853021');
INSERT INTO Enfermedad_has_Genes (Enfermedad_idEnfermedad, Genes_Nombre) VALUES ('GRCh38/hg38 21q11.2-22.3(chr21:7749532-46677460)x3', 'LOC121853021');
INSERT IGNORE INTO Genes (Nombre) VALUES ('LOC121853022');
INSERT INTO Enfermedad_has_Genes (Enfermedad_idEnfermedad, Genes_Nombre) VALUES ('GRCh38/hg38 21q11.2-22.3(chr21:7749532-46677460)x3', 'LOC121853022');
INSERT IGNORE INTO Genes (Nombre) VALUES ('LOC121853023');
INSERT INTO Enfermedad_has_Genes (Enfermedad_idEnfermedad, Genes_Nombre) VALUES ('GRCh38/hg38 21q11.2-22.3(chr21:7749532-46677460)x3', 'LOC121853023');
INSERT IGNORE INTO Genes (Nombre) VALUES ('LOC121853024');
INSERT INTO Enfermedad_has_Genes (Enfermedad_idEnfermedad, Genes_Nombre) VALUES ('GRCh38/hg38 21q11.2-22.3(chr21:7749532-46677460)x3', 'LOC121853024');
INSERT IGNORE INTO Genes (Nombre) VALUES ('LOC121853025');
INSERT INTO Enfermedad_has_Genes (Enfermedad_idEnfermedad, Genes_Nombre) VALUES ('GRCh38/hg38 21q11.2-22.3(chr21:7749532-46677460)x3', 'LOC121853025');
INSERT IGNORE INTO Genes (Nombre) VALUES ('LOC121853026');
INSERT INTO Enfermedad_has_Genes (Enfermedad_idEnfermedad, Genes_Nombre) VALUES ('GRCh38/hg38 21q11.2-22.3(chr21:7749532-46677460)x3', 'LOC121853026');
INSERT IGNORE INTO Genes (Nombre) VALUES ('LOC121853027');
INSERT INTO Enfermedad_has_Genes (Enfermedad_idEnfermedad, Genes_Nombre) VALUES ('GRCh38/hg38 21q11.2-22.3(chr21:7749532-46677460)x3', 'LOC121853027');
INSERT IGNORE INTO Genes (Nombre) VALUES ('LOC121853028');
INSERT INTO Enfermedad_has_Genes (Enfermedad_idEnfermedad, Genes_Nombre) VALUES ('GRCh38/hg38 21q11.2-22.3(chr21:7749532-46677460)x3', 'LOC121853028');
INSERT IGNORE INTO Genes (Nombre) VALUES ('LOC121853029');
INSERT INTO Enfermedad_has_Genes (Enfermedad_idEnfermedad, Genes_Nombre) VALUES ('GRCh38/hg38 21q11.2-22.3(chr21:7749532-46677460)x3', 'LOC121853029');
INSERT IGNORE INTO Genes (Nombre) VALUES ('LOC121853030');
INSERT INTO Enfermedad_has_Genes (Enfermedad_idEnfermedad, Genes_Nombre) VALUES ('GRCh38/hg38 21q11.2-22.3(chr21:7749532-46677460)x3', 'LOC121853030');
INSERT IGNORE INTO Genes (Nombre) VALUES ('LOC121853031');
INSERT INTO Enfermedad_has_Genes (Enfermedad_idEnfermedad, Genes_Nombre) VALUES ('GRCh38/hg38 21q11.2-22.3(chr21:7749532-46677460)x3', 'LOC121853031');
INSERT IGNORE INTO Genes (Nombre) VALUES ('LOC121853032');
INSERT INTO Enfermedad_has_Genes (Enfermedad_idEnfermedad, Genes_Nombre) VALUES ('GRCh38/hg38 21q11.2-22.3(chr21:7749532-46677460)x3', 'LOC121853032');
INSERT IGNORE INTO Genes (Nombre) VALUES ('LOC121853033');
INSERT INTO Enfermedad_has_Genes (Enfermedad_idEnfermedad, Genes_Nombre) VALUES ('GRCh38/hg38 21q11.2-22.3(chr21:7749532-46677460)x3', 'LOC121853033');
INSERT IGNORE INTO Genes (Nombre) VALUES ('LOC121853034');
INSERT INTO Enfermedad_has_Genes (Enfermedad_idEnfermedad, Genes_Nombre) VALUES ('GRCh38/hg38 21q11.2-22.3(chr21:7749532-46677460)x3', 'LOC121853034');
INSERT IGNORE INTO Genes (Nombre) VALUES ('LOC388813');
INSERT INTO Enfermedad_has_Genes (Enfermedad_idEnfermedad, Genes_Nombre) VALUES ('GRCh38/hg38 21q11.2-22.3(chr21:7749532-46677460)x3', 'LOC388813');
INSERT IGNORE INTO Genes (Nombre) VALUES ('LOC400867');
INSERT INTO Enfermedad_has_Genes (Enfermedad_idEnfermedad, Genes_Nombre) VALUES ('GRCh38/hg38 21q11.2-22.3(chr21:7749532-46677460)x3', 'LOC400867');
INSERT IGNORE INTO Genes (Nombre) VALUES ('LRRC3');
INSERT INTO Enfermedad_has_Genes (Enfermedad_idEnfermedad, Genes_Nombre) VALUES ('GRCh38/hg38 21q11.2-22.3(chr21:7749532-46677460)x3', 'LRRC3');
INSERT IGNORE INTO Genes (Nombre) VALUES ('LRRC3-DT');
INSERT INTO Enfermedad_has_Genes (Enfermedad_idEnfermedad, Genes_Nombre) VALUES ('GRCh38/hg38 21q11.2-22.3(chr21:7749532-46677460)x3', 'LRRC3-DT');
INSERT IGNORE INTO Genes (Nombre) VALUES ('LRRC3DN');
INSERT INTO Enfermedad_has_Genes (Enfermedad_idEnfermedad, Genes_Nombre) VALUES ('GRCh38/hg38 21q11.2-22.3(chr21:7749532-46677460)x3', 'LRRC3DN');
INSERT IGNORE INTO Genes (Nombre) VALUES ('LSS');
INSERT INTO Enfermedad_has_Genes (Enfermedad_idEnfermedad, Genes_Nombre) VALUES ('GRCh38/hg38 21q11.2-22.3(chr21:7749532-46677460)x3', 'LSS');
INSERT IGNORE INTO Genes (Nombre) VALUES ('LTN1');
INSERT INTO Enfermedad_has_Genes (Enfermedad_idEnfermedad, Genes_Nombre) VALUES ('GRCh38/hg38 21q11.2-22.3(chr21:7749532-46677460)x3', 'LTN1');
INSERT IGNORE INTO Genes (Nombre) VALUES ('MAP3K7CL');
INSERT INTO Enfermedad_has_Genes (Enfermedad_idEnfermedad, Genes_Nombre) VALUES ('GRCh38/hg38 21q11.2-22.3(chr21:7749532-46677460)x3', 'MAP3K7CL');
INSERT IGNORE INTO Genes (Nombre) VALUES ('MCM3AP');
INSERT INTO Enfermedad_has_Genes (Enfermedad_idEnfermedad, Genes_Nombre) VALUES ('GRCh38/hg38 21q11.2-22.3(chr21:7749532-46677460)x3', 'MCM3AP');
INSERT IGNORE INTO Genes (Nombre) VALUES ('MCM3AP-AS1');
INSERT INTO Enfermedad_has_Genes (Enfermedad_idEnfermedad, Genes_Nombre) VALUES ('GRCh38/hg38 21q11.2-22.3(chr21:7749532-46677460)x3', 'MCM3AP-AS1');
INSERT IGNORE INTO Genes (Nombre) VALUES ('MIR10396A');
INSERT INTO Enfermedad_has_Genes (Enfermedad_idEnfermedad, Genes_Nombre) VALUES ('GRCh38/hg38 21q11.2-22.3(chr21:7749532-46677460)x3', 'MIR10396A');
INSERT IGNORE INTO Genes (Nombre) VALUES ('MIR10396B');
INSERT INTO Enfermedad_has_Genes (Enfermedad_idEnfermedad, Genes_Nombre) VALUES ('GRCh38/hg38 21q11.2-22.3(chr21:7749532-46677460)x3', 'MIR10396B');
INSERT IGNORE INTO Genes (Nombre) VALUES ('MIR125B2');
INSERT INTO Enfermedad_has_Genes (Enfermedad_idEnfermedad, Genes_Nombre) VALUES ('GRCh38/hg38 21q11.2-22.3(chr21:7749532-46677460)x3', 'MIR125B2');
INSERT IGNORE INTO Genes (Nombre) VALUES ('MIR155');
INSERT INTO Enfermedad_has_Genes (Enfermedad_idEnfermedad, Genes_Nombre) VALUES ('GRCh38/hg38 21q11.2-22.3(chr21:7749532-46677460)x3', 'MIR155');
INSERT IGNORE INTO Genes (Nombre) VALUES ('MIR155HG');
INSERT INTO Enfermedad_has_Genes (Enfermedad_idEnfermedad, Genes_Nombre) VALUES ('GRCh38/hg38 21q11.2-22.3(chr21:7749532-46677460)x3', 'MIR155HG');
INSERT IGNORE INTO Genes (Nombre) VALUES ('MIR3118-1');
INSERT INTO Enfermedad_has_Genes (Enfermedad_idEnfermedad, Genes_Nombre) VALUES ('GRCh38/hg38 21q11.2-22.3(chr21:7749532-46677460)x3', 'MIR3118-1');
INSERT IGNORE INTO Genes (Nombre) VALUES ('MIR3156-3');
INSERT INTO Enfermedad_has_Genes (Enfermedad_idEnfermedad, Genes_Nombre) VALUES ('GRCh38/hg38 21q11.2-22.3(chr21:7749532-46677460)x3', 'MIR3156-3');
INSERT IGNORE INTO Genes (Nombre) VALUES ('MIR3197');
INSERT INTO Enfermedad_has_Genes (Enfermedad_idEnfermedad, Genes_Nombre) VALUES ('GRCh38/hg38 21q11.2-22.3(chr21:7749532-46677460)x3', 'MIR3197');
INSERT IGNORE INTO Genes (Nombre) VALUES ('MIR3648-1');
INSERT INTO Enfermedad_has_Genes (Enfermedad_idEnfermedad, Genes_Nombre) VALUES ('GRCh38/hg38 21q11.2-22.3(chr21:7749532-46677460)x3', 'MIR3648-1');
INSERT IGNORE INTO Genes (Nombre) VALUES ('MIR3648-2');
INSERT INTO Enfermedad_has_Genes (Enfermedad_idEnfermedad, Genes_Nombre) VALUES ('GRCh38/hg38 21q11.2-22.3(chr21:7749532-46677460)x3', 'MIR3648-2');
INSERT IGNORE INTO Genes (Nombre) VALUES ('MIR3687-1');
INSERT INTO Enfermedad_has_Genes (Enfermedad_idEnfermedad, Genes_Nombre) VALUES ('GRCh38/hg38 21q11.2-22.3(chr21:7749532-46677460)x3', 'MIR3687-1');
INSERT IGNORE INTO Genes (Nombre) VALUES ('MIR3687-2');
INSERT INTO Enfermedad_has_Genes (Enfermedad_idEnfermedad, Genes_Nombre) VALUES ('GRCh38/hg38 21q11.2-22.3(chr21:7749532-46677460)x3', 'MIR3687-2');
INSERT IGNORE INTO Genes (Nombre) VALUES ('MIR4327');
INSERT INTO Enfermedad_has_Genes (Enfermedad_idEnfermedad, Genes_Nombre) VALUES ('GRCh38/hg38 21q11.2-22.3(chr21:7749532-46677460)x3', 'MIR4327');
INSERT IGNORE INTO Genes (Nombre) VALUES ('MIR4759');
INSERT INTO Enfermedad_has_Genes (Enfermedad_idEnfermedad, Genes_Nombre) VALUES ('GRCh38/hg38 21q11.2-22.3(chr21:7749532-46677460)x3', 'MIR4759');
INSERT IGNORE INTO Genes (Nombre) VALUES ('MIR4760');
INSERT INTO Enfermedad_has_Genes (Enfermedad_idEnfermedad, Genes_Nombre) VALUES ('GRCh38/hg38 21q11.2-22.3(chr21:7749532-46677460)x3', 'MIR4760');
INSERT IGNORE INTO Genes (Nombre) VALUES ('MIR548X');
INSERT INTO Enfermedad_has_Genes (Enfermedad_idEnfermedad, Genes_Nombre) VALUES ('GRCh38/hg38 21q11.2-22.3(chr21:7749532-46677460)x3', 'MIR548X');
INSERT IGNORE INTO Genes (Nombre) VALUES ('MIR548XHG');
INSERT INTO Enfermedad_has_Genes (Enfermedad_idEnfermedad, Genes_Nombre) VALUES ('GRCh38/hg38 21q11.2-22.3(chr21:7749532-46677460)x3', 'MIR548XHG');
INSERT IGNORE INTO Genes (Nombre) VALUES ('MIR5692B');
INSERT INTO Enfermedad_has_Genes (Enfermedad_idEnfermedad, Genes_Nombre) VALUES ('GRCh38/hg38 21q11.2-22.3(chr21:7749532-46677460)x3', 'MIR5692B');
INSERT IGNORE INTO Genes (Nombre) VALUES ('MIR6070');
INSERT INTO Enfermedad_has_Genes (Enfermedad_idEnfermedad, Genes_Nombre) VALUES ('GRCh38/hg38 21q11.2-22.3(chr21:7749532-46677460)x3', 'MIR6070');
INSERT IGNORE INTO Genes (Nombre) VALUES ('MIR6130');
INSERT INTO Enfermedad_has_Genes (Enfermedad_idEnfermedad, Genes_Nombre) VALUES ('GRCh38/hg38 21q11.2-22.3(chr21:7749532-46677460)x3', 'MIR6130');
INSERT IGNORE INTO Genes (Nombre) VALUES ('MIR6501');
INSERT INTO Enfermedad_has_Genes (Enfermedad_idEnfermedad, Genes_Nombre) VALUES ('GRCh38/hg38 21q11.2-22.3(chr21:7749532-46677460)x3', 'MIR6501');
INSERT IGNORE INTO Genes (Nombre) VALUES ('MIR6508');
INSERT INTO Enfermedad_has_Genes (Enfermedad_idEnfermedad, Genes_Nombre) VALUES ('GRCh38/hg38 21q11.2-22.3(chr21:7749532-46677460)x3', 'MIR6508');
INSERT IGNORE INTO Genes (Nombre) VALUES ('MIR6724-1');
INSERT INTO Enfermedad_has_Genes (Enfermedad_idEnfermedad, Genes_Nombre) VALUES ('GRCh38/hg38 21q11.2-22.3(chr21:7749532-46677460)x3', 'MIR6724-1');
INSERT IGNORE INTO Genes (Nombre) VALUES ('MIR6724-2');
INSERT INTO Enfermedad_has_Genes (Enfermedad_idEnfermedad, Genes_Nombre) VALUES ('GRCh38/hg38 21q11.2-22.3(chr21:7749532-46677460)x3', 'MIR6724-2');
INSERT IGNORE INTO Genes (Nombre) VALUES ('MIR6724-3');
INSERT INTO Enfermedad_has_Genes (Enfermedad_idEnfermedad, Genes_Nombre) VALUES ('GRCh38/hg38 21q11.2-22.3(chr21:7749532-46677460)x3', 'MIR6724-3');
INSERT IGNORE INTO Genes (Nombre) VALUES ('MIR6724-4');
INSERT INTO Enfermedad_has_Genes (Enfermedad_idEnfermedad, Genes_Nombre) VALUES ('GRCh38/hg38 21q11.2-22.3(chr21:7749532-46677460)x3', 'MIR6724-4');
INSERT IGNORE INTO Genes (Nombre) VALUES ('MIR6814');
INSERT INTO Enfermedad_has_Genes (Enfermedad_idEnfermedad, Genes_Nombre) VALUES ('GRCh38/hg38 21q11.2-22.3(chr21:7749532-46677460)x3', 'MIR6814');
INSERT IGNORE INTO Genes (Nombre) VALUES ('MIR6815');
INSERT INTO Enfermedad_has_Genes (Enfermedad_idEnfermedad, Genes_Nombre) VALUES ('GRCh38/hg38 21q11.2-22.3(chr21:7749532-46677460)x3', 'MIR6815');
INSERT IGNORE INTO Genes (Nombre) VALUES ('MIR802');
INSERT INTO Enfermedad_has_Genes (Enfermedad_idEnfermedad, Genes_Nombre) VALUES ('GRCh38/hg38 21q11.2-22.3(chr21:7749532-46677460)x3', 'MIR802');
INSERT IGNORE INTO Genes (Nombre) VALUES ('MIR8069');
INSERT INTO Enfermedad_has_Genes (Enfermedad_idEnfermedad, Genes_Nombre) VALUES ('GRCh38/hg38 21q11.2-22.3(chr21:7749532-46677460)x3', 'MIR8069');
INSERT IGNORE INTO Genes (Nombre) VALUES ('MIR99A');
INSERT INTO Enfermedad_has_Genes (Enfermedad_idEnfermedad, Genes_Nombre) VALUES ('GRCh38/hg38 21q11.2-22.3(chr21:7749532-46677460)x3', 'MIR99A');
INSERT IGNORE INTO Genes (Nombre) VALUES ('MIR99AHG');
INSERT INTO Enfermedad_has_Genes (Enfermedad_idEnfermedad, Genes_Nombre) VALUES ('GRCh38/hg38 21q11.2-22.3(chr21:7749532-46677460)x3', 'MIR99AHG');
INSERT IGNORE INTO Genes (Nombre) VALUES ('MIRLET7C');
INSERT INTO Enfermedad_has_Genes (Enfermedad_idEnfermedad, Genes_Nombre) VALUES ('GRCh38/hg38 21q11.2-22.3(chr21:7749532-46677460)x3', 'MIRLET7C');
INSERT IGNORE INTO Genes (Nombre) VALUES ('MIS18A');
INSERT INTO Enfermedad_has_Genes (Enfermedad_idEnfermedad, Genes_Nombre) VALUES ('GRCh38/hg38 21q11.2-22.3(chr21:7749532-46677460)x3', 'MIS18A');
INSERT IGNORE INTO Genes (Nombre) VALUES ('MIS18A-AS1');
INSERT INTO Enfermedad_has_Genes (Enfermedad_idEnfermedad, Genes_Nombre) VALUES ('GRCh38/hg38 21q11.2-22.3(chr21:7749532-46677460)x3', 'MIS18A-AS1');
INSERT IGNORE INTO Genes (Nombre) VALUES ('MORC3');
INSERT INTO Enfermedad_has_Genes (Enfermedad_idEnfermedad, Genes_Nombre) VALUES ('GRCh38/hg38 21q11.2-22.3(chr21:7749532-46677460)x3', 'MORC3');
INSERT IGNORE INTO Genes (Nombre) VALUES ('MRAP');
INSERT INTO Enfermedad_has_Genes (Enfermedad_idEnfermedad, Genes_Nombre) VALUES ('GRCh38/hg38 21q11.2-22.3(chr21:7749532-46677460)x3', 'MRAP');
INSERT IGNORE INTO Genes (Nombre) VALUES ('MRAP-AS1');
INSERT INTO Enfermedad_has_Genes (Enfermedad_idEnfermedad, Genes_Nombre) VALUES ('GRCh38/hg38 21q11.2-22.3(chr21:7749532-46677460)x3', 'MRAP-AS1');
INSERT IGNORE INTO Genes (Nombre) VALUES ('MRPL39');
INSERT INTO Enfermedad_has_Genes (Enfermedad_idEnfermedad, Genes_Nombre) VALUES ('GRCh38/hg38 21q11.2-22.3(chr21:7749532-46677460)x3', 'MRPL39');
INSERT IGNORE INTO Genes (Nombre) VALUES ('MRPS6');
INSERT INTO Enfermedad_has_Genes (Enfermedad_idEnfermedad, Genes_Nombre) VALUES ('GRCh38/hg38 21q11.2-22.3(chr21:7749532-46677460)x3', 'MRPS6');
INSERT IGNORE INTO Genes (Nombre) VALUES ('MX1');
INSERT INTO Enfermedad_has_Genes (Enfermedad_idEnfermedad, Genes_Nombre) VALUES ('GRCh38/hg38 21q11.2-22.3(chr21:7749532-46677460)x3', 'MX1');
INSERT IGNORE INTO Genes (Nombre) VALUES ('MX2');
INSERT INTO Enfermedad_has_Genes (Enfermedad_idEnfermedad, Genes_Nombre) VALUES ('GRCh38/hg38 21q11.2-22.3(chr21:7749532-46677460)x3', 'MX2');
INSERT IGNORE INTO Genes (Nombre) VALUES ('N6AMT1');
INSERT INTO Enfermedad_has_Genes (Enfermedad_idEnfermedad, Genes_Nombre) VALUES ('GRCh38/hg38 21q11.2-22.3(chr21:7749532-46677460)x3', 'N6AMT1');
INSERT IGNORE INTO Genes (Nombre) VALUES ('NCAM2');
INSERT INTO Enfermedad_has_Genes (Enfermedad_idEnfermedad, Genes_Nombre) VALUES ('GRCh38/hg38 21q11.2-22.3(chr21:7749532-46677460)x3', 'NCAM2');
INSERT IGNORE INTO Genes (Nombre) VALUES ('NDUFV3');
INSERT INTO Enfermedad_has_Genes (Enfermedad_idEnfermedad, Genes_Nombre) VALUES ('GRCh38/hg38 21q11.2-22.3(chr21:7749532-46677460)x3', 'NDUFV3');
INSERT IGNORE INTO Genes (Nombre) VALUES ('NRIP1');
INSERT INTO Enfermedad_has_Genes (Enfermedad_idEnfermedad, Genes_Nombre) VALUES ('GRCh38/hg38 21q11.2-22.3(chr21:7749532-46677460)x3', 'NRIP1');
INSERT IGNORE INTO Genes (Nombre) VALUES ('OLIG1');
INSERT INTO Enfermedad_has_Genes (Enfermedad_idEnfermedad, Genes_Nombre) VALUES ('GRCh38/hg38 21q11.2-22.3(chr21:7749532-46677460)x3', 'OLIG1');
INSERT IGNORE INTO Genes (Nombre) VALUES ('OLIG2');
INSERT INTO Enfermedad_has_Genes (Enfermedad_idEnfermedad, Genes_Nombre) VALUES ('GRCh38/hg38 21q11.2-22.3(chr21:7749532-46677460)x3', 'OLIG2');
INSERT IGNORE INTO Genes (Nombre) VALUES ('PAXBP1');
INSERT INTO Enfermedad_has_Genes (Enfermedad_idEnfermedad, Genes_Nombre) VALUES ('GRCh38/hg38 21q11.2-22.3(chr21:7749532-46677460)x3', 'PAXBP1');
INSERT IGNORE INTO Genes (Nombre) VALUES ('PAXBP1-AS1');
INSERT INTO Enfermedad_has_Genes (Enfermedad_idEnfermedad, Genes_Nombre) VALUES ('GRCh38/hg38 21q11.2-22.3(chr21:7749532-46677460)x3', 'PAXBP1-AS1');
INSERT IGNORE INTO Genes (Nombre) VALUES ('PCBP3');
INSERT INTO Enfermedad_has_Genes (Enfermedad_idEnfermedad, Genes_Nombre) VALUES ('GRCh38/hg38 21q11.2-22.3(chr21:7749532-46677460)x3', 'PCBP3');
INSERT IGNORE INTO Genes (Nombre) VALUES ('PCBP3-AS1');
INSERT INTO Enfermedad_has_Genes (Enfermedad_idEnfermedad, Genes_Nombre) VALUES ('GRCh38/hg38 21q11.2-22.3(chr21:7749532-46677460)x3', 'PCBP3-AS1');
INSERT IGNORE INTO Genes (Nombre) VALUES ('PCNT');
INSERT INTO Enfermedad_has_Genes (Enfermedad_idEnfermedad, Genes_Nombre) VALUES ('GRCh38/hg38 21q11.2-22.3(chr21:7749532-46677460)x3', 'PCNT');
INSERT IGNORE INTO Genes (Nombre) VALUES ('PCP4');
INSERT INTO Enfermedad_has_Genes (Enfermedad_idEnfermedad, Genes_Nombre) VALUES ('GRCh38/hg38 21q11.2-22.3(chr21:7749532-46677460)x3', 'PCP4');
INSERT IGNORE INTO Genes (Nombre) VALUES ('PCSEAT');
INSERT INTO Enfermedad_has_Genes (Enfermedad_idEnfermedad, Genes_Nombre) VALUES ('GRCh38/hg38 21q11.2-22.3(chr21:7749532-46677460)x3', 'PCSEAT');
INSERT IGNORE INTO Genes (Nombre) VALUES ('PDE9A');
INSERT INTO Enfermedad_has_Genes (Enfermedad_idEnfermedad, Genes_Nombre) VALUES ('GRCh38/hg38 21q11.2-22.3(chr21:7749532-46677460)x3', 'PDE9A');
INSERT IGNORE INTO Genes (Nombre) VALUES ('PDE9A-AS1');
INSERT INTO Enfermedad_has_Genes (Enfermedad_idEnfermedad, Genes_Nombre) VALUES ('GRCh38/hg38 21q11.2-22.3(chr21:7749532-46677460)x3', 'PDE9A-AS1');
INSERT IGNORE INTO Genes (Nombre) VALUES ('PDXK');
INSERT INTO Enfermedad_has_Genes (Enfermedad_idEnfermedad, Genes_Nombre) VALUES ('GRCh38/hg38 21q11.2-22.3(chr21:7749532-46677460)x3', 'PDXK');
INSERT IGNORE INTO Genes (Nombre) VALUES ('PFKL');
INSERT INTO Enfermedad_has_Genes (Enfermedad_idEnfermedad, Genes_Nombre) VALUES ('GRCh38/hg38 21q11.2-22.3(chr21:7749532-46677460)x3', 'PFKL');
INSERT IGNORE INTO Genes (Nombre) VALUES ('PICSAR');
INSERT INTO Enfermedad_has_Genes (Enfermedad_idEnfermedad, Genes_Nombre) VALUES ('GRCh38/hg38 21q11.2-22.3(chr21:7749532-46677460)x3', 'PICSAR');
INSERT IGNORE INTO Genes (Nombre) VALUES ('PIGP');
INSERT INTO Enfermedad_has_Genes (Enfermedad_idEnfermedad, Genes_Nombre) VALUES ('GRCh38/hg38 21q11.2-22.3(chr21:7749532-46677460)x3', 'PIGP');
INSERT IGNORE INTO Genes (Nombre) VALUES ('PKNOX1');
INSERT INTO Enfermedad_has_Genes (Enfermedad_idEnfermedad, Genes_Nombre) VALUES ('GRCh38/hg38 21q11.2-22.3(chr21:7749532-46677460)x3', 'PKNOX1');
INSERT IGNORE INTO Genes (Nombre) VALUES ('PLAC4');
INSERT INTO Enfermedad_has_Genes (Enfermedad_idEnfermedad, Genes_Nombre) VALUES ('GRCh38/hg38 21q11.2-22.3(chr21:7749532-46677460)x3', 'PLAC4');
INSERT IGNORE INTO Genes (Nombre) VALUES ('POFUT2');
INSERT INTO Enfermedad_has_Genes (Enfermedad_idEnfermedad, Genes_Nombre) VALUES ('GRCh38/hg38 21q11.2-22.3(chr21:7749532-46677460)x3', 'POFUT2');
INSERT IGNORE INTO Genes (Nombre) VALUES ('POTED');
INSERT INTO Enfermedad_has_Genes (Enfermedad_idEnfermedad, Genes_Nombre) VALUES ('GRCh38/hg38 21q11.2-22.3(chr21:7749532-46677460)x3', 'POTED');
INSERT IGNORE INTO Genes (Nombre) VALUES ('PRDM15');
INSERT INTO Enfermedad_has_Genes (Enfermedad_idEnfermedad, Genes_Nombre) VALUES ('GRCh38/hg38 21q11.2-22.3(chr21:7749532-46677460)x3', 'PRDM15');
INSERT IGNORE INTO Genes (Nombre) VALUES ('PRMT2');
INSERT INTO Enfermedad_has_Genes (Enfermedad_idEnfermedad, Genes_Nombre) VALUES ('GRCh38/hg38 21q11.2-22.3(chr21:7749532-46677460)x3', 'PRMT2');
INSERT IGNORE INTO Genes (Nombre) VALUES ('PSMG1');
INSERT INTO Enfermedad_has_Genes (Enfermedad_idEnfermedad, Genes_Nombre) VALUES ('GRCh38/hg38 21q11.2-22.3(chr21:7749532-46677460)x3', 'PSMG1');
INSERT IGNORE INTO Genes (Nombre) VALUES ('PTTG1IP');
INSERT INTO Enfermedad_has_Genes (Enfermedad_idEnfermedad, Genes_Nombre) VALUES ('GRCh38/hg38 21q11.2-22.3(chr21:7749532-46677460)x3', 'PTTG1IP');
INSERT IGNORE INTO Genes (Nombre) VALUES ('PWP2');
INSERT INTO Enfermedad_has_Genes (Enfermedad_idEnfermedad, Genes_Nombre) VALUES ('GRCh38/hg38 21q11.2-22.3(chr21:7749532-46677460)x3', 'PWP2');
INSERT IGNORE INTO Genes (Nombre) VALUES ('RBM11');
INSERT INTO Enfermedad_has_Genes (Enfermedad_idEnfermedad, Genes_Nombre) VALUES ('GRCh38/hg38 21q11.2-22.3(chr21:7749532-46677460)x3', 'RBM11');
INSERT IGNORE INTO Genes (Nombre) VALUES ('RCAN1');
INSERT INTO Enfermedad_has_Genes (Enfermedad_idEnfermedad, Genes_Nombre) VALUES ('GRCh38/hg38 21q11.2-22.3(chr21:7749532-46677460)x3', 'RCAN1');
INSERT IGNORE INTO Genes (Nombre) VALUES ('RIPK4');
INSERT INTO Enfermedad_has_Genes (Enfermedad_idEnfermedad, Genes_Nombre) VALUES ('GRCh38/hg38 21q11.2-22.3(chr21:7749532-46677460)x3', 'RIPK4');
INSERT IGNORE INTO Genes (Nombre) VALUES ('RIPPLY3');
INSERT INTO Enfermedad_has_Genes (Enfermedad_idEnfermedad, Genes_Nombre) VALUES ('GRCh38/hg38 21q11.2-22.3(chr21:7749532-46677460)x3', 'RIPPLY3');
INSERT IGNORE INTO Genes (Nombre) VALUES ('RNA18SN1');
INSERT INTO Enfermedad_has_Genes (Enfermedad_idEnfermedad, Genes_Nombre) VALUES ('GRCh38/hg38 21q11.2-22.3(chr21:7749532-46677460)x3', 'RNA18SN1');
INSERT IGNORE INTO Genes (Nombre) VALUES ('RNA18SN2');
INSERT INTO Enfermedad_has_Genes (Enfermedad_idEnfermedad, Genes_Nombre) VALUES ('GRCh38/hg38 21q11.2-22.3(chr21:7749532-46677460)x3', 'RNA18SN2');
INSERT IGNORE INTO Genes (Nombre) VALUES ('RNA18SN3');
INSERT INTO Enfermedad_has_Genes (Enfermedad_idEnfermedad, Genes_Nombre) VALUES ('GRCh38/hg38 21q11.2-22.3(chr21:7749532-46677460)x3', 'RNA18SN3');
INSERT IGNORE INTO Genes (Nombre) VALUES ('RNA28SN1');
INSERT INTO Enfermedad_has_Genes (Enfermedad_idEnfermedad, Genes_Nombre) VALUES ('GRCh38/hg38 21q11.2-22.3(chr21:7749532-46677460)x3', 'RNA28SN1');
INSERT IGNORE INTO Genes (Nombre) VALUES ('RNA28SN2');
INSERT INTO Enfermedad_has_Genes (Enfermedad_idEnfermedad, Genes_Nombre) VALUES ('GRCh38/hg38 21q11.2-22.3(chr21:7749532-46677460)x3', 'RNA28SN2');
INSERT IGNORE INTO Genes (Nombre) VALUES ('RNA28SN3');
INSERT INTO Enfermedad_has_Genes (Enfermedad_idEnfermedad, Genes_Nombre) VALUES ('GRCh38/hg38 21q11.2-22.3(chr21:7749532-46677460)x3', 'RNA28SN3');
INSERT IGNORE INTO Genes (Nombre) VALUES ('RNA45SN1');
INSERT INTO Enfermedad_has_Genes (Enfermedad_idEnfermedad, Genes_Nombre) VALUES ('GRCh38/hg38 21q11.2-22.3(chr21:7749532-46677460)x3', 'RNA45SN1');
INSERT IGNORE INTO Genes (Nombre) VALUES ('RNA45SN2');
INSERT INTO Enfermedad_has_Genes (Enfermedad_idEnfermedad, Genes_Nombre) VALUES ('GRCh38/hg38 21q11.2-22.3(chr21:7749532-46677460)x3', 'RNA45SN2');
INSERT IGNORE INTO Genes (Nombre) VALUES ('RNA45SN3');
INSERT INTO Enfermedad_has_Genes (Enfermedad_idEnfermedad, Genes_Nombre) VALUES ('GRCh38/hg38 21q11.2-22.3(chr21:7749532-46677460)x3', 'RNA45SN3');
INSERT IGNORE INTO Genes (Nombre) VALUES ('RNA5-8SN1');
INSERT INTO Enfermedad_has_Genes (Enfermedad_idEnfermedad, Genes_Nombre) VALUES ('GRCh38/hg38 21q11.2-22.3(chr21:7749532-46677460)x3', 'RNA5-8SN1');
INSERT IGNORE INTO Genes (Nombre) VALUES ('RNA5-8SN2');
INSERT INTO Enfermedad_has_Genes (Enfermedad_idEnfermedad, Genes_Nombre) VALUES ('GRCh38/hg38 21q11.2-22.3(chr21:7749532-46677460)x3', 'RNA5-8SN2');
INSERT IGNORE INTO Genes (Nombre) VALUES ('RNA5-8SN3');
INSERT INTO Enfermedad_has_Genes (Enfermedad_idEnfermedad, Genes_Nombre) VALUES ('GRCh38/hg38 21q11.2-22.3(chr21:7749532-46677460)x3', 'RNA5-8SN3');
INSERT IGNORE INTO Genes (Nombre) VALUES ('RRP1');
INSERT INTO Enfermedad_has_Genes (Enfermedad_idEnfermedad, Genes_Nombre) VALUES ('GRCh38/hg38 21q11.2-22.3(chr21:7749532-46677460)x3', 'RRP1');
INSERT IGNORE INTO Genes (Nombre) VALUES ('RRP1B');
INSERT INTO Enfermedad_has_Genes (Enfermedad_idEnfermedad, Genes_Nombre) VALUES ('GRCh38/hg38 21q11.2-22.3(chr21:7749532-46677460)x3', 'RRP1B');
INSERT IGNORE INTO Genes (Nombre) VALUES ('RSPH1');
INSERT INTO Enfermedad_has_Genes (Enfermedad_idEnfermedad, Genes_Nombre) VALUES ('GRCh38/hg38 21q11.2-22.3(chr21:7749532-46677460)x3', 'RSPH1');
INSERT IGNORE INTO Genes (Nombre) VALUES ('RSPH1-DT');
INSERT INTO Enfermedad_has_Genes (Enfermedad_idEnfermedad, Genes_Nombre) VALUES ('GRCh38/hg38 21q11.2-22.3(chr21:7749532-46677460)x3', 'RSPH1-DT');
INSERT IGNORE INTO Genes (Nombre) VALUES ('RUNX1');
INSERT INTO Enfermedad_has_Genes (Enfermedad_idEnfermedad, Genes_Nombre) VALUES ('GRCh38/hg38 21q11.2-22.3(chr21:7749532-46677460)x3', 'RUNX1');
INSERT IGNORE INTO Genes (Nombre) VALUES ('RUNX1-IT1');
INSERT INTO Enfermedad_has_Genes (Enfermedad_idEnfermedad, Genes_Nombre) VALUES ('GRCh38/hg38 21q11.2-22.3(chr21:7749532-46677460)x3', 'RUNX1-IT1');
INSERT IGNORE INTO Genes (Nombre) VALUES ('RWDD2B');
INSERT INTO Enfermedad_has_Genes (Enfermedad_idEnfermedad, Genes_Nombre) VALUES ('GRCh38/hg38 21q11.2-22.3(chr21:7749532-46677460)x3', 'RWDD2B');
INSERT IGNORE INTO Genes (Nombre) VALUES ('S100B');
INSERT INTO Enfermedad_has_Genes (Enfermedad_idEnfermedad, Genes_Nombre) VALUES ('GRCh38/hg38 21q11.2-22.3(chr21:7749532-46677460)x3', 'S100B');
INSERT IGNORE INTO Genes (Nombre) VALUES ('SAMSN1');
INSERT INTO Enfermedad_has_Genes (Enfermedad_idEnfermedad, Genes_Nombre) VALUES ('GRCh38/hg38 21q11.2-22.3(chr21:7749532-46677460)x3', 'SAMSN1');
INSERT IGNORE INTO Genes (Nombre) VALUES ('SAMSN1-AS1');
INSERT INTO Enfermedad_has_Genes (Enfermedad_idEnfermedad, Genes_Nombre) VALUES ('GRCh38/hg38 21q11.2-22.3(chr21:7749532-46677460)x3', 'SAMSN1-AS1');
INSERT IGNORE INTO Genes (Nombre) VALUES ('SCAF4');
INSERT INTO Enfermedad_has_Genes (Enfermedad_idEnfermedad, Genes_Nombre) VALUES ('GRCh38/hg38 21q11.2-22.3(chr21:7749532-46677460)x3', 'SCAF4');
INSERT IGNORE INTO Genes (Nombre) VALUES ('SETD4');
INSERT INTO Enfermedad_has_Genes (Enfermedad_idEnfermedad, Genes_Nombre) VALUES ('GRCh38/hg38 21q11.2-22.3(chr21:7749532-46677460)x3', 'SETD4');
INSERT IGNORE INTO Genes (Nombre) VALUES ('SETD4-AS1');
INSERT INTO Enfermedad_has_Genes (Enfermedad_idEnfermedad, Genes_Nombre) VALUES ('GRCh38/hg38 21q11.2-22.3(chr21:7749532-46677460)x3', 'SETD4-AS1');
INSERT IGNORE INTO Genes (Nombre) VALUES ('SH3BGR');
INSERT INTO Enfermedad_has_Genes (Enfermedad_idEnfermedad, Genes_Nombre) VALUES ('GRCh38/hg38 21q11.2-22.3(chr21:7749532-46677460)x3', 'SH3BGR');
INSERT IGNORE INTO Genes (Nombre) VALUES ('SIK1');
INSERT INTO Enfermedad_has_Genes (Enfermedad_idEnfermedad, Genes_Nombre) VALUES ('GRCh38/hg38 21q11.2-22.3(chr21:7749532-46677460)x3', 'SIK1');
INSERT IGNORE INTO Genes (Nombre) VALUES ('SIM2');
INSERT INTO Enfermedad_has_Genes (Enfermedad_idEnfermedad, Genes_Nombre) VALUES ('GRCh38/hg38 21q11.2-22.3(chr21:7749532-46677460)x3', 'SIM2');
INSERT IGNORE INTO Genes (Nombre) VALUES ('SLC19A1');
INSERT INTO Enfermedad_has_Genes (Enfermedad_idEnfermedad, Genes_Nombre) VALUES ('GRCh38/hg38 21q11.2-22.3(chr21:7749532-46677460)x3', 'SLC19A1');
INSERT IGNORE INTO Genes (Nombre) VALUES ('SLC37A1');
INSERT INTO Enfermedad_has_Genes (Enfermedad_idEnfermedad, Genes_Nombre) VALUES ('GRCh38/hg38 21q11.2-22.3(chr21:7749532-46677460)x3', 'SLC37A1');
INSERT IGNORE INTO Genes (Nombre) VALUES ('SLC5A3');
INSERT INTO Enfermedad_has_Genes (Enfermedad_idEnfermedad, Genes_Nombre) VALUES ('GRCh38/hg38 21q11.2-22.3(chr21:7749532-46677460)x3', 'SLC5A3');
INSERT IGNORE INTO Genes (Nombre) VALUES ('SLX9');
INSERT INTO Enfermedad_has_Genes (Enfermedad_idEnfermedad, Genes_Nombre) VALUES ('GRCh38/hg38 21q11.2-22.3(chr21:7749532-46677460)x3', 'SLX9');
INSERT IGNORE INTO Genes (Nombre) VALUES ('SMIM11');
INSERT INTO Enfermedad_has_Genes (Enfermedad_idEnfermedad, Genes_Nombre) VALUES ('GRCh38/hg38 21q11.2-22.3(chr21:7749532-46677460)x3', 'SMIM11');
INSERT IGNORE INTO Genes (Nombre) VALUES ('SMIM34');
INSERT INTO Enfermedad_has_Genes (Enfermedad_idEnfermedad, Genes_Nombre) VALUES ('GRCh38/hg38 21q11.2-22.3(chr21:7749532-46677460)x3', 'SMIM34');
INSERT IGNORE INTO Genes (Nombre) VALUES ('SNORA80A');
INSERT INTO Enfermedad_has_Genes (Enfermedad_idEnfermedad, Genes_Nombre) VALUES ('GRCh38/hg38 21q11.2-22.3(chr21:7749532-46677460)x3', 'SNORA80A');
INSERT IGNORE INTO Genes (Nombre) VALUES ('SNORA91');
INSERT INTO Enfermedad_has_Genes (Enfermedad_idEnfermedad, Genes_Nombre) VALUES ('GRCh38/hg38 21q11.2-22.3(chr21:7749532-46677460)x3', 'SNORA91');
INSERT IGNORE INTO Genes (Nombre) VALUES ('SNORD159');
INSERT INTO Enfermedad_has_Genes (Enfermedad_idEnfermedad, Genes_Nombre) VALUES ('GRCh38/hg38 21q11.2-22.3(chr21:7749532-46677460)x3', 'SNORD159');
INSERT IGNORE INTO Genes (Nombre) VALUES ('SNORD74B');
INSERT INTO Enfermedad_has_Genes (Enfermedad_idEnfermedad, Genes_Nombre) VALUES ('GRCh38/hg38 21q11.2-22.3(chr21:7749532-46677460)x3', 'SNORD74B');
INSERT IGNORE INTO Genes (Nombre) VALUES ('SOD1');
INSERT INTO Enfermedad_has_Genes (Enfermedad_idEnfermedad, Genes_Nombre) VALUES ('GRCh38/hg38 21q11.2-22.3(chr21:7749532-46677460)x3', 'SOD1');
INSERT IGNORE INTO Genes (Nombre) VALUES ('SOD1-DT');
INSERT INTO Enfermedad_has_Genes (Enfermedad_idEnfermedad, Genes_Nombre) VALUES ('GRCh38/hg38 21q11.2-22.3(chr21:7749532-46677460)x3', 'SOD1-DT');
INSERT IGNORE INTO Genes (Nombre) VALUES ('SON');
INSERT INTO Enfermedad_has_Genes (Enfermedad_idEnfermedad, Genes_Nombre) VALUES ('GRCh38/hg38 21q11.2-22.3(chr21:7749532-46677460)x3', 'SON');
INSERT IGNORE INTO Genes (Nombre) VALUES ('SPATC1L');
INSERT INTO Enfermedad_has_Genes (Enfermedad_idEnfermedad, Genes_Nombre) VALUES ('GRCh38/hg38 21q11.2-22.3(chr21:7749532-46677460)x3', 'SPATC1L');
INSERT IGNORE INTO Genes (Nombre) VALUES ('SUMO3');
INSERT INTO Enfermedad_has_Genes (Enfermedad_idEnfermedad, Genes_Nombre) VALUES ('GRCh38/hg38 21q11.2-22.3(chr21:7749532-46677460)x3', 'SUMO3');
INSERT IGNORE INTO Genes (Nombre) VALUES ('SYNJ1');
INSERT INTO Enfermedad_has_Genes (Enfermedad_idEnfermedad, Genes_Nombre) VALUES ('GRCh38/hg38 21q11.2-22.3(chr21:7749532-46677460)x3', 'SYNJ1');
INSERT IGNORE INTO Genes (Nombre) VALUES ('TCP10L');
INSERT INTO Enfermedad_has_Genes (Enfermedad_idEnfermedad, Genes_Nombre) VALUES ('GRCh38/hg38 21q11.2-22.3(chr21:7749532-46677460)x3', 'TCP10L');
INSERT IGNORE INTO Genes (Nombre) VALUES ('TFF1');
INSERT INTO Enfermedad_has_Genes (Enfermedad_idEnfermedad, Genes_Nombre) VALUES ('GRCh38/hg38 21q11.2-22.3(chr21:7749532-46677460)x3', 'TFF1');
INSERT IGNORE INTO Genes (Nombre) VALUES ('TFF2');
INSERT INTO Enfermedad_has_Genes (Enfermedad_idEnfermedad, Genes_Nombre) VALUES ('GRCh38/hg38 21q11.2-22.3(chr21:7749532-46677460)x3', 'TFF2');
INSERT IGNORE INTO Genes (Nombre) VALUES ('TFF3');
INSERT INTO Enfermedad_has_Genes (Enfermedad_idEnfermedad, Genes_Nombre) VALUES ('GRCh38/hg38 21q11.2-22.3(chr21:7749532-46677460)x3', 'TFF3');
INSERT IGNORE INTO Genes (Nombre) VALUES ('TIAM1');
INSERT INTO Enfermedad_has_Genes (Enfermedad_idEnfermedad, Genes_Nombre) VALUES ('GRCh38/hg38 21q11.2-22.3(chr21:7749532-46677460)x3', 'TIAM1');
INSERT IGNORE INTO Genes (Nombre) VALUES ('TIAM1-AS1');
INSERT INTO Enfermedad_has_Genes (Enfermedad_idEnfermedad, Genes_Nombre) VALUES ('GRCh38/hg38 21q11.2-22.3(chr21:7749532-46677460)x3', 'TIAM1-AS1');
INSERT IGNORE INTO Genes (Nombre) VALUES ('TMEM50B');
INSERT INTO Enfermedad_has_Genes (Enfermedad_idEnfermedad, Genes_Nombre) VALUES ('GRCh38/hg38 21q11.2-22.3(chr21:7749532-46677460)x3', 'TMEM50B');
INSERT IGNORE INTO Genes (Nombre) VALUES ('TMPRSS15');
INSERT INTO Enfermedad_has_Genes (Enfermedad_idEnfermedad, Genes_Nombre) VALUES ('GRCh38/hg38 21q11.2-22.3(chr21:7749532-46677460)x3', 'TMPRSS15');
INSERT IGNORE INTO Genes (Nombre) VALUES ('TMPRSS2');
INSERT INTO Enfermedad_has_Genes (Enfermedad_idEnfermedad, Genes_Nombre) VALUES ('GRCh38/hg38 21q11.2-22.3(chr21:7749532-46677460)x3', 'TMPRSS2');
INSERT IGNORE INTO Genes (Nombre) VALUES ('TMPRSS3');
INSERT INTO Enfermedad_has_Genes (Enfermedad_idEnfermedad, Genes_Nombre) VALUES ('GRCh38/hg38 21q11.2-22.3(chr21:7749532-46677460)x3', 'TMPRSS3');
INSERT IGNORE INTO Genes (Nombre) VALUES ('TPTE');
INSERT INTO Enfermedad_has_Genes (Enfermedad_idEnfermedad, Genes_Nombre) VALUES ('GRCh38/hg38 21q11.2-22.3(chr21:7749532-46677460)x3', 'TPTE');
INSERT IGNORE INTO Genes (Nombre) VALUES ('TRAPPC10');
INSERT INTO Enfermedad_has_Genes (Enfermedad_idEnfermedad, Genes_Nombre) VALUES ('GRCh38/hg38 21q11.2-22.3(chr21:7749532-46677460)x3', 'TRAPPC10');
INSERT IGNORE INTO Genes (Nombre) VALUES ('TRG-GCC1-5');
INSERT INTO Enfermedad_has_Genes (Enfermedad_idEnfermedad, Genes_Nombre) VALUES ('GRCh38/hg38 21q11.2-22.3(chr21:7749532-46677460)x3', 'TRG-GCC1-5');
INSERT IGNORE INTO Genes (Nombre) VALUES ('TRPM2');
INSERT INTO Enfermedad_has_Genes (Enfermedad_idEnfermedad, Genes_Nombre) VALUES ('GRCh38/hg38 21q11.2-22.3(chr21:7749532-46677460)x3', 'TRPM2');
INSERT IGNORE INTO Genes (Nombre) VALUES ('TRPM2-AS');
INSERT INTO Enfermedad_has_Genes (Enfermedad_idEnfermedad, Genes_Nombre) VALUES ('GRCh38/hg38 21q11.2-22.3(chr21:7749532-46677460)x3', 'TRPM2-AS');
INSERT IGNORE INTO Genes (Nombre) VALUES ('TSPEAR');
INSERT INTO Enfermedad_has_Genes (Enfermedad_idEnfermedad, Genes_Nombre) VALUES ('GRCh38/hg38 21q11.2-22.3(chr21:7749532-46677460)x3', 'TSPEAR');
INSERT IGNORE INTO Genes (Nombre) VALUES ('TSPEAR-AS1');
INSERT INTO Enfermedad_has_Genes (Enfermedad_idEnfermedad, Genes_Nombre) VALUES ('GRCh38/hg38 21q11.2-22.3(chr21:7749532-46677460)x3', 'TSPEAR-AS1');
INSERT IGNORE INTO Genes (Nombre) VALUES ('TSPEAR-AS2');
INSERT INTO Enfermedad_has_Genes (Enfermedad_idEnfermedad, Genes_Nombre) VALUES ('GRCh38/hg38 21q11.2-22.3(chr21:7749532-46677460)x3', 'TSPEAR-AS2');
INSERT IGNORE INTO Genes (Nombre) VALUES ('TTC3');
INSERT INTO Enfermedad_has_Genes (Enfermedad_idEnfermedad, Genes_Nombre) VALUES ('GRCh38/hg38 21q11.2-22.3(chr21:7749532-46677460)x3', 'TTC3');
INSERT IGNORE INTO Genes (Nombre) VALUES ('TTC3-AS1');
INSERT INTO Enfermedad_has_Genes (Enfermedad_idEnfermedad, Genes_Nombre) VALUES ('GRCh38/hg38 21q11.2-22.3(chr21:7749532-46677460)x3', 'TTC3-AS1');
INSERT IGNORE INTO Genes (Nombre) VALUES ('U2AF1');
INSERT INTO Enfermedad_has_Genes (Enfermedad_idEnfermedad, Genes_Nombre) VALUES ('GRCh38/hg38 21q11.2-22.3(chr21:7749532-46677460)x3', 'U2AF1');
INSERT IGNORE INTO Genes (Nombre) VALUES ('UBASH3A');
INSERT INTO Enfermedad_has_Genes (Enfermedad_idEnfermedad, Genes_Nombre) VALUES ('GRCh38/hg38 21q11.2-22.3(chr21:7749532-46677460)x3', 'UBASH3A');
INSERT IGNORE INTO Genes (Nombre) VALUES ('UBE2G2');
INSERT INTO Enfermedad_has_Genes (Enfermedad_idEnfermedad, Genes_Nombre) VALUES ('GRCh38/hg38 21q11.2-22.3(chr21:7749532-46677460)x3', 'UBE2G2');
INSERT IGNORE INTO Genes (Nombre) VALUES ('UMODL1');
INSERT INTO Enfermedad_has_Genes (Enfermedad_idEnfermedad, Genes_Nombre) VALUES ('GRCh38/hg38 21q11.2-22.3(chr21:7749532-46677460)x3', 'UMODL1');
INSERT IGNORE INTO Genes (Nombre) VALUES ('UMODL1-AS1');
INSERT INTO Enfermedad_has_Genes (Enfermedad_idEnfermedad, Genes_Nombre) VALUES ('GRCh38/hg38 21q11.2-22.3(chr21:7749532-46677460)x3', 'UMODL1-AS1');
INSERT IGNORE INTO Genes (Nombre) VALUES ('URB1');
INSERT INTO Enfermedad_has_Genes (Enfermedad_idEnfermedad, Genes_Nombre) VALUES ('GRCh38/hg38 21q11.2-22.3(chr21:7749532-46677460)x3', 'URB1');
INSERT IGNORE INTO Genes (Nombre) VALUES ('URB1-AS1');
INSERT INTO Enfermedad_has_Genes (Enfermedad_idEnfermedad, Genes_Nombre) VALUES ('GRCh38/hg38 21q11.2-22.3(chr21:7749532-46677460)x3', 'URB1-AS1');
INSERT IGNORE INTO Genes (Nombre) VALUES ('USP16');
INSERT INTO Enfermedad_has_Genes (Enfermedad_idEnfermedad, Genes_Nombre) VALUES ('GRCh38/hg38 21q11.2-22.3(chr21:7749532-46677460)x3', 'USP16');
INSERT IGNORE INTO Genes (Nombre) VALUES ('USP25');
INSERT INTO Enfermedad_has_Genes (Enfermedad_idEnfermedad, Genes_Nombre) VALUES ('GRCh38/hg38 21q11.2-22.3(chr21:7749532-46677460)x3', 'USP25');
INSERT IGNORE INTO Genes (Nombre) VALUES ('VPS26C');
INSERT INTO Enfermedad_has_Genes (Enfermedad_idEnfermedad, Genes_Nombre) VALUES ('GRCh38/hg38 21q11.2-22.3(chr21:7749532-46677460)x3', 'VPS26C');
INSERT IGNORE INTO Genes (Nombre) VALUES ('WDR4');
INSERT INTO Enfermedad_has_Genes (Enfermedad_idEnfermedad, Genes_Nombre) VALUES ('GRCh38/hg38 21q11.2-22.3(chr21:7749532-46677460)x3', 'WDR4');
INSERT IGNORE INTO Genes (Nombre) VALUES ('YBEY');
INSERT INTO Enfermedad_has_Genes (Enfermedad_idEnfermedad, Genes_Nombre) VALUES ('GRCh38/hg38 21q11.2-22.3(chr21:7749532-46677460)x3', 'YBEY');
INSERT IGNORE INTO Genes (Nombre) VALUES ('ZBTB21');
INSERT INTO Enfermedad_has_Genes (Enfermedad_idEnfermedad, Genes_Nombre) VALUES ('GRCh38/hg38 21q11.2-22.3(chr21:7749532-46677460)x3', 'ZBTB21');
INSERT IGNORE INTO Genes (Nombre) VALUES ('ZNF295-AS1');
INSERT INTO Enfermedad_has_Genes (Enfermedad_idEnfermedad, Genes_Nombre) VALUES ('GRCh38/hg38 21q11.2-22.3(chr21:7749532-46677460)x3', 'ZNF295-AS1');
INSERT IGNORE INTO Genes (Nombre) VALUES ('AATBC');
INSERT INTO Enfermedad_has_Genes (Enfermedad_idEnfermedad, Genes_Nombre) VALUES ('GRCh38/hg38 21q11.2-22.3(chr21:7749532-46677460)x3', 'AATBC');
INSERT IGNORE INTO Genes (Nombre) VALUES ('ABCG1');
INSERT INTO Enfermedad_has_Genes (Enfermedad_idEnfermedad, Genes_Nombre) VALUES ('GRCh38/hg38 21q11.2-22.3(chr21:7749532-46677460)x3', 'ABCG1');
INSERT IGNORE INTO Genes (Nombre) VALUES ('ADAMTS1');
INSERT INTO Enfermedad_has_Genes (Enfermedad_idEnfermedad, Genes_Nombre) VALUES ('GRCh38/hg38 21q11.2-22.3(chr21:7749532-46677460)x3', 'ADAMTS1');
INSERT IGNORE INTO Genes (Nombre) VALUES ('ADAMTS5');
INSERT INTO Enfermedad_has_Genes (Enfermedad_idEnfermedad, Genes_Nombre) VALUES ('GRCh38/hg38 21q11.2-22.3(chr21:7749532-46677460)x3', 'ADAMTS5');
INSERT IGNORE INTO Genes (Nombre) VALUES ('ADARB1');
INSERT INTO Enfermedad_has_Genes (Enfermedad_idEnfermedad, Genes_Nombre) VALUES ('GRCh38/hg38 21q11.2-22.3(chr21:7749532-46677460)x3', 'ADARB1');
INSERT IGNORE INTO Genes (Nombre) VALUES ('AGPAT3');
INSERT INTO Enfermedad_has_Genes (Enfermedad_idEnfermedad, Genes_Nombre) VALUES ('GRCh38/hg38 21q11.2-22.3(chr21:7749532-46677460)x3', 'AGPAT3');
INSERT IGNORE INTO Genes (Nombre) VALUES ('AIRE');
INSERT INTO Enfermedad_has_Genes (Enfermedad_idEnfermedad, Genes_Nombre) VALUES ('GRCh38/hg38 21q11.2-22.3(chr21:7749532-46677460)x3', 'AIRE');
INSERT IGNORE INTO Genes (Nombre) VALUES ('APP');
INSERT INTO Enfermedad_has_Genes (Enfermedad_idEnfermedad, Genes_Nombre) VALUES ('GRCh38/hg38 21q11.2-22.3(chr21:7749532-46677460)x3', 'APP');
INSERT IGNORE INTO Genes (Nombre) VALUES ('ATP5PF');
INSERT INTO Enfermedad_has_Genes (Enfermedad_idEnfermedad, Genes_Nombre) VALUES ('GRCh38/hg38 21q11.2-22.3(chr21:7749532-46677460)x3', 'ATP5PF');
INSERT IGNORE INTO Genes (Nombre) VALUES ('ATP5PO');
INSERT INTO Enfermedad_has_Genes (Enfermedad_idEnfermedad, Genes_Nombre) VALUES ('GRCh38/hg38 21q11.2-22.3(chr21:7749532-46677460)x3', 'ATP5PO');
INSERT IGNORE INTO Genes (Nombre) VALUES ('B3GALT5');
INSERT INTO Enfermedad_has_Genes (Enfermedad_idEnfermedad, Genes_Nombre) VALUES ('GRCh38/hg38 21q11.2-22.3(chr21:7749532-46677460)x3', 'B3GALT5');
INSERT IGNORE INTO Genes (Nombre) VALUES ('B3GALT5-AS1');
INSERT INTO Enfermedad_has_Genes (Enfermedad_idEnfermedad, Genes_Nombre) VALUES ('GRCh38/hg38 21q11.2-22.3(chr21:7749532-46677460)x3', 'B3GALT5-AS1');
INSERT IGNORE INTO Genes (Nombre) VALUES ('BACE2');
INSERT INTO Enfermedad_has_Genes (Enfermedad_idEnfermedad, Genes_Nombre) VALUES ('GRCh38/hg38 21q11.2-22.3(chr21:7749532-46677460)x3', 'BACE2');
INSERT IGNORE INTO Genes (Nombre) VALUES ('BACH1');
INSERT INTO Enfermedad_has_Genes (Enfermedad_idEnfermedad, Genes_Nombre) VALUES ('GRCh38/hg38 21q11.2-22.3(chr21:7749532-46677460)x3', 'BACH1');
INSERT IGNORE INTO Genes (Nombre) VALUES ('BACH1-IT2');
INSERT INTO Enfermedad_has_Genes (Enfermedad_idEnfermedad, Genes_Nombre) VALUES ('GRCh38/hg38 21q11.2-22.3(chr21:7749532-46677460)x3', 'BACH1-IT2');
INSERT IGNORE INTO Genes (Nombre) VALUES ('BACH1-IT3');
INSERT INTO Enfermedad_has_Genes (Enfermedad_idEnfermedad, Genes_Nombre) VALUES ('GRCh38/hg38 21q11.2-22.3(chr21:7749532-46677460)x3', 'BACH1-IT3');
INSERT IGNORE INTO Genes (Nombre) VALUES ('BAGE2');
INSERT INTO Enfermedad_has_Genes (Enfermedad_idEnfermedad, Genes_Nombre) VALUES ('GRCh38/hg38 21q11.2-22.3(chr21:7749532-46677460)x3', 'BAGE2');
INSERT IGNORE INTO Genes (Nombre) VALUES ('BNAT1');
INSERT INTO Enfermedad_has_Genes (Enfermedad_idEnfermedad, Genes_Nombre) VALUES ('GRCh38/hg38 21q11.2-22.3(chr21:7749532-46677460)x3', 'BNAT1');
INSERT IGNORE INTO Genes (Nombre) VALUES ('BRWD1');
INSERT INTO Enfermedad_has_Genes (Enfermedad_idEnfermedad, Genes_Nombre) VALUES ('GRCh38/hg38 21q11.2-22.3(chr21:7749532-46677460)x3', 'BRWD1');
INSERT IGNORE INTO Genes (Nombre) VALUES ('BRWD1-AS1');
INSERT INTO Enfermedad_has_Genes (Enfermedad_idEnfermedad, Genes_Nombre) VALUES ('GRCh38/hg38 21q11.2-22.3(chr21:7749532-46677460)x3', 'BRWD1-AS1');
INSERT IGNORE INTO Genes (Nombre) VALUES ('BRWD1-AS2');
INSERT INTO Enfermedad_has_Genes (Enfermedad_idEnfermedad, Genes_Nombre) VALUES ('GRCh38/hg38 21q11.2-22.3(chr21:7749532-46677460)x3', 'BRWD1-AS2');
INSERT IGNORE INTO Genes (Nombre) VALUES ('BTG3');
INSERT INTO Enfermedad_has_Genes (Enfermedad_idEnfermedad, Genes_Nombre) VALUES ('GRCh38/hg38 21q11.2-22.3(chr21:7749532-46677460)x3', 'BTG3');
INSERT IGNORE INTO Genes (Nombre) VALUES ('BTG3-AS1');
INSERT INTO Enfermedad_has_Genes (Enfermedad_idEnfermedad, Genes_Nombre) VALUES ('GRCh38/hg38 21q11.2-22.3(chr21:7749532-46677460)x3', 'BTG3-AS1');
INSERT IGNORE INTO Genes (Nombre) VALUES ('C21orf140');
INSERT INTO Enfermedad_has_Genes (Enfermedad_idEnfermedad, Genes_Nombre) VALUES ('GRCh38/hg38 21q11.2-22.3(chr21:7749532-46677460)x3', 'C21orf140');
INSERT IGNORE INTO Genes (Nombre) VALUES ('C21orf58');
INSERT INTO Enfermedad_has_Genes (Enfermedad_idEnfermedad, Genes_Nombre) VALUES ('GRCh38/hg38 21q11.2-22.3(chr21:7749532-46677460)x3', 'C21orf58');
INSERT IGNORE INTO Genes (Nombre) VALUES ('C21orf62');
INSERT INTO Enfermedad_has_Genes (Enfermedad_idEnfermedad, Genes_Nombre) VALUES ('GRCh38/hg38 21q11.2-22.3(chr21:7749532-46677460)x3', 'C21orf62');
INSERT IGNORE INTO Genes (Nombre) VALUES ('C21orf62-AS1');
INSERT INTO Enfermedad_has_Genes (Enfermedad_idEnfermedad, Genes_Nombre) VALUES ('GRCh38/hg38 21q11.2-22.3(chr21:7749532-46677460)x3', 'C21orf62-AS1');
INSERT IGNORE INTO Genes (Nombre) VALUES ('C21orf91');
INSERT INTO Enfermedad_has_Genes (Enfermedad_idEnfermedad, Genes_Nombre) VALUES ('GRCh38/hg38 21q11.2-22.3(chr21:7749532-46677460)x3', 'C21orf91');
INSERT IGNORE INTO Genes (Nombre) VALUES ('C21orf91-OT1');
INSERT INTO Enfermedad_has_Genes (Enfermedad_idEnfermedad, Genes_Nombre) VALUES ('GRCh38/hg38 21q11.2-22.3(chr21:7749532-46677460)x3', 'C21orf91-OT1');
INSERT IGNORE INTO Genes (Nombre) VALUES ('C2CD2');
INSERT INTO Enfermedad_has_Genes (Enfermedad_idEnfermedad, Genes_Nombre) VALUES ('GRCh38/hg38 21q11.2-22.3(chr21:7749532-46677460)x3', 'C2CD2');
INSERT IGNORE INTO Genes (Nombre) VALUES ('CBR1');
INSERT INTO Enfermedad_has_Genes (Enfermedad_idEnfermedad, Genes_Nombre) VALUES ('GRCh38/hg38 21q11.2-22.3(chr21:7749532-46677460)x3', 'CBR1');
INSERT IGNORE INTO Genes (Nombre) VALUES ('CBR1-AS1');
INSERT INTO Enfermedad_has_Genes (Enfermedad_idEnfermedad, Genes_Nombre) VALUES ('GRCh38/hg38 21q11.2-22.3(chr21:7749532-46677460)x3', 'CBR1-AS1');
INSERT IGNORE INTO Genes (Nombre) VALUES ('CBR3');
INSERT INTO Enfermedad_has_Genes (Enfermedad_idEnfermedad, Genes_Nombre) VALUES ('GRCh38/hg38 21q11.2-22.3(chr21:7749532-46677460)x3', 'CBR3');
INSERT IGNORE INTO Genes (Nombre) VALUES ('CBR3-AS1');
INSERT INTO Enfermedad_has_Genes (Enfermedad_idEnfermedad, Genes_Nombre) VALUES ('GRCh38/hg38 21q11.2-22.3(chr21:7749532-46677460)x3', 'CBR3-AS1');
INSERT IGNORE INTO Genes (Nombre) VALUES ('CBS');
INSERT INTO Enfermedad_has_Genes (Enfermedad_idEnfermedad, Genes_Nombre) VALUES ('GRCh38/hg38 21q11.2-22.3(chr21:7749532-46677460)x3', 'CBS');
INSERT IGNORE INTO Genes (Nombre) VALUES ('CCT8');
INSERT INTO Enfermedad_has_Genes (Enfermedad_idEnfermedad, Genes_Nombre) VALUES ('GRCh38/hg38 21q11.2-22.3(chr21:7749532-46677460)x3', 'CCT8');
INSERT IGNORE INTO Genes (Nombre) VALUES ('CFAP298');
INSERT INTO Enfermedad_has_Genes (Enfermedad_idEnfermedad, Genes_Nombre) VALUES ('GRCh38/hg38 21q11.2-22.3(chr21:7749532-46677460)x3', 'CFAP298');
INSERT IGNORE INTO Genes (Nombre) VALUES ('CFAP298-TCP10L');
INSERT INTO Enfermedad_has_Genes (Enfermedad_idEnfermedad, Genes_Nombre) VALUES ('GRCh38/hg38 21q11.2-22.3(chr21:7749532-46677460)x3', 'CFAP298-TCP10L');
INSERT IGNORE INTO Genes (Nombre) VALUES ('CFAP410');
INSERT INTO Enfermedad_has_Genes (Enfermedad_idEnfermedad, Genes_Nombre) VALUES ('GRCh38/hg38 21q11.2-22.3(chr21:7749532-46677460)x3', 'CFAP410');
INSERT IGNORE INTO Genes (Nombre) VALUES ('CHAF1B');
INSERT INTO Enfermedad_has_Genes (Enfermedad_idEnfermedad, Genes_Nombre) VALUES ('GRCh38/hg38 21q11.2-22.3(chr21:7749532-46677460)x3', 'CHAF1B');
INSERT IGNORE INTO Genes (Nombre) VALUES ('CHODL');
INSERT INTO Enfermedad_has_Genes (Enfermedad_idEnfermedad, Genes_Nombre) VALUES ('GRCh38/hg38 21q11.2-22.3(chr21:7749532-46677460)x3', 'CHODL');
INSERT IGNORE INTO Genes (Nombre) VALUES ('CHODL-AS1');
INSERT INTO Enfermedad_has_Genes (Enfermedad_idEnfermedad, Genes_Nombre) VALUES ('GRCh38/hg38 21q11.2-22.3(chr21:7749532-46677460)x3', 'CHODL-AS1');
INSERT IGNORE INTO Genes (Nombre) VALUES ('CLDN14');
INSERT INTO Enfermedad_has_Genes (Enfermedad_idEnfermedad, Genes_Nombre) VALUES ('GRCh38/hg38 21q11.2-22.3(chr21:7749532-46677460)x3', 'CLDN14');
INSERT IGNORE INTO Genes (Nombre) VALUES ('CLDN14-AS1');
INSERT INTO Enfermedad_has_Genes (Enfermedad_idEnfermedad, Genes_Nombre) VALUES ('GRCh38/hg38 21q11.2-22.3(chr21:7749532-46677460)x3', 'CLDN14-AS1');
INSERT IGNORE INTO Genes (Nombre) VALUES ('CLDN17');
INSERT INTO Enfermedad_has_Genes (Enfermedad_idEnfermedad, Genes_Nombre) VALUES ('GRCh38/hg38 21q11.2-22.3(chr21:7749532-46677460)x3', 'CLDN17');
INSERT IGNORE INTO Genes (Nombre) VALUES ('CLDN8');
INSERT INTO Enfermedad_has_Genes (Enfermedad_idEnfermedad, Genes_Nombre) VALUES ('GRCh38/hg38 21q11.2-22.3(chr21:7749532-46677460)x3', 'CLDN8');
INSERT IGNORE INTO Genes (Nombre) VALUES ('CLIC6');
INSERT INTO Enfermedad_has_Genes (Enfermedad_idEnfermedad, Genes_Nombre) VALUES ('GRCh38/hg38 21q11.2-22.3(chr21:7749532-46677460)x3', 'CLIC6');
INSERT IGNORE INTO Genes (Nombre) VALUES ('COL18A1');
INSERT INTO Enfermedad_has_Genes (Enfermedad_idEnfermedad, Genes_Nombre) VALUES ('GRCh38/hg38 21q11.2-22.3(chr21:7749532-46677460)x3', 'COL18A1');
INSERT IGNORE INTO Genes (Nombre) VALUES ('COL18A1-AS1');
INSERT INTO Enfermedad_has_Genes (Enfermedad_idEnfermedad, Genes_Nombre) VALUES ('GRCh38/hg38 21q11.2-22.3(chr21:7749532-46677460)x3', 'COL18A1-AS1');
INSERT IGNORE INTO Genes (Nombre) VALUES ('COL18A1-AS2');
INSERT INTO Enfermedad_has_Genes (Enfermedad_idEnfermedad, Genes_Nombre) VALUES ('GRCh38/hg38 21q11.2-22.3(chr21:7749532-46677460)x3', 'COL18A1-AS2');
INSERT IGNORE INTO Genes (Nombre) VALUES ('COL6A1');
INSERT INTO Enfermedad_has_Genes (Enfermedad_idEnfermedad, Genes_Nombre) VALUES ('GRCh38/hg38 21q11.2-22.3(chr21:7749532-46677460)x3', 'COL6A1');
INSERT IGNORE INTO Genes (Nombre) VALUES ('COL6A2');
INSERT INTO Enfermedad_has_Genes (Enfermedad_idEnfermedad, Genes_Nombre) VALUES ('GRCh38/hg38 21q11.2-22.3(chr21:7749532-46677460)x3', 'COL6A2');
INSERT IGNORE INTO Genes (Nombre) VALUES ('CRYAA');
INSERT INTO Enfermedad_has_Genes (Enfermedad_idEnfermedad, Genes_Nombre) VALUES ('GRCh38/hg38 21q11.2-22.3(chr21:7749532-46677460)x3', 'CRYAA');
INSERT IGNORE INTO Genes (Nombre) VALUES ('CRYZL1');
INSERT INTO Enfermedad_has_Genes (Enfermedad_idEnfermedad, Genes_Nombre) VALUES ('GRCh38/hg38 21q11.2-22.3(chr21:7749532-46677460)x3', 'CRYZL1');
INSERT IGNORE INTO Genes (Nombre) VALUES ('CSTB');
INSERT INTO Enfermedad_has_Genes (Enfermedad_idEnfermedad, Genes_Nombre) VALUES ('GRCh38/hg38 21q11.2-22.3(chr21:7749532-46677460)x3', 'CSTB');
INSERT IGNORE INTO Genes (Nombre) VALUES ('CXADR');
INSERT INTO Enfermedad_has_Genes (Enfermedad_idEnfermedad, Genes_Nombre) VALUES ('GRCh38/hg38 21q11.2-22.3(chr21:7749532-46677460)x3', 'CXADR');
INSERT IGNORE INTO Genes (Nombre) VALUES ('CYYR1');
INSERT INTO Enfermedad_has_Genes (Enfermedad_idEnfermedad, Genes_Nombre) VALUES ('GRCh38/hg38 21q11.2-22.3(chr21:7749532-46677460)x3', 'CYYR1');
INSERT IGNORE INTO Genes (Nombre) VALUES ('CYYR1-AS1');
INSERT INTO Enfermedad_has_Genes (Enfermedad_idEnfermedad, Genes_Nombre) VALUES ('GRCh38/hg38 21q11.2-22.3(chr21:7749532-46677460)x3', 'CYYR1-AS1');
INSERT IGNORE INTO Genes (Nombre) VALUES ('D21S2088E');
INSERT INTO Enfermedad_has_Genes (Enfermedad_idEnfermedad, Genes_Nombre) VALUES ('GRCh38/hg38 21q11.2-22.3(chr21:7749532-46677460)x3', 'D21S2088E');
INSERT IGNORE INTO Genes (Nombre) VALUES ('DIP2A');
INSERT INTO Enfermedad_has_Genes (Enfermedad_idEnfermedad, Genes_Nombre) VALUES ('GRCh38/hg38 21q11.2-22.3(chr21:7749532-46677460)x3', 'DIP2A');
INSERT IGNORE INTO Genes (Nombre) VALUES ('DIP2A-IT1');
INSERT INTO Enfermedad_has_Genes (Enfermedad_idEnfermedad, Genes_Nombre) VALUES ('GRCh38/hg38 21q11.2-22.3(chr21:7749532-46677460)x3', 'DIP2A-IT1');
INSERT IGNORE INTO Genes (Nombre) VALUES ('DNAJC28');
INSERT INTO Enfermedad_has_Genes (Enfermedad_idEnfermedad, Genes_Nombre) VALUES ('GRCh38/hg38 21q11.2-22.3(chr21:7749532-46677460)x3', 'DNAJC28');
INSERT IGNORE INTO Genes (Nombre) VALUES ('DNMT3L');
INSERT INTO Enfermedad_has_Genes (Enfermedad_idEnfermedad, Genes_Nombre) VALUES ('GRCh38/hg38 21q11.2-22.3(chr21:7749532-46677460)x3', 'DNMT3L');
INSERT IGNORE INTO Genes (Nombre) VALUES ('DNMT3L-AS1');
INSERT INTO Enfermedad_has_Genes (Enfermedad_idEnfermedad, Genes_Nombre) VALUES ('GRCh38/hg38 21q11.2-22.3(chr21:7749532-46677460)x3', 'DNMT3L-AS1');
INSERT IGNORE INTO Genes (Nombre) VALUES ('DONSON');
INSERT INTO Enfermedad_has_Genes (Enfermedad_idEnfermedad, Genes_Nombre) VALUES ('GRCh38/hg38 21q11.2-22.3(chr21:7749532-46677460)x3', 'DONSON');
INSERT IGNORE INTO Genes (Nombre) VALUES ('DOP1B');
INSERT INTO Enfermedad_has_Genes (Enfermedad_idEnfermedad, Genes_Nombre) VALUES ('GRCh38/hg38 21q11.2-22.3(chr21:7749532-46677460)x3', 'DOP1B');
INSERT IGNORE INTO Genes (Nombre) VALUES ('DSCAM');
INSERT INTO Enfermedad_has_Genes (Enfermedad_idEnfermedad, Genes_Nombre) VALUES ('GRCh38/hg38 21q11.2-22.3(chr21:7749532-46677460)x3', 'DSCAM');
INSERT IGNORE INTO Genes (Nombre) VALUES ('DSCAM-AS1');
INSERT INTO Enfermedad_has_Genes (Enfermedad_idEnfermedad, Genes_Nombre) VALUES ('GRCh38/hg38 21q11.2-22.3(chr21:7749532-46677460)x3', 'DSCAM-AS1');
INSERT IGNORE INTO Genes (Nombre) VALUES ('DSCAM-IT1');
INSERT INTO Enfermedad_has_Genes (Enfermedad_idEnfermedad, Genes_Nombre) VALUES ('GRCh38/hg38 21q11.2-22.3(chr21:7749532-46677460)x3', 'DSCAM-IT1');
INSERT IGNORE INTO Genes (Nombre) VALUES ('DSCR10');
INSERT INTO Enfermedad_has_Genes (Enfermedad_idEnfermedad, Genes_Nombre) VALUES ('GRCh38/hg38 21q11.2-22.3(chr21:7749532-46677460)x3', 'DSCR10');
INSERT IGNORE INTO Genes (Nombre) VALUES ('DSCR4');
INSERT INTO Enfermedad_has_Genes (Enfermedad_idEnfermedad, Genes_Nombre) VALUES ('GRCh38/hg38 21q11.2-22.3(chr21:7749532-46677460)x3', 'DSCR4');
INSERT IGNORE INTO Genes (Nombre) VALUES ('DSCR8');
INSERT INTO Enfermedad_has_Genes (Enfermedad_idEnfermedad, Genes_Nombre) VALUES ('GRCh38/hg38 21q11.2-22.3(chr21:7749532-46677460)x3', 'DSCR8');
INSERT IGNORE INTO Genes (Nombre) VALUES ('DSCR9');
INSERT INTO Enfermedad_has_Genes (Enfermedad_idEnfermedad, Genes_Nombre) VALUES ('GRCh38/hg38 21q11.2-22.3(chr21:7749532-46677460)x3', 'DSCR9');
INSERT IGNORE INTO Genes (Nombre) VALUES ('DYRK1A');
INSERT INTO Enfermedad_has_Genes (Enfermedad_idEnfermedad, Genes_Nombre) VALUES ('GRCh38/hg38 21q11.2-22.3(chr21:7749532-46677460)x3', 'DYRK1A');
INSERT IGNORE INTO Genes (Nombre) VALUES ('ERG');
INSERT INTO Enfermedad_has_Genes (Enfermedad_idEnfermedad, Genes_Nombre) VALUES ('GRCh38/hg38 21q11.2-22.3(chr21:7749532-46677460)x3', 'ERG');
INSERT IGNORE INTO Genes (Nombre) VALUES ('ERVH48-1');
INSERT INTO Enfermedad_has_Genes (Enfermedad_idEnfermedad, Genes_Nombre) VALUES ('GRCh38/hg38 21q11.2-22.3(chr21:7749532-46677460)x3', 'ERVH48-1');
INSERT IGNORE INTO Genes (Nombre) VALUES ('ETS2');
INSERT INTO Enfermedad_has_Genes (Enfermedad_idEnfermedad, Genes_Nombre) VALUES ('GRCh38/hg38 21q11.2-22.3(chr21:7749532-46677460)x3', 'ETS2');
INSERT IGNORE INTO Genes (Nombre) VALUES ('EVA1C');
INSERT INTO Enfermedad_has_Genes (Enfermedad_idEnfermedad, Genes_Nombre) VALUES ('GRCh38/hg38 21q11.2-22.3(chr21:7749532-46677460)x3', 'EVA1C');
INSERT IGNORE INTO Genes (Nombre) VALUES ('FAM3B');
INSERT INTO Enfermedad_has_Genes (Enfermedad_idEnfermedad, Genes_Nombre) VALUES ('GRCh38/hg38 21q11.2-22.3(chr21:7749532-46677460)x3', 'FAM3B');
INSERT IGNORE INTO Genes (Nombre) VALUES ('FRGCA');
INSERT INTO Enfermedad_has_Genes (Enfermedad_idEnfermedad, Genes_Nombre) VALUES ('GRCh38/hg38 21q11.2-22.3(chr21:7749532-46677460)x3', 'FRGCA');
INSERT IGNORE INTO Genes (Nombre) VALUES ('FTCD');
INSERT INTO Enfermedad_has_Genes (Enfermedad_idEnfermedad, Genes_Nombre) VALUES ('GRCh38/hg38 21q11.2-22.3(chr21:7749532-46677460)x3', 'FTCD');
INSERT IGNORE INTO Genes (Nombre) VALUES ('FTCD-AS1');
INSERT INTO Enfermedad_has_Genes (Enfermedad_idEnfermedad, Genes_Nombre) VALUES ('GRCh38/hg38 21q11.2-22.3(chr21:7749532-46677460)x3', 'FTCD-AS1');
INSERT IGNORE INTO Genes (Nombre) VALUES ('GABPA');
INSERT INTO Enfermedad_has_Genes (Enfermedad_idEnfermedad, Genes_Nombre) VALUES ('GRCh38/hg38 21q11.2-22.3(chr21:7749532-46677460)x3', 'GABPA');
INSERT IGNORE INTO Genes (Nombre) VALUES ('GART');
INSERT INTO Enfermedad_has_Genes (Enfermedad_idEnfermedad, Genes_Nombre) VALUES ('GRCh38/hg38 21q11.2-22.3(chr21:7749532-46677460)x3', 'GART');
INSERT IGNORE INTO Genes (Nombre) VALUES ('GATD3');
INSERT INTO Enfermedad_has_Genes (Enfermedad_idEnfermedad, Genes_Nombre) VALUES ('GRCh38/hg38 21q11.2-22.3(chr21:7749532-46677460)x3', 'GATD3');
INSERT IGNORE INTO Genes (Nombre) VALUES ('GET1');
INSERT INTO Enfermedad_has_Genes (Enfermedad_idEnfermedad, Genes_Nombre) VALUES ('GRCh38/hg38 21q11.2-22.3(chr21:7749532-46677460)x3', 'GET1');
INSERT IGNORE INTO Genes (Nombre) VALUES ('GET1-SH3BGR');
INSERT INTO Enfermedad_has_Genes (Enfermedad_idEnfermedad, Genes_Nombre) VALUES ('GRCh38/hg38 21q11.2-22.3(chr21:7749532-46677460)x3', 'GET1-SH3BGR');
INSERT IGNORE INTO Genes (Nombre) VALUES ('GRIK1');
INSERT INTO Enfermedad_has_Genes (Enfermedad_idEnfermedad, Genes_Nombre) VALUES ('GRCh38/hg38 21q11.2-22.3(chr21:7749532-46677460)x3', 'GRIK1');
INSERT IGNORE INTO Genes (Nombre) VALUES ('GRIK1-AS1');
INSERT INTO Enfermedad_has_Genes (Enfermedad_idEnfermedad, Genes_Nombre) VALUES ('GRCh38/hg38 21q11.2-22.3(chr21:7749532-46677460)x3', 'GRIK1-AS1');
INSERT IGNORE INTO Genes (Nombre) VALUES ('GRIK1-AS2');
INSERT INTO Enfermedad_has_Genes (Enfermedad_idEnfermedad, Genes_Nombre) VALUES ('GRCh38/hg38 21q11.2-22.3(chr21:7749532-46677460)x3', 'GRIK1-AS2');
INSERT IGNORE INTO Genes (Nombre) VALUES ('H2BC12L');
INSERT INTO Enfermedad_has_Genes (Enfermedad_idEnfermedad, Genes_Nombre) VALUES ('GRCh38/hg38 21q11.2-22.3(chr21:7749532-46677460)x3', 'H2BC12L');
INSERT IGNORE INTO Genes (Nombre) VALUES ('HLCS');
INSERT INTO Enfermedad_has_Genes (Enfermedad_idEnfermedad, Genes_Nombre) VALUES ('GRCh38/hg38 21q11.2-22.3(chr21:7749532-46677460)x3', 'HLCS');
INSERT IGNORE INTO Genes (Nombre) VALUES ('HLCS-AS1');
INSERT INTO Enfermedad_has_Genes (Enfermedad_idEnfermedad, Genes_Nombre) VALUES ('GRCh38/hg38 21q11.2-22.3(chr21:7749532-46677460)x3', 'HLCS-AS1');
INSERT IGNORE INTO Genes (Nombre) VALUES ('HMGN1');
INSERT INTO Enfermedad_has_Genes (Enfermedad_idEnfermedad, Genes_Nombre) VALUES ('GRCh38/hg38 21q11.2-22.3(chr21:7749532-46677460)x3', 'HMGN1');
INSERT IGNORE INTO Genes (Nombre) VALUES ('HSF2BP');
INSERT INTO Enfermedad_has_Genes (Enfermedad_idEnfermedad, Genes_Nombre) VALUES ('GRCh38/hg38 21q11.2-22.3(chr21:7749532-46677460)x3', 'HSF2BP');
INSERT IGNORE INTO Genes (Nombre) VALUES ('HSPA13');
INSERT INTO Enfermedad_has_Genes (Enfermedad_idEnfermedad, Genes_Nombre) VALUES ('GRCh38/hg38 21q11.2-22.3(chr21:7749532-46677460)x3', 'HSPA13');
INSERT IGNORE INTO Genes (Nombre) VALUES ('HUNK');
INSERT INTO Enfermedad_has_Genes (Enfermedad_idEnfermedad, Genes_Nombre) VALUES ('GRCh38/hg38 21q11.2-22.3(chr21:7749532-46677460)x3', 'HUNK');
INSERT IGNORE INTO Genes (Nombre) VALUES ('ICOSLG');
INSERT INTO Enfermedad_has_Genes (Enfermedad_idEnfermedad, Genes_Nombre) VALUES ('GRCh38/hg38 21q11.2-22.3(chr21:7749532-46677460)x3', 'ICOSLG');
INSERT IGNORE INTO Genes (Nombre) VALUES ('IFNAR1');
INSERT INTO Enfermedad_has_Genes (Enfermedad_idEnfermedad, Genes_Nombre) VALUES ('GRCh38/hg38 21q11.2-22.3(chr21:7749532-46677460)x3', 'IFNAR1');
INSERT IGNORE INTO Genes (Nombre) VALUES ('IFNAR2');
INSERT INTO Enfermedad_has_Genes (Enfermedad_idEnfermedad, Genes_Nombre) VALUES ('GRCh38/hg38 21q11.2-22.3(chr21:7749532-46677460)x3', 'IFNAR2');
INSERT IGNORE INTO Genes (Nombre) VALUES ('IFNGR2');
INSERT INTO Enfermedad_has_Genes (Enfermedad_idEnfermedad, Genes_Nombre) VALUES ('GRCh38/hg38 21q11.2-22.3(chr21:7749532-46677460)x3', 'IFNGR2');
INSERT IGNORE INTO Genes (Nombre) VALUES ('IGSF5');
INSERT INTO Enfermedad_has_Genes (Enfermedad_idEnfermedad, Genes_Nombre) VALUES ('GRCh38/hg38 21q11.2-22.3(chr21:7749532-46677460)x3', 'IGSF5');
INSERT IGNORE INTO Genes (Nombre) VALUES ('IL10RB');
INSERT INTO Enfermedad_has_Genes (Enfermedad_idEnfermedad, Genes_Nombre) VALUES ('GRCh38/hg38 21q11.2-22.3(chr21:7749532-46677460)x3', 'IL10RB');
INSERT IGNORE INTO Genes (Nombre) VALUES ('IL10RB-DT');
INSERT INTO Enfermedad_has_Genes (Enfermedad_idEnfermedad, Genes_Nombre) VALUES ('GRCh38/hg38 21q11.2-22.3(chr21:7749532-46677460)x3', 'IL10RB-DT');
INSERT IGNORE INTO Genes (Nombre) VALUES ('ITGB2');
INSERT INTO Enfermedad_has_Genes (Enfermedad_idEnfermedad, Genes_Nombre) VALUES ('GRCh38/hg38 21q11.2-22.3(chr21:7749532-46677460)x3', 'ITGB2');
INSERT IGNORE INTO Genes (Nombre) VALUES ('ITGB2-AS1');
INSERT INTO Enfermedad_has_Genes (Enfermedad_idEnfermedad, Genes_Nombre) VALUES ('GRCh38/hg38 21q11.2-22.3(chr21:7749532-46677460)x3', 'ITGB2-AS1');
INSERT IGNORE INTO Genes (Nombre) VALUES ('ITSN1');
INSERT INTO Enfermedad_has_Genes (Enfermedad_idEnfermedad, Genes_Nombre) VALUES ('GRCh38/hg38 21q11.2-22.3(chr21:7749532-46677460)x3', 'ITSN1');
INSERT IGNORE INTO Genes (Nombre) VALUES ('JAM2');
INSERT INTO Enfermedad_has_Genes (Enfermedad_idEnfermedad, Genes_Nombre) VALUES ('GRCh38/hg38 21q11.2-22.3(chr21:7749532-46677460)x3', 'JAM2');
INSERT IGNORE INTO Genes (Nombre) VALUES ('KCNE1');
INSERT INTO Enfermedad_has_Genes (Enfermedad_idEnfermedad, Genes_Nombre) VALUES ('GRCh38/hg38 21q11.2-22.3(chr21:7749532-46677460)x3', 'KCNE1');
INSERT IGNORE INTO Genes (Nombre) VALUES ('KCNE2');
INSERT INTO Enfermedad_has_Genes (Enfermedad_idEnfermedad, Genes_Nombre) VALUES ('GRCh38/hg38 21q11.2-22.3(chr21:7749532-46677460)x3', 'KCNE2');
INSERT IGNORE INTO Genes (Nombre) VALUES ('KCNJ15');
INSERT INTO Enfermedad_has_Genes (Enfermedad_idEnfermedad, Genes_Nombre) VALUES ('GRCh38/hg38 21q11.2-22.3(chr21:7749532-46677460)x3', 'KCNJ15');
INSERT IGNORE INTO Genes (Nombre) VALUES ('KCNJ6');
INSERT INTO Enfermedad_has_Genes (Enfermedad_idEnfermedad, Genes_Nombre) VALUES ('GRCh38/hg38 21q11.2-22.3(chr21:7749532-46677460)x3', 'KCNJ6');
INSERT IGNORE INTO Genes (Nombre) VALUES ('KCNJ6-AS1');
INSERT INTO Enfermedad_has_Genes (Enfermedad_idEnfermedad, Genes_Nombre) VALUES ('GRCh38/hg38 21q11.2-22.3(chr21:7749532-46677460)x3', 'KCNJ6-AS1');
INSERT IGNORE INTO Genes (Nombre) VALUES ('KRTAP10-1');
INSERT INTO Enfermedad_has_Genes (Enfermedad_idEnfermedad, Genes_Nombre) VALUES ('GRCh38/hg38 21q11.2-22.3(chr21:7749532-46677460)x3', 'KRTAP10-1');
INSERT IGNORE INTO Genes (Nombre) VALUES ('KRTAP10-10');
INSERT INTO Enfermedad_has_Genes (Enfermedad_idEnfermedad, Genes_Nombre) VALUES ('GRCh38/hg38 21q11.2-22.3(chr21:7749532-46677460)x3', 'KRTAP10-10');
INSERT IGNORE INTO Genes (Nombre) VALUES ('KRTAP10-11');
INSERT INTO Enfermedad_has_Genes (Enfermedad_idEnfermedad, Genes_Nombre) VALUES ('GRCh38/hg38 21q11.2-22.3(chr21:7749532-46677460)x3', 'KRTAP10-11');
INSERT IGNORE INTO Genes (Nombre) VALUES ('KRTAP10-12');
INSERT INTO Enfermedad_has_Genes (Enfermedad_idEnfermedad, Genes_Nombre) VALUES ('GRCh38/hg38 21q11.2-22.3(chr21:7749532-46677460)x3', 'KRTAP10-12');
INSERT IGNORE INTO Genes (Nombre) VALUES ('KRTAP10-2');
INSERT INTO Enfermedad_has_Genes (Enfermedad_idEnfermedad, Genes_Nombre) VALUES ('GRCh38/hg38 21q11.2-22.3(chr21:7749532-46677460)x3', 'KRTAP10-2');
INSERT IGNORE INTO Genes (Nombre) VALUES ('KRTAP10-3');
INSERT INTO Enfermedad_has_Genes (Enfermedad_idEnfermedad, Genes_Nombre) VALUES ('GRCh38/hg38 21q11.2-22.3(chr21:7749532-46677460)x3', 'KRTAP10-3');
INSERT IGNORE INTO Genes (Nombre) VALUES ('KRTAP10-4');
INSERT INTO Enfermedad_has_Genes (Enfermedad_idEnfermedad, Genes_Nombre) VALUES ('GRCh38/hg38 21q11.2-22.3(chr21:7749532-46677460)x3', 'KRTAP10-4');
INSERT IGNORE INTO Genes (Nombre) VALUES ('KRTAP10-5');
INSERT INTO Enfermedad_has_Genes (Enfermedad_idEnfermedad, Genes_Nombre) VALUES ('GRCh38/hg38 21q11.2-22.3(chr21:7749532-46677460)x3', 'KRTAP10-5');
INSERT IGNORE INTO Genes (Nombre) VALUES ('KRTAP10-6');
INSERT INTO Enfermedad_has_Genes (Enfermedad_idEnfermedad, Genes_Nombre) VALUES ('GRCh38/hg38 21q11.2-22.3(chr21:7749532-46677460)x3', 'KRTAP10-6');
INSERT IGNORE INTO Genes (Nombre) VALUES ('KRTAP10-7');
INSERT INTO Enfermedad_has_Genes (Enfermedad_idEnfermedad, Genes_Nombre) VALUES ('GRCh38/hg38 21q11.2-22.3(chr21:7749532-46677460)x3', 'KRTAP10-7');
INSERT IGNORE INTO Genes (Nombre) VALUES ('KRTAP10-8');
INSERT INTO Enfermedad_has_Genes (Enfermedad_idEnfermedad, Genes_Nombre) VALUES ('GRCh38/hg38 21q11.2-22.3(chr21:7749532-46677460)x3', 'KRTAP10-8');
INSERT IGNORE INTO Genes (Nombre) VALUES ('KRTAP10-9');
INSERT INTO Enfermedad_has_Genes (Enfermedad_idEnfermedad, Genes_Nombre) VALUES ('GRCh38/hg38 21q11.2-22.3(chr21:7749532-46677460)x3', 'KRTAP10-9');
INSERT IGNORE INTO Genes (Nombre) VALUES ('KRTAP11-1');
INSERT INTO Enfermedad_has_Genes (Enfermedad_idEnfermedad, Genes_Nombre) VALUES ('GRCh38/hg38 21q11.2-22.3(chr21:7749532-46677460)x3', 'KRTAP11-1');
INSERT IGNORE INTO Genes (Nombre) VALUES ('KRTAP12-1');
INSERT INTO Enfermedad_has_Genes (Enfermedad_idEnfermedad, Genes_Nombre) VALUES ('GRCh38/hg38 21q11.2-22.3(chr21:7749532-46677460)x3', 'KRTAP12-1');
INSERT IGNORE INTO Genes (Nombre) VALUES ('KRTAP12-2');
INSERT INTO Enfermedad_has_Genes (Enfermedad_idEnfermedad, Genes_Nombre) VALUES ('GRCh38/hg38 21q11.2-22.3(chr21:7749532-46677460)x3', 'KRTAP12-2');
INSERT IGNORE INTO Genes (Nombre) VALUES ('KRTAP12-3');
INSERT INTO Enfermedad_has_Genes (Enfermedad_idEnfermedad, Genes_Nombre) VALUES ('GRCh38/hg38 21q11.2-22.3(chr21:7749532-46677460)x3', 'KRTAP12-3');
INSERT IGNORE INTO Genes (Nombre) VALUES ('KRTAP12-4');
INSERT INTO Enfermedad_has_Genes (Enfermedad_idEnfermedad, Genes_Nombre) VALUES ('GRCh38/hg38 21q11.2-22.3(chr21:7749532-46677460)x3', 'KRTAP12-4');
INSERT IGNORE INTO Genes (Nombre) VALUES ('KRTAP13-1');
INSERT INTO Enfermedad_has_Genes (Enfermedad_idEnfermedad, Genes_Nombre) VALUES ('GRCh38/hg38 21q11.2-22.3(chr21:7749532-46677460)x3', 'KRTAP13-1');
INSERT IGNORE INTO Genes (Nombre) VALUES ('KRTAP13-2');
INSERT INTO Enfermedad_has_Genes (Enfermedad_idEnfermedad, Genes_Nombre) VALUES ('GRCh38/hg38 21q11.2-22.3(chr21:7749532-46677460)x3', 'KRTAP13-2');
INSERT IGNORE INTO Genes (Nombre) VALUES ('KRTAP13-3');
INSERT INTO Enfermedad_has_Genes (Enfermedad_idEnfermedad, Genes_Nombre) VALUES ('GRCh38/hg38 21q11.2-22.3(chr21:7749532-46677460)x3', 'KRTAP13-3');
INSERT IGNORE INTO Genes (Nombre) VALUES ('KRTAP13-4');
INSERT INTO Enfermedad_has_Genes (Enfermedad_idEnfermedad, Genes_Nombre) VALUES ('GRCh38/hg38 21q11.2-22.3(chr21:7749532-46677460)x3', 'KRTAP13-4');
INSERT IGNORE INTO Genes (Nombre) VALUES ('KRTAP15-1');
INSERT INTO Enfermedad_has_Genes (Enfermedad_idEnfermedad, Genes_Nombre) VALUES ('GRCh38/hg38 21q11.2-22.3(chr21:7749532-46677460)x3', 'KRTAP15-1');
INSERT IGNORE INTO Genes (Nombre) VALUES ('KRTAP19-1');
INSERT INTO Enfermedad_has_Genes (Enfermedad_idEnfermedad, Genes_Nombre) VALUES ('GRCh38/hg38 21q11.2-22.3(chr21:7749532-46677460)x3', 'KRTAP19-1');
INSERT IGNORE INTO Genes (Nombre) VALUES ('KRTAP19-2');
INSERT INTO Enfermedad_has_Genes (Enfermedad_idEnfermedad, Genes_Nombre) VALUES ('GRCh38/hg38 21q11.2-22.3(chr21:7749532-46677460)x3', 'KRTAP19-2');
INSERT IGNORE INTO Genes (Nombre) VALUES ('KRTAP19-3');
INSERT INTO Enfermedad_has_Genes (Enfermedad_idEnfermedad, Genes_Nombre) VALUES ('GRCh38/hg38 21q11.2-22.3(chr21:7749532-46677460)x3', 'KRTAP19-3');
INSERT IGNORE INTO Sintomas (Descripcion) VALUES ('See cases');
INSERT INTO Sintomas_has_Enfermedad (Sintomas_Descripcion, Enfermedad_idEnfermedad) VALUES ('See cases', 'GRCh38/hg38 21q11.2-22.3(chr21:7749532-46677460)x3');
