INSERT INTO Proteina (idProteina, Longitud, Nombre, Organismo) VALUES ('P14735', 1019, 'Insulin-degrading enzyme (EC 3.4.24.56) (Abeta-degrading protease) (Insulin protease) (Insulinase) (Insulysin)', 'Homo sapiens (Human)');
INSERT INTO Proteina (idProteina, Longitud, Nombre, Organismo) VALUES ('P01308', 110, 'Insulin [Cleaved into: Insulin B chain, Insulin A chain]', 'Homo sapiens (Human)');
INSERT INTO Proteina (idProteina, Longitud, Nombre, Organismo) VALUES ('P06213', 1382, 'Insulin receptor (IR) (EC 2.7.10.1) (CD antigen CD220) [Cleaved into: Insulin receptor subunit alpha, Insulin receptor subunit beta]', 'Homo sapiens (Human)');
INSERT INTO Proteina (idProteina, Longitud, Nombre, Organismo) VALUES ('A2VEY9', 693, 'Palmitoyltransferase app (EC 2.3.1.225) (Protein approximated)', 'Drosophila melanogaster (Fruit fly)');
INSERT INTO Proteina (idProteina, Longitud, Nombre, Organismo) VALUES ('P53933', 587, 'Phosphatidate phosphatase APP1 (PAP) (EC 3.1.3.4) (Actin patch protein 1)', 'Saccharomyces cerevisiae (strain ATCC 204508 / S288c) (Bakers yeast)');
INSERT INTO Proteina (idProteina, Longitud, Nombre, Organismo) VALUES ('Q92624', 585, 'Amyloid protein-binding protein 2 (Amyloid beta precursor protein-binding protein 2) (APP-BP2) (Protein interacting with APP tail 1)', 'Homo sapiens (Human)');
INSERT INTO Proteina (idProteina, Longitud, Nombre, Organismo) VALUES ('O75161', 1426, 'Nephrocystin-4 (Nephroretinin)', 'Homo sapiens (Human)');
INSERT INTO Proteina (idProteina, Longitud, Nombre, Organismo) VALUES ('P59240', 1425, 'Nephrocystin-4 (Nephroretinin)', 'Mus musculus (Mouse)');
INSERT INTO Enfermedad (idEnfermedad, CambioProteina, SignificanciaClinica) VALUES ('NM_004969.4(IDE):c.2932A>G (p.Ile978Val)', 'I978V, I423V, I939V, I937V', 'Likely benign  (Last reviewed: Dec 2, 2021)');
INSERT INTO Proteina_has_Enfermedad (Proteina_idProteina, Enfermedad_idEnfermedad) VALUES ('P14735', 'NM_004969.4(IDE):c.2932A>G (p.Ile978Val)');
INSERT IGNORE INTO Genes (Nombre) VALUES ('IDE');
INSERT INTO Enfermedad_has_Genes (Enfermedad_idEnfermedad, Genes_Nombre) VALUES ('NM_004969.4(IDE):c.2932A>G (p.Ile978Val)', 'IDE');
INSERT IGNORE INTO Sintomas (Descripcion) VALUES ('Inborn genetic diseases');
INSERT INTO Sintomas_has_Enfermedad (Sintomas_Descripcion, Enfermedad_idEnfermedad) VALUES ('Inborn genetic diseases', 'NM_004969.4(IDE):c.2932A>G (p.Ile978Val)');
INSERT INTO Enfermedad (idEnfermedad, CambioProteina, SignificanciaClinica) VALUES ('NM_004969.4(IDE):c.2890G>T (p.Asp964Tyr)', 'D964Y, D409Y, D923Y, D925Y', 'Uncertain significance  (Last reviewed: Nov 17, 2022)');
INSERT INTO Proteina_has_Enfermedad (Proteina_idProteina, Enfermedad_idEnfermedad) VALUES ('P14735', 'NM_004969.4(IDE):c.2890G>T (p.Asp964Tyr)');
INSERT IGNORE INTO Genes (Nombre) VALUES ('IDE');
INSERT INTO Enfermedad_has_Genes (Enfermedad_idEnfermedad, Genes_Nombre) VALUES ('NM_004969.4(IDE):c.2890G>T (p.Asp964Tyr)', 'IDE');
INSERT IGNORE INTO Sintomas (Descripcion) VALUES ('Inborn genetic diseases');
INSERT INTO Sintomas_has_Enfermedad (Sintomas_Descripcion, Enfermedad_idEnfermedad) VALUES ('Inborn genetic diseases', 'NM_004969.4(IDE):c.2890G>T (p.Asp964Tyr)');
INSERT INTO Enfermedad (idEnfermedad, CambioProteina, SignificanciaClinica) VALUES ('NM_004969.4(IDE):c.2866G>A (p.Val956Ile)', 'V917I, V956I, V915I, V401I', 'Uncertain significance  (Last reviewed: Apr 13, 2022)');
INSERT INTO Proteina_has_Enfermedad (Proteina_idProteina, Enfermedad_idEnfermedad) VALUES ('P14735', 'NM_004969.4(IDE):c.2866G>A (p.Val956Ile)');
INSERT IGNORE INTO Genes (Nombre) VALUES ('IDE');
INSERT INTO Enfermedad_has_Genes (Enfermedad_idEnfermedad, Genes_Nombre) VALUES ('NM_004969.4(IDE):c.2866G>A (p.Val956Ile)', 'IDE');
INSERT IGNORE INTO Sintomas (Descripcion) VALUES ('Inborn genetic diseases');
INSERT INTO Sintomas_has_Enfermedad (Sintomas_Descripcion, Enfermedad_idEnfermedad) VALUES ('Inborn genetic diseases', 'NM_004969.4(IDE):c.2866G>A (p.Val956Ile)');
INSERT INTO Enfermedad (idEnfermedad, CambioProteina, SignificanciaClinica) VALUES ('NM_004969.4(IDE):c.2779T>C (p.Tyr927His)', 'Y372H, Y886H, Y927H, Y888H', 'Uncertain significance  (Last reviewed: Aug 17, 2022)');
INSERT INTO Proteina_has_Enfermedad (Proteina_idProteina, Enfermedad_idEnfermedad) VALUES ('P14735', 'NM_004969.4(IDE):c.2779T>C (p.Tyr927His)');
INSERT IGNORE INTO Genes (Nombre) VALUES ('IDE');
INSERT INTO Enfermedad_has_Genes (Enfermedad_idEnfermedad, Genes_Nombre) VALUES ('NM_004969.4(IDE):c.2779T>C (p.Tyr927His)', 'IDE');
INSERT IGNORE INTO Sintomas (Descripcion) VALUES ('Inborn genetic diseases');
INSERT INTO Sintomas_has_Enfermedad (Sintomas_Descripcion, Enfermedad_idEnfermedad) VALUES ('Inborn genetic diseases', 'NM_004969.4(IDE):c.2779T>C (p.Tyr927His)');
INSERT INTO Enfermedad (idEnfermedad, CambioProteina, SignificanciaClinica) VALUES ('GRCh37/hg19 10q11.21-26.3(chr10:42347406-135534747)x1', '', 'drug response  (Last reviewed: Nov 27, 2017)');
INSERT INTO Proteina_has_Enfermedad (Proteina_idProteina, Enfermedad_idEnfermedad) VALUES ('P14735', 'GRCh37/hg19 10q11.21-26.3(chr10:42347406-135534747)x1');
INSERT IGNORE INTO Genes (Nombre) VALUES ('ADAMTS14');
INSERT INTO Enfermedad_has_Genes (Enfermedad_idEnfermedad, Genes_Nombre) VALUES ('GRCh37/hg19 10q11.21-26.3(chr10:42347406-135534747)x1', 'ADAMTS14');
INSERT IGNORE INTO Genes (Nombre) VALUES ('ADD3');
INSERT INTO Enfermedad_has_Genes (Enfermedad_idEnfermedad, Genes_Nombre) VALUES ('GRCh37/hg19 10q11.21-26.3(chr10:42347406-135534747)x1', 'ADD3');
INSERT IGNORE INTO Genes (Nombre) VALUES ('ADGRA1');
INSERT INTO Enfermedad_has_Genes (Enfermedad_idEnfermedad, Genes_Nombre) VALUES ('GRCh37/hg19 10q11.21-26.3(chr10:42347406-135534747)x1', 'ADGRA1');
INSERT IGNORE INTO Genes (Nombre) VALUES ('AVPI1');
INSERT INTO Enfermedad_has_Genes (Enfermedad_idEnfermedad, Genes_Nombre) VALUES ('GRCh37/hg19 10q11.21-26.3(chr10:42347406-135534747)x1', 'AVPI1');
INSERT IGNORE INTO Genes (Nombre) VALUES ('COL13A1');
INSERT INTO Enfermedad_has_Genes (Enfermedad_idEnfermedad, Genes_Nombre) VALUES ('GRCh37/hg19 10q11.21-26.3(chr10:42347406-135534747)x1', 'COL13A1');
INSERT IGNORE INTO Genes (Nombre) VALUES ('COL17A1');
INSERT INTO Enfermedad_has_Genes (Enfermedad_idEnfermedad, Genes_Nombre) VALUES ('GRCh37/hg19 10q11.21-26.3(chr10:42347406-135534747)x1', 'COL17A1');
INSERT IGNORE INTO Genes (Nombre) VALUES ('CYP2C18');
INSERT INTO Enfermedad_has_Genes (Enfermedad_idEnfermedad, Genes_Nombre) VALUES ('GRCh37/hg19 10q11.21-26.3(chr10:42347406-135534747)x1', 'CYP2C18');
INSERT IGNORE INTO Genes (Nombre) VALUES ('COMTD1');
INSERT INTO Enfermedad_has_Genes (Enfermedad_idEnfermedad, Genes_Nombre) VALUES ('GRCh37/hg19 10q11.21-26.3(chr10:42347406-135534747)x1', 'COMTD1');
INSERT IGNORE INTO Genes (Nombre) VALUES ('COX15');
INSERT INTO Enfermedad_has_Genes (Enfermedad_idEnfermedad, Genes_Nombre) VALUES ('GRCh37/hg19 10q11.21-26.3(chr10:42347406-135534747)x1', 'COX15');
INSERT IGNORE INTO Genes (Nombre) VALUES ('CPEB3');
INSERT INTO Enfermedad_has_Genes (Enfermedad_idEnfermedad, Genes_Nombre) VALUES ('GRCh37/hg19 10q11.21-26.3(chr10:42347406-135534747)x1', 'CPEB3');
INSERT IGNORE INTO Genes (Nombre) VALUES ('CPN1');
INSERT INTO Enfermedad_has_Genes (Enfermedad_idEnfermedad, Genes_Nombre) VALUES ('GRCh37/hg19 10q11.21-26.3(chr10:42347406-135534747)x1', 'CPN1');
INSERT IGNORE INTO Genes (Nombre) VALUES ('CYP17A1');
INSERT INTO Enfermedad_has_Genes (Enfermedad_idEnfermedad, Genes_Nombre) VALUES ('GRCh37/hg19 10q11.21-26.3(chr10:42347406-135534747)x1', 'CYP17A1');
INSERT IGNORE INTO Genes (Nombre) VALUES ('CYP26A1');
INSERT INTO Enfermedad_has_Genes (Enfermedad_idEnfermedad, Genes_Nombre) VALUES ('GRCh37/hg19 10q11.21-26.3(chr10:42347406-135534747)x1', 'CYP26A1');
INSERT IGNORE INTO Genes (Nombre) VALUES ('CPXM2');
INSERT INTO Enfermedad_has_Genes (Enfermedad_idEnfermedad, Genes_Nombre) VALUES ('GRCh37/hg19 10q11.21-26.3(chr10:42347406-135534747)x1', 'CPXM2');
INSERT IGNORE INTO Genes (Nombre) VALUES ('C10orf62');
INSERT INTO Enfermedad_has_Genes (Enfermedad_idEnfermedad, Genes_Nombre) VALUES ('GRCh37/hg19 10q11.21-26.3(chr10:42347406-135534747)x1', 'C10orf62');
INSERT IGNORE INTO Sintomas (Descripcion) VALUES ('Poly (ADP-Ribose) polymerase inhibitor response');
INSERT INTO Sintomas_has_Enfermedad (Sintomas_Descripcion, Enfermedad_idEnfermedad) VALUES ('Poly (ADP-Ribose) polymerase inhibitor response', 'GRCh37/hg19 10q11.21-26.3(chr10:42347406-135534747)x1');
INSERT INTO Enfermedad (idEnfermedad, CambioProteina, SignificanciaClinica) VALUES ('GRCh38/hg38 19p13.3-13.2(chr19:1972245-9648879)x3', '', 'Pathogenic  (Last reviewed: Aug 12, 2011)');
INSERT INTO Proteina_has_Enfermedad (Proteina_idProteina, Enfermedad_idEnfermedad) VALUES ('P06213', 'GRCh38/hg38 19p13.3-13.2(chr19:1972245-9648879)x3');
INSERT IGNORE INTO Genes (Nombre) VALUES ('ACER1');
INSERT INTO Enfermedad_has_Genes (Enfermedad_idEnfermedad, Genes_Nombre) VALUES ('GRCh38/hg38 19p13.3-13.2(chr19:1972245-9648879)x3', 'ACER1');
INSERT IGNORE INTO Genes (Nombre) VALUES ('ACSBG2');
INSERT INTO Enfermedad_has_Genes (Enfermedad_idEnfermedad, Genes_Nombre) VALUES ('GRCh38/hg38 19p13.3-13.2(chr19:1972245-9648879)x3', 'ACSBG2');
INSERT IGNORE INTO Genes (Nombre) VALUES ('ACTL9');
INSERT INTO Enfermedad_has_Genes (Enfermedad_idEnfermedad, Genes_Nombre) VALUES ('GRCh38/hg38 19p13.3-13.2(chr19:1972245-9648879)x3', 'ACTL9');
INSERT IGNORE INTO Genes (Nombre) VALUES ('ADAMTS10');
INSERT INTO Enfermedad_has_Genes (Enfermedad_idEnfermedad, Genes_Nombre) VALUES ('GRCh38/hg38 19p13.3-13.2(chr19:1972245-9648879)x3', 'ADAMTS10');
INSERT IGNORE INTO Genes (Nombre) VALUES ('ADGRE1');
INSERT INTO Enfermedad_has_Genes (Enfermedad_idEnfermedad, Genes_Nombre) VALUES ('GRCh38/hg38 19p13.3-13.2(chr19:1972245-9648879)x3', 'ADGRE1');
INSERT IGNORE INTO Genes (Nombre) VALUES ('ALKBH7');
INSERT INTO Enfermedad_has_Genes (Enfermedad_idEnfermedad, Genes_Nombre) VALUES ('GRCh38/hg38 19p13.3-13.2(chr19:1972245-9648879)x3', 'ALKBH7');
INSERT IGNORE INTO Genes (Nombre) VALUES ('AMH');
INSERT INTO Enfermedad_has_Genes (Enfermedad_idEnfermedad, Genes_Nombre) VALUES ('GRCh38/hg38 19p13.3-13.2(chr19:1972245-9648879)x3', 'AMH');
INSERT IGNORE INTO Genes (Nombre) VALUES ('ANGPTL4');
INSERT INTO Enfermedad_has_Genes (Enfermedad_idEnfermedad, Genes_Nombre) VALUES ('GRCh38/hg38 19p13.3-13.2(chr19:1972245-9648879)x3', 'ANGPTL4');
INSERT IGNORE INTO Genes (Nombre) VALUES ('ANKRD24');
INSERT INTO Enfermedad_has_Genes (Enfermedad_idEnfermedad, Genes_Nombre) VALUES ('GRCh38/hg38 19p13.3-13.2(chr19:1972245-9648879)x3', 'ANKRD24');
INSERT IGNORE INTO Genes (Nombre) VALUES ('AP3D1');
INSERT INTO Enfermedad_has_Genes (Enfermedad_idEnfermedad, Genes_Nombre) VALUES ('GRCh38/hg38 19p13.3-13.2(chr19:1972245-9648879)x3', 'AP3D1');
INSERT IGNORE INTO Genes (Nombre) VALUES ('APBA3');
INSERT INTO Enfermedad_has_Genes (Enfermedad_idEnfermedad, Genes_Nombre) VALUES ('GRCh38/hg38 19p13.3-13.2(chr19:1972245-9648879)x3', 'APBA3');
INSERT IGNORE INTO Genes (Nombre) VALUES ('ARHGEF18');
INSERT INTO Enfermedad_has_Genes (Enfermedad_idEnfermedad, Genes_Nombre) VALUES ('GRCh38/hg38 19p13.3-13.2(chr19:1972245-9648879)x3', 'ARHGEF18');
INSERT IGNORE INTO Genes (Nombre) VALUES ('ARRDC5');
INSERT INTO Enfermedad_has_Genes (Enfermedad_idEnfermedad, Genes_Nombre) VALUES ('GRCh38/hg38 19p13.3-13.2(chr19:1972245-9648879)x3', 'ARRDC5');
INSERT IGNORE INTO Genes (Nombre) VALUES ('ATCAY');
INSERT INTO Enfermedad_has_Genes (Enfermedad_idEnfermedad, Genes_Nombre) VALUES ('GRCh38/hg38 19p13.3-13.2(chr19:1972245-9648879)x3', 'ATCAY');
INSERT IGNORE INTO Genes (Nombre) VALUES ('BTBD2');
INSERT INTO Enfermedad_has_Genes (Enfermedad_idEnfermedad, Genes_Nombre) VALUES ('GRCh38/hg38 19p13.3-13.2(chr19:1972245-9648879)x3', 'BTBD2');
INSERT IGNORE INTO Sintomas (Descripcion) VALUES ('See cases');
INSERT INTO Sintomas_has_Enfermedad (Sintomas_Descripcion, Enfermedad_idEnfermedad) VALUES ('See cases', 'GRCh38/hg38 19p13.3-13.2(chr19:1972245-9648879)x3');
INSERT INTO Enfermedad (idEnfermedad, CambioProteina, SignificanciaClinica) VALUES ('NM_000208.3(INSR):c.*4803G>A', '', 'Likely benign  (Last reviewed: Jun 14, 2016)');
INSERT INTO Proteina_has_Enfermedad (Proteina_idProteina, Enfermedad_idEnfermedad) VALUES ('P06213', 'NM_000208.3(INSR):c.*4803G>A');
INSERT IGNORE INTO Genes (Nombre) VALUES ('INSR');
INSERT INTO Enfermedad_has_Genes (Enfermedad_idEnfermedad, Genes_Nombre) VALUES ('NM_000208.3(INSR):c.*4803G>A', 'INSR');
INSERT IGNORE INTO Sintomas (Descripcion) VALUES ('Rabson-Mendenhall syndrome');
INSERT INTO Sintomas_has_Enfermedad (Sintomas_Descripcion, Enfermedad_idEnfermedad) VALUES ('Rabson-Mendenhall syndrome', 'NM_000208.3(INSR):c.*4803G>A');
INSERT IGNORE INTO Sintomas (Descripcion) VALUES ('Insulin-resistant diabetes mellitus AND acanthosis nigricans');
INSERT INTO Sintomas_has_Enfermedad (Sintomas_Descripcion, Enfermedad_idEnfermedad) VALUES ('Insulin-resistant diabetes mellitus AND acanthosis nigricans', 'NM_000208.3(INSR):c.*4803G>A');
INSERT IGNORE INTO Sintomas (Descripcion) VALUES ('Leprechaunism syndrome');
INSERT INTO Sintomas_has_Enfermedad (Sintomas_Descripcion, Enfermedad_idEnfermedad) VALUES ('Leprechaunism syndrome', 'NM_000208.3(INSR):c.*4803G>A');
INSERT INTO Enfermedad (idEnfermedad, CambioProteina, SignificanciaClinica) VALUES ('NM_000208.3(INSR):c.*4802C>T', '', 'Benign  (Last reviewed: Jun 14, 2016)');
INSERT INTO Proteina_has_Enfermedad (Proteina_idProteina, Enfermedad_idEnfermedad) VALUES ('P06213', 'NM_000208.3(INSR):c.*4802C>T');
INSERT IGNORE INTO Genes (Nombre) VALUES ('INSR');
INSERT INTO Enfermedad_has_Genes (Enfermedad_idEnfermedad, Genes_Nombre) VALUES ('NM_000208.3(INSR):c.*4802C>T', 'INSR');
INSERT IGNORE INTO Sintomas (Descripcion) VALUES ('Rabson-Mendenhall syndrome');
INSERT INTO Sintomas_has_Enfermedad (Sintomas_Descripcion, Enfermedad_idEnfermedad) VALUES ('Rabson-Mendenhall syndrome', 'NM_000208.3(INSR):c.*4802C>T');
INSERT IGNORE INTO Sintomas (Descripcion) VALUES ('Insulin-resistant diabetes mellitus AND acanthosis nigricans');
INSERT INTO Sintomas_has_Enfermedad (Sintomas_Descripcion, Enfermedad_idEnfermedad) VALUES ('Insulin-resistant diabetes mellitus AND acanthosis nigricans', 'NM_000208.3(INSR):c.*4802C>T');
INSERT IGNORE INTO Sintomas (Descripcion) VALUES ('Leprechaunism syndrome');
INSERT INTO Sintomas_has_Enfermedad (Sintomas_Descripcion, Enfermedad_idEnfermedad) VALUES ('Leprechaunism syndrome', 'NM_000208.3(INSR):c.*4802C>T');
INSERT INTO Enfermedad (idEnfermedad, CambioProteina, SignificanciaClinica) VALUES ('NC_000019.10:g.(?_7112255)_(7249328_?)del', '', 'Pathogenic  (Last reviewed: Sep 1, 1993)');
INSERT INTO Proteina_has_Enfermedad (Proteina_idProteina, Enfermedad_idEnfermedad) VALUES ('P06213', 'NC_000019.10:g.(?_7112255)_(7249328_?)del');
INSERT IGNORE INTO Genes (Nombre) VALUES ('INSR');
INSERT INTO Enfermedad_has_Genes (Enfermedad_idEnfermedad, Genes_Nombre) VALUES ('NC_000019.10:g.(?_7112255)_(7249328_?)del', 'INSR');
INSERT IGNORE INTO Sintomas (Descripcion) VALUES ('Leprechaunism syndrome');
INSERT INTO Sintomas_has_Enfermedad (Sintomas_Descripcion, Enfermedad_idEnfermedad) VALUES ('Leprechaunism syndrome', 'NC_000019.10:g.(?_7112255)_(7249328_?)del');
INSERT INTO Enfermedad (idEnfermedad, CambioProteina, SignificanciaClinica) VALUES ('GRCh38/hg38 21p11.2-q22.3(chr21:7749532-46670405)x3', '', 'Pathogenic  (Last reviewed: Aug 12, 2011)');
INSERT INTO Proteina_has_Enfermedad (Proteina_idProteina, Enfermedad_idEnfermedad) VALUES ('A2VEY9', 'GRCh38/hg38 21p11.2-q22.3(chr21:7749532-46670405)x3');
INSERT IGNORE INTO Genes (Nombre) VALUES ('AATBC');
INSERT INTO Enfermedad_has_Genes (Enfermedad_idEnfermedad, Genes_Nombre) VALUES ('GRCh38/hg38 21p11.2-q22.3(chr21:7749532-46670405)x3', 'AATBC');
INSERT IGNORE INTO Genes (Nombre) VALUES ('ABCG1');
INSERT INTO Enfermedad_has_Genes (Enfermedad_idEnfermedad, Genes_Nombre) VALUES ('GRCh38/hg38 21p11.2-q22.3(chr21:7749532-46670405)x3', 'ABCG1');
INSERT IGNORE INTO Genes (Nombre) VALUES ('ADAMTS1');
INSERT INTO Enfermedad_has_Genes (Enfermedad_idEnfermedad, Genes_Nombre) VALUES ('GRCh38/hg38 21p11.2-q22.3(chr21:7749532-46670405)x3', 'ADAMTS1');
INSERT IGNORE INTO Genes (Nombre) VALUES ('ADAMTS5');
INSERT INTO Enfermedad_has_Genes (Enfermedad_idEnfermedad, Genes_Nombre) VALUES ('GRCh38/hg38 21p11.2-q22.3(chr21:7749532-46670405)x3', 'ADAMTS5');
INSERT IGNORE INTO Genes (Nombre) VALUES ('ADARB1');
INSERT INTO Enfermedad_has_Genes (Enfermedad_idEnfermedad, Genes_Nombre) VALUES ('GRCh38/hg38 21p11.2-q22.3(chr21:7749532-46670405)x3', 'ADARB1');
INSERT IGNORE INTO Genes (Nombre) VALUES ('AGPAT3');
INSERT INTO Enfermedad_has_Genes (Enfermedad_idEnfermedad, Genes_Nombre) VALUES ('GRCh38/hg38 21p11.2-q22.3(chr21:7749532-46670405)x3', 'AGPAT3');
INSERT IGNORE INTO Genes (Nombre) VALUES ('AIRE');
INSERT INTO Enfermedad_has_Genes (Enfermedad_idEnfermedad, Genes_Nombre) VALUES ('GRCh38/hg38 21p11.2-q22.3(chr21:7749532-46670405)x3', 'AIRE');
INSERT IGNORE INTO Genes (Nombre) VALUES ('APP');
INSERT INTO Enfermedad_has_Genes (Enfermedad_idEnfermedad, Genes_Nombre) VALUES ('GRCh38/hg38 21p11.2-q22.3(chr21:7749532-46670405)x3', 'APP');
INSERT IGNORE INTO Genes (Nombre) VALUES ('ATP5PF');
INSERT INTO Enfermedad_has_Genes (Enfermedad_idEnfermedad, Genes_Nombre) VALUES ('GRCh38/hg38 21p11.2-q22.3(chr21:7749532-46670405)x3', 'ATP5PF');
INSERT IGNORE INTO Genes (Nombre) VALUES ('ATP5PO');
INSERT INTO Enfermedad_has_Genes (Enfermedad_idEnfermedad, Genes_Nombre) VALUES ('GRCh38/hg38 21p11.2-q22.3(chr21:7749532-46670405)x3', 'ATP5PO');
INSERT IGNORE INTO Genes (Nombre) VALUES ('B3GALT5');
INSERT INTO Enfermedad_has_Genes (Enfermedad_idEnfermedad, Genes_Nombre) VALUES ('GRCh38/hg38 21p11.2-q22.3(chr21:7749532-46670405)x3', 'B3GALT5');
INSERT IGNORE INTO Sintomas (Descripcion) VALUES ('See cases');
INSERT INTO Sintomas_has_Enfermedad (Sintomas_Descripcion, Enfermedad_idEnfermedad) VALUES ('See cases', 'GRCh38/hg38 21p11.2-q22.3(chr21:7749532-46670405)x3');
INSERT INTO Enfermedad (idEnfermedad, CambioProteina, SignificanciaClinica) VALUES ('GRCh38/hg38 21q11.2-22.3(chr21:7749532-46677460)x3', '', 'Pathogenic  (Last reviewed: Feb 11, 2016)');
INSERT INTO Proteina_has_Enfermedad (Proteina_idProteina, Enfermedad_idEnfermedad) VALUES ('A2VEY9', 'GRCh38/hg38 21q11.2-22.3(chr21:7749532-46677460)x3');
INSERT IGNORE INTO Genes (Nombre) VALUES ('KRTAP19-4');
INSERT INTO Enfermedad_has_Genes (Enfermedad_idEnfermedad, Genes_Nombre) VALUES ('GRCh38/hg38 21q11.2-22.3(chr21:7749532-46677460)x3', 'KRTAP19-4');
INSERT IGNORE INTO Genes (Nombre) VALUES ('KRTAP19-5');
INSERT INTO Enfermedad_has_Genes (Enfermedad_idEnfermedad, Genes_Nombre) VALUES ('GRCh38/hg38 21q11.2-22.3(chr21:7749532-46677460)x3', 'KRTAP19-5');
INSERT IGNORE INTO Genes (Nombre) VALUES ('KRTAP19-6');
INSERT INTO Enfermedad_has_Genes (Enfermedad_idEnfermedad, Genes_Nombre) VALUES ('GRCh38/hg38 21q11.2-22.3(chr21:7749532-46677460)x3', 'KRTAP19-6');
INSERT IGNORE INTO Genes (Nombre) VALUES ('KRTAP19-7');
INSERT INTO Enfermedad_has_Genes (Enfermedad_idEnfermedad, Genes_Nombre) VALUES ('GRCh38/hg38 21q11.2-22.3(chr21:7749532-46677460)x3', 'KRTAP19-7');
INSERT IGNORE INTO Genes (Nombre) VALUES ('KRTAP19-8');
INSERT INTO Enfermedad_has_Genes (Enfermedad_idEnfermedad, Genes_Nombre) VALUES ('GRCh38/hg38 21q11.2-22.3(chr21:7749532-46677460)x3', 'KRTAP19-8');
INSERT IGNORE INTO Genes (Nombre) VALUES ('KRTAP20-1');
INSERT INTO Enfermedad_has_Genes (Enfermedad_idEnfermedad, Genes_Nombre) VALUES ('GRCh38/hg38 21q11.2-22.3(chr21:7749532-46677460)x3', 'KRTAP20-1');
INSERT IGNORE INTO Genes (Nombre) VALUES ('KRTAP20-2');
INSERT INTO Enfermedad_has_Genes (Enfermedad_idEnfermedad, Genes_Nombre) VALUES ('GRCh38/hg38 21q11.2-22.3(chr21:7749532-46677460)x3', 'KRTAP20-2');
INSERT IGNORE INTO Genes (Nombre) VALUES ('KRTAP20-3');
INSERT INTO Enfermedad_has_Genes (Enfermedad_idEnfermedad, Genes_Nombre) VALUES ('GRCh38/hg38 21q11.2-22.3(chr21:7749532-46677460)x3', 'KRTAP20-3');
INSERT IGNORE INTO Genes (Nombre) VALUES ('KRTAP20-4');
INSERT INTO Enfermedad_has_Genes (Enfermedad_idEnfermedad, Genes_Nombre) VALUES ('GRCh38/hg38 21q11.2-22.3(chr21:7749532-46677460)x3', 'KRTAP20-4');
INSERT IGNORE INTO Genes (Nombre) VALUES ('KRTAP21-1');
INSERT INTO Enfermedad_has_Genes (Enfermedad_idEnfermedad, Genes_Nombre) VALUES ('GRCh38/hg38 21q11.2-22.3(chr21:7749532-46677460)x3', 'KRTAP21-1');
INSERT IGNORE INTO Genes (Nombre) VALUES ('KRTAP21-2');
INSERT INTO Enfermedad_has_Genes (Enfermedad_idEnfermedad, Genes_Nombre) VALUES ('GRCh38/hg38 21q11.2-22.3(chr21:7749532-46677460)x3', 'KRTAP21-2');
INSERT IGNORE INTO Genes (Nombre) VALUES ('KRTAP21-3');
INSERT INTO Enfermedad_has_Genes (Enfermedad_idEnfermedad, Genes_Nombre) VALUES ('GRCh38/hg38 21q11.2-22.3(chr21:7749532-46677460)x3', 'KRTAP21-3');
INSERT IGNORE INTO Sintomas (Descripcion) VALUES ('See cases');
INSERT INTO Sintomas_has_Enfermedad (Sintomas_Descripcion, Enfermedad_idEnfermedad) VALUES ('See cases', 'GRCh38/hg38 21q11.2-22.3(chr21:7749532-46677460)x3');
